anon_id,label,split,y,manifest_duration_s,duration_s,sample_rate,channels,subtype,format,file_bytes,md5,caller_rms_db,caller_peak,caller_clipping_fraction,caller_dc_offset,caller_zero_fraction,agent_rms_db,agent_peak,agent_clipping_fraction,agent_dc_offset,agent_zero_fraction,channel_correlation,n_caller_turns,n_agent_turns,caller_speech_s,agent_speech_s,caller_speech_fraction,mean_caller_turn_s,max_caller_turn_s,first_caller_start_s,last_caller_end_s,median_response_latency_s,std_response_latency_s,overlap_s,trailing_silence_s,vad_leading_silence_s,vad_trailing_silence_s,vad_speech_s,vad_speech_fraction,vad_n_regions,vad_mean_region_s,vad_precision,vad_recall,vad_f1,n_chunks,chunk_seconds,caller_rolloff95_hz,caller_centroid_hz,caller_hf_ratio_db,caller_speech_rms_db,caller_noise_floor_db,caller_snr_db
call_0181ce113ebe,synthetic,train,1,170,170.22,8000,2,PCM_16,WAV,5447084,44848db55e13c8450b3a91b1cd555432,-32.04572677612305,0.9803466796875,0.0,0.00012932688696309924,0.0005228527787569028,-25.511367797851562,0.9178466796875,0.0,-5.6861532357288525e-05,0.028143725766654918,-2.1607638004120287e-05,10,19,48.57999999999997,71.70000000000002,0.2853953706967452,4.857999999999997,11.36,10.5,144.26,3.320000000000009,0.9626962137663173,0.0,25.960000000000008,10.39,25.870000000000005,50.0299999999999,0.29391375866525615,12,4.1691666666666585,0.9644426687974431,0.9932112734005348,0.9786155873112394,16,48.76999999999994,968.75,462.8843155507621,-36.66770553588867,-26.728239059448242,-72.24716186523438,45.51892280578613
call_018c9d3823ac,synthetic,train,1,128,128.22,8000,2,PCM_16,WAV,4103084,1d5d8a8db13fe50fea2c08526a132111,-17.366437911987305,0.9803466796875,0.0,8.300616900669411e-05,0.0008423022929340197,-25.158815383911133,0.8553466796875,0.0,-6.592967110918835e-05,0.0324364373732647,0.0003959178993298578,10,14,43.88000000000003,58.26000000000001,0.3422243019809704,4.3880000000000035,21.64,10.54,106.06,2.5399999999999965,3.839924999267564,3.74,22.159999999999997,10.44,22.060000000000002,45.159999999999926,0.35220714397129876,13,3.4738461538461483,0.9577433628318585,0.9865542388331814,0.9719353390211046,16,43.189999999999955,1359.375,517.6935532190857,-35.48307418823242,-12.834429740905762,-72.24716186523438,59.41273212432861
call_01bf49059daf,synthetic,train,1,216,215.9,8000,2,PCM_16,WAV,6908844,60c7c9d9bb457d0f6504576b8d91f67c,-20.34345817565918,0.9803466796875,0.0,9.517950820736587e-05,0.002830592867068087,-26.327247619628906,0.8553466796875,0.0,-5.556086398428306e-05,0.02741431218156554,-1.053546971060856e-05,10,24,73.37999999999997,86.78000000000006,0.3398795738767946,7.3379999999999965,20.980000000000004,11.6,215.14,3.969999999999999,1.2736545842574432,0.66,0.7600000000000193,11.49,0.6599999999999966,75.33000000000001,0.3489115331171839,10,7.533000000000001,0.9737261146496815,1.0,0.9866881807180314,20,73.07000000000002,1046.875,598.4081199943985,-40.928672790527344,-15.7706298828125,-72.24716186523438,56.476531982421875
call_01c3806808d6,synthetic,train,1,149,149.12,8000,2,PCM_16,WAV,4771884,745645e119ae1a18d75633e2b9f0b65d,-24.62053108215332,0.8865966796875,0.0,0.0001455733727198094,0.0011894782725321888,-25.338550567626953,0.7928466796875,0.0,-5.802309897262603e-05,0.025321050160944207,1.4116890966211199e-05,10,23,24.380000000000006,73.15999999999998,0.16349248927038632,2.4380000000000006,7.600000000000001,11.14,126.4,2.7300000000000004,0.949871570266215,0.0,22.72,11.040000000000001,22.62000000000002,26.279999999999923,0.1762339055793986,10,2.627999999999992,0.9262917933130699,1.0,0.9617357001972386,7,21.799999999999976,2421.875,848.6771851465317,-42.15478515625,-17.081485748291016,-72.24716186523438,55.16567611694336
call_0294f969f98b,synthetic,val,1,109,108.78,8000,2,PCM_16,WAV,3481004,977a304b295749b2153636ab0b4b4fb1,-21.59364891052246,0.9803466796875,0.0,0.00013373490946833044,0.0031462585034013604,-24.58860206604004,0.8240966796875,0.0,-6.895421392982826e-05,0.028204863026291598,-0.0002273680712136218,14,20,17.200000000000006,55.70000000000002,0.15811730097444388,1.228571428571429,3.8400000000000034,5.54,101.88,2.0799999999999983,0.42194883140794687,3.06,6.900000000000006,5.44,6.8100000000000165,20.0399999999999,0.18422504136789758,14,1.4314285714285642,0.8584247258225324,1.0,0.9238197424892703,6,14.590000000000003,1546.875,516.7644798885848,-32.59101867675781,-14.289536476135254,-72.24716186523438,57.95762538909912
call_02c249d2f89d,synthetic,train,1,146,145.94,8000,2,PCM_16,WAV,4670124,faa10c9bfb4d2a1b6e03932220e7f639,-22.31713104248047,0.9803466796875,0.0,0.00011142721632495522,0.0015554337398931068,-25.517702102661133,0.8553466796875,0.0,-5.848957516718656e-05,0.025887350966150472,7.077841975993446e-05,16,23,28.020000000000024,73.21999999999993,0.19199671097711404,1.7512500000000015,5.1800000000000015,10.78,145.02,2.440000000000005,0.6617200597684793,2.2800000000000002,0.9199999999999875,10.67,0.8100000000000023,30.639999999999908,0.20994929423050507,16,1.9149999999999943,0.9035202086049544,0.9878831076265147,0.9438202247191011,12,27.01999999999996,562.5,270.04036854510224,-36.61663818359375,-15.612321853637695,-72.24716186523438,56.63484001159668
call_02d28871d7b3,synthetic,train,1,146,146.66,8000,2,PCM_16,WAV,4693164,ba932dce86f4751f3e6eccf7a0c5d594,-19.555007934570312,0.9803466796875,0.0,0.00012423511361703277,0.0007645233874267012,-25.128002166748047,0.9178466796875,0.0,-6.602719076909125e-05,0.03269211100504568,0.00011198048991153875,11,14,36.36000000000001,64.62,0.24792036001636444,3.305454545454546,8.339999999999998,12.56,145.84,3.4399999999999977,1.0602666123462525,0.0,0.8199999999999932,12.450000000000001,0.7299999999999898,37.46999999999998,0.255488885858448,9,4.16333333333333,0.9544121567581978,0.9845984598459846,0.9692703397861108,12,35.95999999999997,1031.25,515.5580167470528,-42.80023956298828,-13.761045455932617,-72.24716186523438,58.48611640930176
call_03680846967f,synthetic,train,1,174,173.84,8000,2,PCM_16,WAV,5562924,1ae9cdcf0afdde59f3c70a1cdefb69c6,-29.53434181213379,0.9803466796875,0.0,9.79558244580403e-05,0.0010224919466175794,-26.254064559936523,0.8553466796875,0.0,-6.444503378588706e-05,0.0360309767602393,-9.162270850433494e-05,10,13,75.30000000000003,65.76000000000008,0.4331569259088819,7.530000000000003,24.0,9.28,173.1,2.1799999999999855,2.6187752862741034,1.22,0.7400000000000091,9.18,0.6500000000000057,76.88999999999992,0.44230326737229586,11,6.989999999999992,0.9762028608582575,0.9966808284652151,0.9863355669425831,20,73.67999999999998,1093.75,467.67634203984437,-39.07619857788086,-25.991680145263672,-72.24716186523438,46.2554817199707
call_04d682ac0cef,human,train,0,185,185.46,8000,2,PCM_16,WAV,5934764,3e5b1db0ea0b3ab9fcf9f0f37919ebaa,-22.31377410888672,0.9803466796875,0.0,5.306950333761051e-05,0.00041787986627844277,-24.26512908935547,0.7615966796875,0.0,-6.946714711375535e-05,0.020867033322549338,-3.5696428976976376e-05,10,32,32.83999999999998,119.19999999999996,0.17707322333656844,3.283999999999998,5.619999999999997,9.44,159.26,1.0299999999999976,0.20302709178826273,0.32,26.200000000000017,9.34,26.099999999999994,34.23999999999999,0.18462202092095323,9,3.804444444444443,0.9489498249708285,0.9902587519025875,0.96916430805899,11,31.859999999999992,890.625,416.1911415910726,-37.68693542480469,-14.983573913574219,-72.24716186523438,57.263587951660156
call_05d6615469e1,synthetic,train,1,169,168.76,8000,2,PCM_16,WAV,5400364,fe899ed39101d277d6a6ed86a0df41fe,-27.816852569580078,0.6053466796875,0.0,9.188718831865117e-05,0.0004592320455084143,-26.39820098876953,0.9803466796875,0.0,-5.4647913202643394e-05,0.030816692344157383,0.0003346100460045658,27,19,63.41999999999998,60.88000000000001,0.37579995259540167,2.3488888888888884,5.719999999999999,10.54,167.86,6.480000000000004,4.870136200538645,2.14,0.8999999999999773,10.44,0.799999999999983,68.70999999999977,0.4071462431855876,27,2.544814814814806,0.9230433517602561,1.0,0.9599818443150011,25,64.7799999999998,1515.625,516.6590259561165,-40.94109344482422,-23.91444969177246,-72.24716186523438,48.332712173461914
call_0615c3630150,human,train,0,146,146.14,8000,2,PCM_16,WAV,4676524,e48761968c029c2936adae58a0318568,-30.63353729248047,0.8865966796875,0.0,9.776546357898042e-05,0.000682564664020802,-23.979373931884766,0.8865966796875,0.0,-6.059317820472643e-05,0.021008964007116465,-0.00043865124404518784,28,18,50.17999999999997,88.88000000000001,0.3433693718352263,1.7921428571428561,9.34,0.78,138.14,3.6400000000000006,5.310719754164234,17.52,8.0,5.75,9.45999999999998,48.75999999999977,0.3336526618311193,26,1.8753846153846065,0.931161647203442,0.9051981676956782,0.9179963643708342,15,37.26999999999996,2171.875,852.9092504093899,-26.605716705322266,-25.914825439453125,-72.24716186523438,46.33233642578125
call_064d8dd77899,synthetic,train,1,140,140.38,8000,2,PCM_16,WAV,4492204,4a84cb2ecf2e6c893f574cb94f593bab,-23.327302932739258,0.9490966796875,0.0,-3.3985317713813856e-05,0.0005636486679014104,-25.075241088867188,0.8240966796875,0.0,-6.843802839284763e-05,0.027620565607636417,-0.0005515180159560153,12,17,23.6,77.23999999999998,0.1681151161134065,1.9666666666666668,4.479999999999997,11.6,116.46,3.200000000000003,1.5873002936502663,1.44,23.92,11.49,23.820000000000007,25.70999999999994,0.18314574725744368,10,2.570999999999994,0.9097978227060654,0.9906858594411516,0.9485204702067288,8,22.629999999999985,1921.875,631.4848757191066,-34.63056564331055,-16.131103515625,-46.57561111450195,30.444507598876953
call_06b5a78ea12e,synthetic,train,1,133,133.1,8000,2,PCM_16,WAV,4259244,7b2d09852e2b2242071a6a9e4ced94a2,-26.134658813476562,0.7303466796875,0.0,9.359519026475027e-05,0.001181442524417731,-25.797382354736328,0.8865966796875,0.0,-6.32066949037835e-05,0.031188955672426747,7.95336549494584e-05,12,16,51.60000000000001,58.74000000000003,0.3876784372652142,4.300000000000001,19.28,9.28,132.26,2.049999999999997,0.49487091470627037,4.99,0.8400000000000034,9.19,0.7399999999999807,53.129999999999946,0.39917355371900787,10,5.312999999999994,0.963130173062453,0.9918636187524216,0.9772857415537316,16,50.89999999999997,1703.125,594.1376229337602,-40.93761444091797,-22.175140380859375,-72.24716186523438,50.072021484375
call_0847d7417bb1,synthetic,val,1,115,115.4,8000,2,PCM_16,WAV,3692844,83e2f5a404f8372f196540d83deda282,-23.572498321533203,0.9803466796875,0.0,0.00012744950072374195,0.0010799393414211438,-25.603271484375,0.7928466796875,0.0,-5.728485120926052e-05,0.02738518197573657,2.6035942963374014e-05,12,13,26.83999999999999,53.82000000000005,0.23258232235701895,2.236666666666666,8.879999999999995,11.5,114.6,2.6400000000000006,2.465550986426091,0.0,0.8000000000000114,11.44,0.7100000000000222,28.849999999999962,0.24999999999999967,13,2.2192307692307662,0.9246196403872753,0.9951618905842947,0.958594730238394,12,26.50999999999999,1671.875,646.117714249057,-40.79048538208008,-17.551944732666016,-72.24716186523438,54.69521713256836
call_092aef8d1243,human,train,0,135,134.76,8000,2,PCM_16,WAV,4312364,58c242d4ce5c638eeb873d6ef8652522,-30.473087310791016,0.8240966796875,0.0,0.00010349979129387066,0.0007485529830810329,-24.516756057739258,0.7303466796875,0.0,-6.479674630099908e-05,0.022906463342238052,-0.00030112017460534466,27,25,44.68000000000003,88.14,0.3315523894330664,1.6548148148148158,7.560000000000002,0.46,125.74,3.3999999999999986,3.7107025762606543,19.400000000000002,9.019999999999996,0.35,14.590000000000003,44.26999999999996,0.3285099436034429,26,1.7026923076923062,0.910770617395223,0.9034421099687081,0.9070915619389587,12,30.979999999999983,2000.0,784.0551530497295,-30.954654693603516,-25.739139556884766,-72.24716186523438,46.50802230834961
call_098d8081babe,synthetic,train,1,147,147.9,8000,2,PCM_16,WAV,4732844,803d57de8cd35df25e8901f2b654d90a,-19.244548797607422,0.9803466796875,0.0,0.00011979015835095197,0.0010116632860040567,-25.890941619873047,0.8240966796875,0.0,-6.382194987963885e-05,0.03239604462474645,-0.00038731959326555697,9,17,34.840000000000025,67.48,0.2355645706558487,3.871111111111114,6.66,12.26,146.96,3.280000000000001,0.7119300839579983,0.71,0.9399999999999977,12.16,0.8499999999999943,36.579999999999956,0.24732927653820116,9,4.064444444444439,0.9524590163934427,1.0,0.9756507136859782,12,36.22999999999995,2671.875,814.1286017334857,-33.85628128051758,-13.177324295043945,-72.24716186523438,59.06983757019043
call_099dffdf8486,synthetic,train,1,101,101.4,8000,2,PCM_16,WAV,3244844,5c94d628cecfb60c7e8454eb2701fcd9,-20.4958438873291,0.9803466796875,0.0,7.50827239244245e-05,0.002407544378698225,-26.25969696044922,0.6990966796875,0.0,-5.624669574899599e-05,0.030507889546351086,5.760749950914456e-05,12,14,28.439999999999984,41.86,0.28047337278106493,2.3699999999999988,7.880000000000003,11.1,95.16,2.480000000000004,2.2993308205263165,0.76,6.240000000000009,11.01,6.140000000000015,30.08999999999991,0.2967455621301766,13,2.3146153846153776,0.9283106538333886,0.9834739803094233,0.9550964657674578,10,26.54999999999996,531.25,264.1656371188699,-37.49815368652344,-15.26861572265625,-72.24716186523438,56.978546142578125
call_0a9c546208d1,human,train,0,117,117.38,8000,2,PCM_16,WAV,3756204,21334065c2d3a3430492dd327114cd35,-27.523754119873047,0.9490966796875,0.0,-0.00011964122677454725,0.001301329016868291,-23.923049926757812,0.7928466796875,0.0,-6.098016820033081e-05,0.021569901175668767,-2.862942785658292e-05,7,20,19.32000000000002,71.2,0.16459362753450352,2.760000000000003,5.119999999999997,8.88,107.7,1.2999999999999972,0.07917946548886264,0.0,9.679999999999993,8.8,9.590000000000003,20.539999999999964,0.17498722099165073,7,2.9342857142857093,0.9411764705882353,1.0,0.9696969696969697,8,20.539999999999964,1421.875,460.1832814781194,-24.5327091217041,-19.98916244506836,-72.24716186523438,52.257999420166016
call_0ab7d2a0c0f5,human,train,0,129,128.52,8000,2,PCM_16,WAV,4112684,e9c579a5bf0a9c6a2f7bd3aaad411951,-32.16100311279297,0.6678466796875,0.0,0.00011341938807163388,0.0012614768129474011,-23.589923858642578,0.8865966796875,0.0,-6.617579492740333e-05,0.02634998443821973,-0.0004378234105396818,17,19,31.08,69.54,0.2418300653594771,1.828235294117647,9.38,0.84,127.48,1.56,2.039623494667583,4.54,1.0400000000000063,0.9500000000000001,29.87000000000002,27.739999999999966,0.21584189231248027,12,2.311666666666664,0.9315808426359381,0.8321003538115149,0.8790349983010534,9,24.25999999999998,1750.0,565.6500203082671,-26.90958023071289,-25.566009521484375,-72.24716186523438,46.68115234375
call_0cf2f4a71328,synthetic,val,1,159,159.0,8000,2,PCM_16,WAV,5088044,6658482d6b1d42f2ae983801acaa84e3,-26.046283721923828,0.7615966796875,0.0,0.0001057335248333402,0.0009606918238993711,-27.09904670715332,0.6990966796875,0.0,-5.6209923059213907e-05,0.02908018867924528,0.0006190113775304036,17,19,51.52000000000001,65.90000000000002,0.3240251572327045,3.0305882352941182,7.099999999999994,11.64,158.2,4.74,3.0844590918463104,1.86,0.8000000000000114,11.530000000000001,0.710000000000008,54.11999999999984,0.34037735849056505,18,3.006666666666658,0.9477184555699243,0.9955365806326412,0.9710391822827938,22,53.57999999999985,1468.75,558.1828332587897,-39.341148376464844,-21.365962982177734,-72.24716186523438,50.88119888305664
call_0e101713ee94,synthetic,train,1,209,209.34,8000,2,PCM_16,WAV,6698924,5f9955923974edab178decc3f2e18f75,-30.421239852905273,0.9803466796875,0.0,0.00010985759581672028,0.0007887885736123053,-25.494462966918945,0.8240966796875,0.0,-5.694245555787347e-05,0.02707616795643451,-0.0008000071471530797,15,28,75.68000000000004,94.23999999999997,0.361517149135378,5.0453333333333354,11.840000000000003,9.38,182.44,2.1400000000000006,4.98437808446439,3.29,26.900000000000006,9.280000000000001,26.849999999999994,77.73999999999994,0.37135760007643037,18,4.3188888888888854,0.9669538382409669,0.9931325937665082,0.979868395335201,23,73.48999999999997,968.75,441.4724877934419,-37.097755432128906,-26.119354248046875,-72.24716186523438,46.1278076171875
call_0e1e2f29bfdc,human,val,0,130,129.44,8000,2,PCM_16,WAV,4142124,192576edcc5712602e8905e35659bbb7,-31.433752059936523,0.5740966796875,0.0,0.00015885820903349668,0.0015035923980222497,-24.815460205078125,0.8240966796875,0.0,-6.097220830270089e-05,0.019876970024721878,-0.00037434287546781326,12,27,23.960000000000008,79.39999999999998,0.18510506798516693,1.9966666666666673,4.34,4.0,123.16,1.1099999999999994,1.5828130724195524,2.87,6.280000000000001,6.87,6.190000000000012,25.059999999999924,0.19360321384425158,11,2.278181818181811,0.9310207336523126,0.9737281067556297,0.9518956379942927,9,22.639999999999958,2140.625,653.9848137951747,-30.695077896118164,-24.305688858032227,-72.24716186523438,47.94147300720215
call_10aa0d1d33f0,human,val,0,136,136.16,8000,2,PCM_16,WAV,4357164,d3ca978b544bf17fa3be9a2b7d814d58,-26.97242546081543,0.8240966796875,0.0,0.00017495239444542676,0.0013293184488836663,-24.553260803222656,0.7928466796875,0.0,-5.9201993281021714e-05,0.02351736927144536,0.000858707186618568,16,19,25.00000000000003,77.54,0.1836075205640425,1.5625000000000018,3.8800000000000026,10.2,134.18,1.3000000000000007,3.290106143804482,3.67,1.9799999999999898,10.1,1.9599999999999795,27.029999999999955,0.1985164512338422,14,1.9307142857142825,0.9046210720887246,0.9776268477826608,0.9397081413210445,8,21.949999999999978,578.125,280.87951176223874,-34.44235610961914,-19.950559616088867,-72.24716186523438,52.29660224914551
call_10ceaf16fbbf,synthetic,train,1,161,161.3,8000,2,PCM_16,WAV,5161644,a224e3e02dd9cabd57c25215d8e27f5b,-19.42597198486328,0.9803466796875,0.0,8.25438037281856e-05,0.0005207687538747675,-25.711761474609375,0.8553466796875,0.0,-6.567146920133382e-05,0.031439088654680716,6.246582571811985e-06,9,18,37.39999999999998,77.00000000000001,0.23186608803471775,4.155555555555553,9.400000000000006,11.36,129.82,3.5999999999999943,0.5831798739943778,0.22,31.480000000000018,11.25,31.390000000000015,38.96999999999993,0.24159950402975774,10,3.8969999999999927,0.9574358974358974,0.9978621058257616,0.9772310913373462,12,37.04999999999994,1015.625,348.77507203636804,-34.16376876831055,-13.256950378417969,-72.24716186523438,58.990211486816406
call_11d3230256a1,human,train,0,123,123.16,8000,2,PCM_16,WAV,3941164,a953452d92caf38891be6acaab2c3a1f,-26.354236602783203,0.9803466796875,0.0,9.848671470535919e-05,0.0011915394608639168,-23.723155975341797,0.8240966796875,0.0,-6.552495324285701e-05,0.025905326404676843,0.0003816891778247863,13,17,26.180000000000007,69.41999999999999,0.21256901591425795,2.0138461538461545,6.479999999999997,1.86,104.74,1.7000000000000028,1.3123041372945266,2.29,18.42,1.75,19.340000000000003,26.41999999999998,0.21451770055212716,11,2.40181818181818,0.93267776096823,0.9412213740458015,0.9369300911854104,10,24.799999999999983,1718.75,514.8422064742481,-25.659732818603516,-19.712207794189453,-72.24716186523438,52.53495407104492
call_120d6007bcc1,synthetic,val,1,157,157.28,8000,2,PCM_16,WAV,5033004,250378ae1336a72dca5b390b6bc361d6,-19.39569664001465,0.9803466796875,0.0,6.628657138207927e-05,0.0004927517802644964,-25.279766082763672,0.8240966796875,0.0,-5.528089968720451e-05,0.02601252543234995,0.00040263482748719776,16,24,52.72,72.27999999999999,0.33519837232960326,3.295,13.840000000000003,9.74,131.06,2.1799999999999997,4.769339576922573,3.5,26.22,9.64,26.120000000000005,55.81999999999991,0.3549084435401825,16,3.4887499999999942,0.9443051575931232,1.0,0.9713548862485033,18,52.829999999999956,1875.0,485.6728121126232,-32.2750244140625,-14.89687442779541,-72.24716186523438,57.350287437438965
call_1612f093f8b5,human,train,0,131,131.16,8000,2,PCM_16,WAV,4197164,536b765caf0b3dfbb906f6a3d063cd1b,-27.229700088500977,0.9803466796875,0.0,1.295519632549258e-05,0.0007014333638304362,-23.788333892822266,0.9178466796875,0.0,-5.951334969722666e-05,0.023967863677950594,8.043835430584924e-05,45,22,71.79999999999997,71.28000000000003,0.5474229948154923,1.595555555555555,6.740000000000009,0.44,131.16,3.769999999999996,3.2719426774162033,33.7,0.0,0.33999999999999997,0.0,83.64999999999982,0.6377706617871288,43,1.9453488372092982,0.8424444974934352,0.982187586974673,0.9069647905422771,28,68.10999999999987,1281.25,607.8454339378429,-26.996932983398438,-25.31856918334961,-53.59513854980469,28.276569366455078
call_16581bcbc272,human,train,0,102,102.54,8000,2,PCM_16,WAV,3281324,62573e93ef9a58f75135f1ded0569214,-20.52054214477539,0.9803466796875,0.0,9.327697625849396e-05,0.0008326019114491905,-26.632020950317383,0.6990966796875,0.0,-5.7739500334719196e-05,0.025298663936024965,2.506470162612101e-05,15,14,31.420000000000012,48.180000000000035,0.3064170079968794,2.0946666666666673,8.68,0.6,102.54,1.009999999999998,3.5575206339843604,3.5,0.0,3.25,9.54000000000002,32.09999999999994,0.31304856641310647,13,2.4692307692307645,0.9302615193026152,0.9500794912559618,0.9400660689004248,10,27.579999999999988,1468.75,714.0127826298934,-27.163278579711914,-15.570648193359375,-72.24716186523438,56.676513671875
call_1761edbd6952,human,train,0,164,163.94,8000,2,PCM_16,WAV,5246124,1ae76b5cddf0b5cc3db2d63bd4e4ef85,-27.904443740844727,0.9803466796875,0.0,6.778768874937668e-05,0.0008593082835183604,-25.236438751220703,0.8240966796875,0.0,-6.62412348901853e-05,0.029142521654263755,-0.0016157177340970536,36,17,112.42,83.71999999999994,0.6857386848847139,3.122777777777778,40.08,0.52,163.94,6.659999999999997,4.478775197004882,41.15,0.0,0.41000000000000003,0.37999999999999545,92.27999999999977,0.5628888617786981,39,2.3661538461538405,0.9600476396708532,0.7883179231863442,0.8657488771724272,32,82.39999999999989,1046.875,635.1411540256012,-25.927692413330078,-25.41104507446289,-72.24716186523438,46.836116790771484
call_181a5049ecae,synthetic,val,1,142,142.42,8000,2,PCM_16,WAV,4557484,506d73e5b50883a4ed585c5f1c9a5b3c,-24.236982345581055,0.9803466796875,0.0,0.0001346823264611885,0.0008934840612273557,-25.432411193847656,0.8865966796875,0.0,-6.664625834673643e-05,0.029994031737115574,-9.061929670479083e-05,16,18,30.180000000000014,71.03999999999998,0.21190843982586727,1.8862500000000009,5.960000000000001,10.76,141.64,3.1299999999999955,1.628235240989459,1.51,0.7800000000000011,10.65,0.6899999999999693,31.669999999999895,0.2223704535879785,18,1.7594444444444386,0.9161412358133669,0.9619331347236014,0.9384789278217343,13,26.18999999999999,1703.125,591.8658478655294,-40.458980560302734,-17.7325382232666,-72.24716186523438,54.51462364196777
call_185e958a253b,human,val,0,135,135.2,8000,2,PCM_16,WAV,4326444,626bb2781e289e464212d10eb0e4554b,-24.0982666015625,0.9803466796875,0.0,0.00010674877557903528,0.0005741494082840237,-24.234323501586914,0.8553466796875,0.0,-6.829696212662384e-05,0.023339497041420118,-0.0009709759551783175,18,23,30.21999999999999,78.60000000000001,0.22352071005917157,1.6788888888888884,6.680000000000007,0.64,128.16,1.3599999999999994,2.5394122416165463,4.38,7.039999999999992,0.54,6.939999999999998,31.48999999999997,0.23291420118343176,14,2.2492857142857123,0.919175911251981,0.9596293845135672,0.9389671361502347,12,29.52999999999995,1750.0,759.5165220658777,-33.099735260009766,-17.81134796142578,-72.24716186523438,54.435813903808594
call_186e9d6ee732,synthetic,train,1,117,117.22,8000,2,PCM_16,WAV,3751084,ed516046cc4086e38f18f3a758a4de93,-25.57016372680664,0.9803466796875,0.0,-5.4278047173283994e-05,0.0014662600238867088,-24.14859962463379,0.8865966796875,0.0,-6.936725549167022e-05,0.02581577375874424,0.0008261139860623241,11,20,16.499999999999993,67.0,0.140760962293124,1.4999999999999993,4.1800000000000015,9.54,88.1,2.219999999999999,3.1544631899150333,1.8800000000000001,29.120000000000005,9.43,29.02000000000001,18.75999999999999,0.1600409486435761,11,1.7054545454545447,0.8781914893617021,1.0,0.9351458510337015,5,14.259999999999994,1453.125,437.16574381968354,-33.78759765625,-18.431432723999023,-45.01294708251953,26.581514358520508
call_189410107163,synthetic,train,1,196,195.84,8000,2,PCM_16,WAV,6266924,48db83e559cf8d32a939489d21707afc,-20.665851593017578,0.9803466796875,0.0,-3.747192022274248e-05,0.000552108864379085,-26.214277267456055,0.7303466796875,0.0,-5.65563932468649e-05,0.029240068423202613,0.00027149615795793783,40,18,70.08000000000001,82.20000000000005,0.357843137254902,1.7520000000000002,9.62,4.22,194.94,5.569999999999993,9.125953922741447,7.01,0.9000000000000057,4.12,0.789999999999992,81.95999999999972,0.4185049019607829,39,2.1015384615384542,0.8546362860972341,1.0,0.9216214440575521,27,69.4299999999999,1078.125,580.6341414689732,-41.062007904052734,-16.941207885742188,-44.261741638183594,27.320533752441406
call_18bd3c505fd5,synthetic,train,1,141,140.96,8000,2,PCM_16,WAV,4510764,e24f0c3b7f1e8fdf23c36e2086bacdef,-25.591814041137695,0.7303466796875,0.0,0.000124982965644449,0.0008947573779795687,-25.27745819091797,0.6678466796875,0.0,-6.467308412538841e-05,0.027688706015891032,0.00047552076572901844,12,16,35.379999999999995,73.05999999999999,0.2509931895573212,2.948333333333333,5.859999999999999,9.6,140.16,2.960000000000001,3.628493335930065,1.98,0.8000000000000114,9.5,0.700000000000017,37.199999999999946,0.2639046538024968,12,3.0999999999999956,0.9411764705882353,0.9898305084745763,0.9648905410987195,13,35.429999999999986,1937.5,585.6466389948665,-35.548744201660156,-19.838045120239258,-72.24716186523438,52.40911674499512
call_198ef413fe4a,human,val,0,128,127.68,8000,2,PCM_16,WAV,4085804,ba72adb91ee98d24a7cbce8ab1da7f13,-21.835641860961914,0.9803466796875,0.0,0.0001137542276410386,0.004963580827067669,-24.610870361328125,0.9803466796875,0.0,-6.698077049804851e-05,0.0267171835839599,-0.0007488667512841217,11,21,31.080000000000016,70.7,0.24342105263157907,2.825454545454547,6.719999999999999,0.94,121.4,1.1400000000000023,5.185248306494107,1.8800000000000001,6.280000000000001,0.8300000000000001,6.220000000000013,32.99999999999997,0.2584586466165411,11,2.9999999999999973,0.9415682712685437,1.0,0.9699048807110556,10,29.21,1171.875,587.177252508371,-33.688995361328125,-15.959583282470703,-72.24716186523438,56.28757858276367
call_1a2f3635b411,synthetic,train,1,140,140.08,8000,2,PCM_16,WAV,4482604,7a7760d8b401c9ff8d6bac415176c33d,-33.64085006713867,0.9803466796875,0.0,0.0001366548240184784,0.002022951170759566,-25.831295013427734,0.8240966796875,0.0,-6.45965919829905e-05,0.029283266704740147,-5.437639802286764e-06,9,12,34.56,70.44,0.24671616219303255,3.8400000000000003,10.139999999999999,11.98,139.28,2.6599999999999966,0.8702887274553219,0.0,0.8000000000000114,11.88,0.7400000000000091,36.15999999999995,0.2581382067390059,9,4.017777777777772,0.9557644456732098,1.0,0.9773819621147866,12,35.05999999999997,765.625,387.3292451233628,-37.34834671020508,-27.75981903076172,-72.24716186523438,44.487342834472656
call_1ad99899456c,synthetic,train,1,178,178.06,8000,2,PCM_16,WAV,5697964,e7c2d9c64836e8baf9a61ebf04a12d66,-17.644559860229492,0.9803466796875,0.0,8.713568968232721e-05,0.0006963944737728855,-26.35866355895996,0.8240966796875,0.0,-6.249429861782119e-05,0.033934488374705155,0.0005827380925372533,15,20,70.22000000000001,70.77999999999997,0.39436145119622606,4.681333333333334,14.019999999999996,9.88,156.3,2.3400000000000034,3.6342239886941434,2.75,21.75999999999999,9.77,21.650000000000006,72.9899999999999,0.4099180051667971,16,4.5618749999999935,0.9605695509309967,0.9987188612099644,0.9792728034056808,23,70.21999999999994,2250.0,805.9396998400276,-39.66963195800781,-13.80374813079834,-72.24716186523438,58.443413734436035
call_1ba56b3cce45,synthetic,train,1,162,162.4,8000,2,PCM_16,WAV,5196844,ec3a7561433fdbdc7629aa787d87c3cf,-32.00461959838867,0.9803466796875,0.0,0.00011290892871329561,0.0007627770935960591,-25.712482452392578,0.9803466796875,0.0,-5.4363757953979075e-05,0.026323891625615763,-0.00017017896587400152,8,23,55.260000000000026,70.15999999999994,0.34027093596059127,6.907500000000003,15.540000000000006,9.56,161.52,2.6500000000000057,0.3991788446298248,0.14,0.8799999999999955,9.47,0.789999999999992,56.62999999999995,0.3487068965517238,8,7.078749999999994,0.9751103265666372,0.9992764109985528,0.9870454748503529,16,55.76999999999997,890.625,403.4732747461368,-36.468650817871094,-27.497865676879883,-72.24716186523438,44.74929618835449
call_1bf0aa4d4324,human,train,0,164,163.7,8000,2,PCM_16,WAV,5238444,07a57f15a7eb04aed2a359d9a4a136ca,-25.244922637939453,0.9490966796875,0.0,-0.00014109803305473179,0.0012622174709835065,-25.742305755615234,0.8865966796875,0.0,-5.843100370839238e-05,0.02314523518631643,0.00012558764033423754,12,22,40.93999999999998,86.10000000000002,0.2500916310323762,3.4116666666666653,7.240000000000009,9.16,156.92,1.5199999999999996,4.461475528218091,0.0,6.780000000000001,9.05,6.679999999999978,42.45999999999992,0.2593769089798407,12,3.538333333333327,0.9538714991762768,0.989501953125,0.9713600958657879,14,41.68999999999991,953.125,413.69354848246877,-25.317888259887695,-19.384328842163086,-72.24716186523438,52.86283302307129
call_1c1c0cce9fb5,human,val,0,145,144.78,8000,2,PCM_16,WAV,4633004,a7a48bf4c68ac8ecdd4cb29a2c4b5a58,-28.570972442626953,0.5740966796875,0.0,1.9453744243946858e-05,0.0012950683796104435,-24.350988388061523,0.8553466796875,0.0,-6.592286081286147e-05,0.026036054703688354,0.0004042568886129788,26,27,32.12000000000005,84.52000000000001,0.2218538472164667,1.2353846153846173,4.060000000000002,3.92,144.74,1.3599999999999994,2.5034614117257723,7.140000000000001,0.03999999999999204,3.82,0.0,34.54999999999991,0.2386379334162171,22,1.5704545454545416,0.8717874675137164,0.9369956548727498,0.9032161555721765,12,27.229999999999986,1890.625,463.34933683339284,-31.701135635375977,-22.352252960205078,-65.52620697021484,43.173954010009766
call_1cc930924760,synthetic,train,1,118,117.46,8000,2,PCM_16,WAV,3758764,fbd1ee8ca1a17db10ff3b5d4241782e8,-22.885427474975586,0.9803466796875,0.0,-5.5608841648790985e-05,0.0011397497020262217,-30.413917541503906,0.7615966796875,0.0,-5.793273521703668e-05,0.04512706453260684,0.00018894203335465754,25,8,33.020000000000024,18.900000000000006,0.2811169759918272,1.320800000000001,6.399999999999999,4.18,111.44,11.240000000000002,12.971264388639993,3.87,6.019999999999996,4.07,13.02000000000001,38.88999999999983,0.3310914353822564,25,1.5555999999999932,0.8433487416538265,0.992744860943168,0.9119688975284643,15,30.969999999999914,1984.375,646.743826054258,-34.59006881713867,-18.33268928527832,-41.65473937988281,23.322050094604492
call_1ee2936b46a7,synthetic,train,1,105,105.82,8000,2,PCM_16,WAV,3386284,27b1851dd448776b4af4eae352b25ece,-27.736967086791992,0.9490966796875,0.0,0.00011520962289068848,0.0025503213003213003,-24.85711669921875,0.8240966796875,0.0,-6.389354530256242e-05,0.029423785673785674,-0.005083737104469809,10,13,30.940000000000012,51.80000000000001,0.2923832923832925,3.094000000000001,8.639999999999999,9.24,105.0,1.9499999999999957,4.580253704763524,2.88,0.8199999999999932,9.13,0.7199999999999989,32.86999999999994,0.3106218106218101,10,3.286999999999994,0.9413195500152022,1.0,0.9697729052466719,10,29.959999999999987,1343.75,570.2749188964972,-34.467010498046875,-22.659393310546875,-72.24716186523438,49.5877685546875
call_224586045e67,human,train,0,143,142.98,8000,2,PCM_16,WAV,4575404,f8f05399f1dddf6dee2df7299120f0d6,-32.49766540527344,0.3475341796875,0.0,-3.7313278880901635e-05,0.0010718282277241572,-25.204389572143555,0.8240966796875,0.0,-6.35933320154436e-05,0.030123094139040425,-0.00015080333763308992,19,18,45.64000000000002,69.54000000000002,0.3192054832843756,2.402105263157896,6.819999999999993,8.74,142.98,1.1599999999999966,4.367880245535031,3.09,0.0,9.02,0.0,46.49999999999987,0.3252203105329408,20,2.3249999999999935,0.9390427130285469,0.9577495621716288,0.9483038907553918,16,42.759999999999934,1750.0,567.3559711072726,-34.61179733276367,-27.71521759033203,-71.45535278320312,43.740135192871094
call_22d0f235a47e,human,train,0,205,205.3,8000,2,PCM_16,WAV,6569644,ff08b4db2ba7bc13cb4f6a84d8637c97,-31.40105438232422,0.6365966796875,0.0,7.938420458231121e-05,0.0030802484169508036,-26.080381393432617,0.8240966796875,0.0,-5.675778811564669e-05,0.024379566488066245,9.318308194104005e-05,18,34,34.83999999999999,102.38000000000011,0.1697028738431563,1.935555555555555,5.580000000000002,2.46,183.48,2.8799999999999955,3.4788576598193774,2.25,21.82000000000002,12.6,21.710000000000008,34.759999999999984,0.16931320019483673,14,2.4828571428571418,0.9301523426271917,0.9277522935779816,0.9289507679058419,13,33.179999999999986,1328.125,544.143698036822,-19.857973098754883,-23.68881607055664,-72.24716186523438,48.558345794677734
call_22eacbc23d18,human,train,0,160,160.02,8000,2,PCM_16,WAV,5120684,a1abacbb7da2a5bf19f9acc135c7a8d1,-30.815223693847656,0.5740966796875,0.0,0.00013478443725034595,0.0011553243344581928,-24.706165313720703,0.8240966796875,0.0,-6.565170042449608e-05,0.026977096612923385,-0.00037946530376935895,18,17,38.08000000000001,87.43999999999997,0.23797025371828529,2.1155555555555563,9.739999999999998,0.72,160.02,1.4000000000000057,2.0454498011168307,3.21,0.0,0.62,0.0,37.719999999999885,0.23572053493313264,18,2.095555555555549,0.9296296296296296,0.9220676987667279,0.9258332235542089,14,33.18999999999989,1828.125,684.2124343581978,-32.63686752319336,-24.555343627929688,-72.24716186523438,47.69181823730469
call_23991b635849,human,train,0,202,201.32,8000,2,PCM_16,WAV,6442284,a3a1e155bddacc1e477d247af330d833,-26.79055404663086,0.8865966796875,0.0,5.9547779528656974e-05,0.0004004818199880787,-25.49444007873535,0.8553466796875,0.0,-5.781020809081383e-05,0.02167941585535466,0.0004408028058911386,16,29,52.13999999999996,114.55999999999996,0.25899066163322054,3.2587499999999974,11.3,8.68,193.16,1.2600000000000002,2.1093941665795883,3.69,8.159999999999997,8.58,8.139999999999986,53.74999999999995,0.2669878799920522,13,4.134615384615381,0.9550102249488752,0.9844768110387121,0.9695196753798245,19,53.74999999999995,2109.375,820.4406957870402,-26.630245208740234,-21.063692092895508,-72.24716186523438,51.18346977233887
call_24e1989c4d6d,synthetic,train,1,155,155.72,8000,2,PCM_16,WAV,4983084,d90e98229992161f323bedf95943f32b,-25.614625930786133,0.9803466796875,0.0,-3.528590241330676e-05,0.000756164911379399,-25.63422203063965,0.7615966796875,0.0,-5.6491400755476207e-05,0.026642370922167993,-0.0009202131459946187,35,25,35.19999999999999,71.41999999999999,0.22604675057796036,1.0057142857142853,3.9200000000000017,4.0,154.8,2.6400000000000006,5.907939010089624,6.82,0.9199999999999875,3.9,0.8100000000000023,39.70999999999985,0.25500899049576065,28,1.4182142857142803,0.8427530771163024,0.9523133692875391,0.8941897654584222,15,29.90999999999992,1687.5,504.3811180533875,-34.508060455322266,-20.55841827392578,-43.93935775756836,23.380939483642578
call_253156878935,synthetic,train,1,138,138.18,8000,2,PCM_16,WAV,4421804,e90c3a16c2396ebbb4515c0b8ec527b4,-19.568416595458984,0.9803466796875,0.0,0.00015259340580087155,0.0006612751483572152,-24.980693817138672,0.9178466796875,0.0,-6.369379116222262e-05,0.029681393834129398,-7.413697922988859e-05,11,24,22.80000000000002,72.11999999999999,0.16500217108119855,2.0727272727272745,6.099999999999998,11.98,113.86,3.0600000000000023,1.182612320596418,2.38,24.320000000000007,11.870000000000001,24.210000000000022,24.27999999999988,0.17571283832681922,10,2.427999999999988,0.9221902017291066,0.9815950920245399,0.950965824665676,9,21.719999999999906,562.5,277.7658313465484,-34.70173263549805,-12.098915100097656,-72.24716186523438,60.14824676513672
call_26be2ced1f65,synthetic,train,1,210,210.16,8000,2,PCM_16,WAV,6725164,17ac29cc11af168f171f714777dea4cd,-19.278499603271484,0.9803466796875,0.0,0.0001192929339595139,0.0009671202893033879,-25.186092376708984,0.8553466796875,0.0,-6.353006756398827e-05,0.02818150456794823,-0.00019386687706062677,10,28,47.16000000000001,106.74000000000004,0.22440045679482304,4.716000000000001,9.36,11.36,183.7,3.4000000000000057,0.7447308238551685,1.24,26.460000000000008,11.25,26.359999999999985,49.12999999999996,0.23377426722497127,10,4.912999999999996,0.9601139601139601,1.0,0.9796511627906976,16,48.269999999999975,2625.0,853.6100094620001,-34.36091613769531,-12.973325729370117,-72.24716186523438,59.27383613586426
call_2741c273bfcc,synthetic,train,1,191,190.68,8000,2,PCM_16,WAV,6101804,0dd43d629e340dec114d0085efee1048,-28.465744018554688,0.5115966796875,0.0,0.00011193099635420367,0.0012140759387455422,-27.879610061645508,0.7615966796875,0.0,-6.192317232489586e-05,0.03397511537654709,-0.0017743413244997552,24,19,60.63999999999993,69.91999999999996,0.3180197189007758,2.5266666666666637,6.800000000000004,13.14,189.72,7.620000000000012,6.9795670034433765,1.6400000000000001,0.960000000000008,13.030000000000001,0.8600000000000136,65.24999999999977,0.34219634990559983,25,2.609999999999991,0.9279693486590038,0.9985158311345647,0.9619509095241878,25,62.50999999999982,1656.25,535.5491430716359,-41.033443450927734,-23.808616638183594,-72.24716186523438,48.43854522705078
call_290aacdf95ca,synthetic,train,1,134,134.12,8000,2,PCM_16,WAV,4291884,0b4ce00ea18eed2c8564304e418fd64e,-19.94695472717285,0.9803466796875,0.0,7.306368206627667e-05,0.0007661049806143752,-25.47806167602539,0.8240966796875,0.0,-6.590552220586687e-05,0.027754995526394273,0.0001254907687433496,11,16,20.259999999999998,72.28000000000002,0.15105875335520427,1.8418181818181816,3.479999999999997,9.84,127.74,2.559999999999988,1.7027542103387814,0.41000000000000003,6.38000000000001,9.73,6.27000000000001,22.419999999999973,0.1671637339695793,11,2.038181818181816,0.9028953229398664,1.0,0.9489700374531835,10,21.809999999999988,593.75,274.4743000500954,-37.24832534790039,-12.178397178649902,-72.24716186523438,60.06876468658447
call_29a23dea3118,synthetic,train,1,163,162.9,8000,2,PCM_16,WAV,5212844,70cf2df8dc56474e1e9f951a2ce45b00,-22.934303283691406,0.9803466796875,0.0,-3.495396231301129e-05,0.0005724370779619398,-24.261844635009766,0.8865966796875,0.0,-5.692118429578841e-05,0.02537829957028852,-0.00035563772708156847,15,22,38.98000000000004,83.51999999999998,0.23928790669122185,2.598666666666669,7.0,10.26,162.08,2.1000000000000014,0.9025553845732799,0.26,0.8199999999999932,10.16,0.710000000000008,41.72999999999987,0.2561694290976051,15,2.781999999999991,0.9336844625329184,0.9994874423372629,0.9654660230226513,15,39.979999999999876,1953.125,817.5673298121366,-37.82400894165039,-17.04874610900879,-46.359214782714844,29.310468673706055
call_29e423c5b8aa,human,train,0,161,161.54,8000,2,PCM_16,WAV,5169324,28193bd692964bccb80168643d8bc3e2,-24.583642959594727,0.9803466796875,0.0,1.7307966118096374e-05,0.00047975733564442245,-25.21633529663086,0.7303466796875,0.0,-6.959484744584188e-05,0.023035316330320663,-7.460409898202461e-05,35,26,43.93999999999993,98.63999999999999,0.2720069332673018,1.2554285714285693,4.200000000000003,3.48,159.26,2.5600000000000023,3.26218506963836,10.89,2.280000000000001,3.38,2.1699999999999875,47.59999999999993,0.2946638603441868,29,1.641379310344825,0.8866065814294697,0.9615821777676745,0.9225736095965104,15,36.649999999999935,2500.0,1044.1518045362068,-28.462247848510742,-19.331132888793945,-68.26777648925781,48.93664360046387
call_29f2b21b3d8a,synthetic,train,1,140,140.12,8000,2,PCM_16,WAV,4483884,f82fd9917a4d6c2bedb8477e118103ac,-23.915142059326172,0.7928466796875,0.0,9.908074571285397e-05,0.0010535612332286612,-26.048173904418945,0.7303466796875,0.0,-6.544204370584339e-05,0.03357122466457322,-8.470838099481369e-05,9,10,49.260000000000005,62.559999999999995,0.3515558093063089,5.473333333333334,16.980000000000004,10.16,139.34,2.780000000000001,5.701968471014589,0.9,0.7800000000000011,10.06,0.6800000000000068,50.11999999999995,0.3576934056522976,10,5.011999999999995,0.970283207020343,0.9874162776537446,0.9787747711497837,17,50.10999999999994,1750.0,569.7669867862123,-36.739479064941406,-19.46138572692871,-72.24716186523438,52.785776138305664
call_29fddbedd6a4,human,train,0,188,187.52,8000,2,PCM_16,WAV,6000684,d55af91b9f1fef21c084476a977125fd,-23.051109313964844,0.9803466796875,0.0,9.208262781612575e-05,0.0031843270051194537,-25.129684448242188,0.8553466796875,0.0,-6.390602356987074e-05,0.025740587670648463,-0.0001503498858156208,18,27,44.90000000000003,97.76,0.2394411262798636,2.494444444444446,8.499999999999998,9.38,179.02,1.6800000000000033,2.436411295327619,2.0100000000000002,8.5,9.280000000000001,8.439999999999998,47.64999999999996,0.2541062286689418,17,2.8029411764705863,0.9354433032907148,0.9935440783615316,0.9636186980459894,16,43.989999999999995,781.25,504.6060706736289,-36.034080505371094,-17.118009567260742,-72.24716186523438,55.12915229797363
call_2a34be1bd407,human,train,0,162,162.74,8000,2,PCM_16,WAV,5207724,17a0a128d294e14787a8f47a34ea89be,-30.237464904785156,0.5740966796875,0.0,6.832204235251993e-05,0.002562369423620499,-25.336286544799805,0.8553466796875,0.0,-6.547562225023285e-05,0.028360421531276884,-5.404490942103574e-05,20,24,32.42,84.94000000000004,0.1992134693375937,1.621,6.0600000000000005,4.14,157.2,2.6999999999999957,1.8058889777613698,1.9000000000000001,5.5400000000000205,12.67,24.680000000000007,34.2899999999999,0.21070419073368502,16,2.1431249999999937,0.9131954558695019,0.9649122807017544,0.9383418138281951,14,32.3199999999999,1859.375,614.8839515563227,-25.73911476135254,-23.474639892578125,-72.24716186523438,48.77252197265625
call_2cd6a0b37e59,synthetic,train,1,115,114.32,8000,2,PCM_16,WAV,3658284,cb03430bedd60278284b4f8c6faa8721,-21.015857696533203,0.9803466796875,0.0,0.0001105856426875107,0.0010168824352694192,-25.02233123779297,0.9490966796875,0.0,-5.774087549070828e-05,0.02337189468159552,0.00023652551210772134,6,19,18.079999999999995,63.580000000000005,0.15815255423372984,3.0133333333333323,13.079999999999998,5.0,113.52,1.6299999999999955,0.24073960113690326,1.08,0.7999999999999972,4.890000000000001,0.7000000000000028,19.329999999999984,0.16908677396780952,6,3.221666666666664,0.9348500517063082,1.0,0.9663281667557456,7,17.81999999999998,1375.0,360.16817043410725,-32.94216537475586,-13.29698371887207,-72.24716186523438,58.950178146362305
call_2d2c74bdeb7b,human,train,0,150,149.2,8000,2,PCM_16,WAV,4774444,1762966e4359f737e505e172d4d960d2,-25.612781524658203,0.7928466796875,0.0,-0.0001831224508350715,0.0008738270777479892,-25.656110763549805,0.6990966796875,0.0,-5.6808818044373766e-05,0.024501508042895442,-1.7408089056682662e-05,11,23,38.14000000000002,82.75999999999996,0.25563002680965163,3.467272727272729,8.480000000000004,8.62,119.44,1.8200000000000074,3.296960784301679,1.42,29.75999999999999,8.52,29.689999999999998,39.8299999999999,0.2669571045576401,12,3.3191666666666584,0.946312092323131,0.9887287024901704,0.9670555057043969,12,37.99999999999997,953.125,412.70215747188985,-27.877281188964844,-19.877405166625977,-71.83323669433594,51.95583152770996
call_2d4374d86df7,synthetic,val,1,172,172.18,8000,2,PCM_16,WAV,5509804,ffa40e0302ac79c4e0ea1a4ad9cfdf30,-23.07988166809082,0.9803466796875,0.0,-2.8661408578045666e-05,0.0006185387385294459,-26.507965087890625,0.8240966796875,0.0,-6.303808186203241e-05,0.03491622139621327,-0.0004683845192981663,44,11,46.85999999999991,62.52000000000004,0.2721570449529557,1.064999999999998,4.339999999999996,3.38,171.3,9.709999999999997,10.374969839645498,9.1,0.8799999999999955,3.28,0.5900000000000034,64.35999999999973,0.37379486583807486,47,1.3693617021276538,0.7161680359634165,0.98486463440631,0.8292945611200861,23,47.25999999999988,1796.875,622.3732592391085,-38.07488250732422,-19.04779815673828,-42.56724166870117,23.51944351196289
call_30c4f6565eec,synthetic,train,1,128,128.02,8000,2,PCM_16,WAV,4096684,eb8d0297cec8f7c3c3838574331ecd27,-22.23868179321289,0.9803466796875,0.0,0.00010134174226550385,0.0006053741602874551,-26.375581741333008,0.8240966796875,0.0,-5.8876255934592336e-05,0.02661400562412123,0.0013881545741127718,10,18,37.65999999999998,59.1,0.2941727855022651,3.7659999999999982,9.439999999999998,10.14,118.72,1.9199999999999982,1.5361835827790897,1.9000000000000001,9.300000000000011,10.030000000000001,9.200000000000017,39.52999999999994,0.30877987814403945,10,3.9529999999999936,0.9509853461344113,0.9989384288747346,0.9743722495469842,12,36.62999999999999,1906.25,638.9018280846004,-35.69773864746094,-17.13520050048828,-72.24716186523438,55.111961364746094
call_312805f2b67f,synthetic,train,1,132,132.66,8000,2,PCM_16,WAV,4245164,1a66449f3d72538083418fe8ec0274a3,-22.680164337158203,0.9803466796875,0.0,0.00010263531294185668,0.0005842002110658828,-24.89158821105957,0.7615966796875,0.0,-5.676462751580402e-05,0.025620006030453793,0.00024356575548581654,16,17,25.459999999999976,66.93999999999998,0.19191919191919174,1.5912499999999985,2.980000000000004,10.86,131.82,3.079999999999999,2.7108531867292265,0.9400000000000001,0.8400000000000034,10.75,0.7399999999999807,28.679999999999907,0.2161917684305737,16,1.7924999999999942,0.8868778280542986,1.0,0.9400479616306955,14,27.09999999999991,500.0,245.3147085076926,-37.999732971191406,-16.028593063354492,-72.24716186523438,56.21856880187988
call_3332ecee2806,human,train,0,140,140.2,8000,2,PCM_16,WAV,4486444,cf7390cda6219d58641c71d3fa38f360,-29.319217681884766,0.5115966796875,0.0,0.000132744709844701,0.0006838445078459343,-25.668167114257812,0.7303466796875,0.0,-5.9632151533151045e-05,0.024830599144079885,0.00042219540981659314,37,22,54.699999999999996,73.35999999999999,0.39015691868758917,1.4783783783783782,10.400000000000006,2.74,139.7,3.189999999999997,3.8864984319729756,17.580000000000002,0.5,6.0200000000000005,0.8299999999999841,52.16999999999987,0.37211126961483504,28,1.863214285714281,0.9204132389515974,0.879042572629271,0.8992523364485981,16,41.46999999999994,1718.75,637.1157919860678,-28.252695083618164,-25.027057647705078,-72.24716186523438,47.2201042175293
call_349b9fddaff0,human,train,0,147,147.0,8000,2,PCM_16,WAV,4704044,a6c28eff54cf7ab032c95ef2269263b1,-29.965726852416992,0.9490966796875,0.0,6.956347351660952e-05,0.0018656462585034013,-24.174331665039062,0.7928466796875,0.0,-6.566741649294272e-05,0.02569642857142857,-0.00016166413082694412,16,20,33.38,83.88,0.2270748299319728,2.08625,6.199999999999996,1.02,137.92,1.3999999999999995,1.751151494176207,5.14,9.080000000000013,0.92,9.019999999999982,34.21999999999997,0.23278911564625832,16,2.138749999999998,0.9285088999124599,0.9526946107784431,0.9404462834343136,12,29.11999999999999,1500.0,491.4109936634476,-27.24411964416504,-23.636262893676758,-72.24716186523438,48.61089897155762
call_34f4c668dbe8,human,train,0,223,223.36,8000,2,PCM_16,WAV,7147564,5a0ac8b932345ffaed362a72a21f682b,-29.081077575683594,0.6990966796875,0.0,2.7659560146275908e-05,0.0004874417979942693,-23.92803382873535,0.9178466796875,0.0,-6.730829773005098e-05,0.021796651146131805,0.000610438769596792,63,25,126.14000000000006,139.23999999999998,0.5647385386819487,2.002222222222223,12.279999999999987,0.66,223.36,5.0600000000000005,4.752183175568623,57.06,0.0,0.56,0.0,117.06999999999977,0.5241314469914029,59,1.9842372881355892,0.9353875042676681,0.8681771369721936,0.9005300135584864,41,98.53999999999984,1312.5,618.7159268324486,-33.24835205078125,-26.276573181152344,-72.24716186523438,45.97058868408203
call_35966c559fcc,human,train,0,99,99.7,8000,2,PCM_16,WAV,3190444,ee6366f68fbcb85fb87e3ba5f0ccb86a,-27.814197540283203,0.5428466796875,0.0,0.000147037033457309,0.0009190070210631896,-25.091861724853516,0.9490966796875,0.0,-6.541229959111661e-05,0.03341023069207623,-0.0006014656187130319,19,13,36.17999999999999,46.860000000000014,0.3628886659979939,1.9042105263157891,11.820000000000007,5.64,99.7,3.129999999999999,7.179303587396208,8.84,0.0,8.58,0.0,36.139999999999944,0.3624874623871609,15,2.4093333333333296,0.945273631840796,0.9444904722452361,0.9448818897637795,11,31.08999999999999,906.25,412.95287418939915,-30.93216896057129,-23.407550811767578,-72.24716186523438,48.8396110534668
call_36640e327eaf,human,train,0,159,158.96,8000,2,PCM_16,WAV,5086764,2d00273030ab479c030a84da18366982,-31.654090881347656,0.8240966796875,0.0,9.449486969970167e-05,0.0004875440362355309,-24.5794677734375,0.7615966796875,0.0,-5.849090302945115e-05,0.020763085052843484,0.00010246157223691525,44,28,60.69999999999997,95.30000000000003,0.3818570709612479,1.3795454545454537,8.14,1.12,158.96,3.0,3.4483733477203002,20.740000000000002,0.0,9.18,0.0,56.47999999999964,0.3553095118268724,39,1.448205128205119,0.921443736730361,0.8564380858411446,0.8877524929685502,18,39.11999999999985,1781.25,729.1806679631868,-27.591392517089844,-27.192609786987305,-72.24716186523438,45.05455207824707
call_36d72e4b1aef,synthetic,val,1,142,142.92,8000,2,PCM_16,WAV,4573484,399c509df31de65d0c997176e750e60b,-19.874292373657227,0.9803466796875,0.0,9.206979302689433e-05,0.0007005667506297229,-26.570537567138672,0.7303466796875,0.0,-5.716536907129921e-05,0.02980338650993563,0.00027042729655149013,12,18,38.46000000000001,65.52000000000001,0.26910159529806893,3.2050000000000005,5.980000000000004,10.98,142.1,3.2700000000000005,1.7410437482537129,0.8300000000000001,0.8199999999999932,10.88,0.7199999999999704,40.86999999999994,0.28596417576266403,12,3.4058333333333284,0.9410613842015163,1.0,0.9696358825752803,14,39.53999999999996,1812.5,497.5492550789992,-32.28641891479492,-14.437427520751953,-72.24716186523438,57.80973434448242
call_373750027ccd,synthetic,train,1,149,149.34,8000,2,PCM_16,WAV,4778924,5a8b76d9c3f864fcd3b82655dfd458c6,-18.144428253173828,0.9803466796875,0.0,8.146726031554863e-05,0.0011693116378733092,-25.664962768554688,0.8240966796875,0.0,-6.611907156184316e-05,0.03242098567028258,0.00019816703204617993,13,17,47.95999999999999,68.15999999999998,0.32114637739386626,3.689230769230768,11.819999999999993,9.38,148.62,2.0799999999999983,2.504895089276998,2.24,0.7199999999999989,9.3,0.6200000000000045,50.579999999999885,0.3386902370429884,13,3.890769230769222,0.9476388065599683,1.0,0.9731155523993101,14,47.33999999999992,703.125,504.06573883099156,-43.60905456542969,-13.442464828491211,-72.24716186523438,58.804697036743164
call_374f870c8124,synthetic,train,1,116,116.3,8000,2,PCM_16,WAV,3721644,ff6e3ecbccecc2cb3cecd5024d95baa0,-20.605649948120117,0.9803466796875,0.0,-4.3539635953493416e-05,0.0008501719690455718,-26.078502655029297,0.7928466796875,0.0,-5.556600081035867e-05,0.0325451418744626,0.0011980134763831926,24,13,28.320000000000014,43.15999999999998,0.24350816852966478,1.1800000000000006,4.640000000000001,4.2,108.12,5.289999999999999,6.464639716694711,6.71,8.179999999999993,4.1000000000000005,8.080000000000013,32.75999999999986,0.28168529664660247,22,1.4890909090909028,0.8498781973203411,0.9834390415785764,0.9117935315256452,11,23.369999999999923,671.875,492.3053756398274,-43.32460021972656,-15.205992698669434,-44.852386474609375,29.64639377593994
call_37e63dcc8185,synthetic,train,1,143,143.74,8000,2,PCM_16,WAV,4599724,81e089c59411e6d5712be874b7858f68,-18.384719848632812,0.9803466796875,0.0,0.00010793995897984132,0.0033715388896618896,-26.138830184936523,0.6678466796875,0.0,-5.436922947410494e-05,0.028539376652288857,-0.0018339329765552194,10,23,41.72,63.53999999999997,0.2902462780019479,4.172,11.14,12.24,116.88,3.75,2.4553134219484076,3.79,26.860000000000014,12.15,26.750000000000014,43.04999999999995,0.299499095589258,9,4.783333333333328,0.9632984901277584,0.9940076701821668,0.9784121741182022,14,42.28999999999996,2625.0,837.331907754341,-34.430320739746094,-13.175755500793457,-72.24716186523438,59.07140636444092
call_387c5493a07f,synthetic,train,1,165,165.2,8000,2,PCM_16,WAV,5286444,5145baefdc599b4cf6220587cadce746,-22.16106414794922,0.9803466796875,0.0,8.685557986609638e-05,0.0008073547215496368,-26.485801696777344,0.7928466796875,0.0,-5.391211016103625e-05,0.025752118644067797,0.00014051033902551968,12,26,39.699999999999996,73.36000000000001,0.2403147699757869,3.308333333333333,8.299999999999999,11.88,164.38,4.360000000000002,3.113620168799585,0.84,0.8199999999999932,11.780000000000001,0.7199999999999704,41.99999999999996,0.254237288135593,13,3.2307692307692273,0.9429115128449096,0.9979859013091642,0.9696673189823874,14,39.719999999999956,656.25,287.0159081893392,-34.74786376953125,-16.213485717773438,-72.24716186523438,56.03367614746094
call_39880aff21ed,synthetic,train,1,192,191.22,8000,2,PCM_16,WAV,6119084,2c15e4ac1483438025de01ed12739985,-21.01783561706543,0.9803466796875,0.0,-5.828407302033156e-05,0.0006014015270369208,-26.728246688842773,0.8865966796875,0.0,-5.540325946640223e-05,0.029696815186695952,-0.00029392209237541565,19,18,63.36000000000003,76.98000000000005,0.33134609350486366,3.3347368421052646,7.420000000000002,12.28,190.42,6.060000000000002,6.295208044324639,0.79,0.8000000000000114,12.17,0.7299999999999898,66.9799999999999,0.3502771676602861,20,3.3489999999999953,0.9442040877219156,0.9984224641110585,0.9705566630884833,21,63.269999999999946,2015.625,654.0236370054498,-35.841094970703125,-16.47440528869629,-47.25348663330078,30.779081344604492
call_3adbf4ac0f30,human,train,0,167,167.38,8000,2,PCM_16,WAV,5356204,0c15b83fce0da42f222fb88331bd1655,-31.410579681396484,0.2850341796875,0.0,-7.666725286981091e-05,0.001365903931174573,-25.496917724609375,0.9803466796875,0.0,-6.658321944996715e-05,0.03258080415820289,0.0002379094840702275,24,18,60.639999999999986,76.3,0.36228940136216986,2.526666666666666,9.26,8.74,166.16,3.719999999999995,4.610746429688894,2.6,1.2199999999999989,8.65,1.1299999999999955,61.959999999999816,0.37017564822559335,24,2.581666666666659,0.9383672152307196,0.958470665787739,0.9483124082830588,22,57.629999999999875,1937.5,586.0417643103257,-37.01179122924805,-27.096576690673828,-68.35551452636719,41.25893783569336
call_3b1bf9fab29d,human,train,0,123,122.96,8000,2,PCM_16,WAV,3934764,1302819b455fe169b2d1c39c6c0a4596,-34.42993927001953,0.7928466796875,0.0,0.00013644417049363256,0.0007177130774235524,-24.075119018554688,0.7303466796875,0.0,-6.800473784096539e-05,0.026768867924528303,0.00014427063441178745,11,14,22.519999999999996,70.61999999999998,0.18314899154196485,2.047272727272727,4.880000000000001,0.78,117.3,1.3100000000000023,0.2241517343229804,2.24,5.659999999999997,0.74,5.63000000000001,23.38999999999995,0.1902244632400777,12,1.9491666666666625,0.9223880597014925,0.9604795737122558,0.9410485098977595,9,20.549999999999965,2031.25,881.1536141593162,-25.27260971069336,-27.22366714477539,-72.24716186523438,45.023494720458984
call_3b9afdd4a2df,human,val,0,156,156.28,8000,2,PCM_16,WAV,5001004,0dbd0ed6ca7af4c691110e37eac0f1a9,-25.371768951416016,0.9803466796875,0.0,9.130600665230304e-05,0.000495904786281034,-24.25396728515625,0.7928466796875,0.0,-6.739421223755926e-05,0.02233571154338367,-0.00029624760422305047,25,27,29.039999999999985,96.97999999999998,0.18582032249808028,1.1615999999999993,3.0200000000000102,1.42,155.44,1.5800000000000054,2.3555854132017573,8.52,0.8400000000000034,1.3199999999999998,0.75,31.879999999999963,0.20399283337599158,23,1.3860869565217375,0.8742571160462934,0.9611416781292985,0.9156429156429157,11,23.04999999999996,1781.25,735.1162998085181,-37.46778869628906,-18.468795776367188,-72.24716186523438,53.77836608886719
call_3ca96b2dd5c4,human,train,0,212,211.9,8000,2,PCM_16,WAV,6780844,8d2bb92c47e761ce599bc500f307eaba,-26.835786819458008,0.9803466796875,0.0,2.9726987122558057e-05,0.001146177442189712,-24.094852447509766,0.8865966796875,0.0,-6.032154487911612e-05,0.020737966021708354,-0.0011702308184065153,25,36,57.179999999999964,124.6,0.2698442661632844,2.2871999999999986,7.160000000000011,2.9,203.38,1.5899999999999999,4.67958925073083,12.23,8.52000000000001,2.81,8.430000000000007,59.95999999999991,0.282963662104766,26,2.3061538461538427,0.9318787475016655,0.9778049632995456,0.9542896128261982,21,54.1999999999999,765.625,484.58785179330135,-28.678884506225586,-21.356426239013672,-72.24716186523438,50.8907356262207
call_3cd08cbaf55c,synthetic,train,1,139,139.64,8000,2,PCM_16,WAV,4468524,6667ae3ac1a5988655d0a5e549cbc23e,-27.14019012451172,0.7303466796875,0.0,0.00011633613758021966,0.0006015468347178458,-25.854251861572266,0.7303466796875,0.0,-6.348143506329507e-05,0.0313269836723002,0.000470731104858241,14,19,40.860000000000014,60.68,0.2926095674591809,2.9185714285714295,11.06,9.9,138.82,2.2699999999999996,5.041198634597667,1.92,0.8199999999999932,9.790000000000001,0.7699999999999818,43.18999999999993,0.3092953308507586,13,3.3223076923076866,0.9393939393939394,0.9931523599902177,0.9655254398478365,14,41.609999999999935,1656.25,571.0029529557607,-41.67869567871094,-22.1181583404541,-72.24716186523438,50.12900352478027
call_3d69be34ef44,human,train,0,146,146.1,8000,2,PCM_16,WAV,4675244,340e280f2a0b7db1d675a00dce49426f,-33.15665054321289,0.2850341796875,0.0,-1.599520146555733e-05,0.0008624229979466119,-24.997512817382812,0.8865966796875,0.0,-5.583996244240552e-05,0.024674880219028063,-0.00020754825817729744,17,25,37.87999999999996,77.34000000000002,0.2592744695414097,2.2282352941176446,7.559999999999999,9.46,146.1,1.0399999999999991,4.290482587128145,3.27,0.0,9.360000000000001,6.579999999999984,38.15999999999992,0.2611909650924019,17,2.244705882352936,0.9369109947643979,0.9440780796623582,0.9404808829325976,17,36.489999999999924,1546.875,540.5829382119823,-33.79253005981445,-27.357677459716797,-71.83323669433594,44.47555923461914
call_3f3ac4984431,human,train,0,175,174.14,8000,2,PCM_16,WAV,5572524,cc299e4f80fe3e502273c45872f35413,-32.07315444946289,0.2850341796875,0.0,-3.0745137337362394e-05,0.0006209084644538877,-24.960439682006836,0.8553466796875,0.0,-6.42978266114369e-05,0.028743396118065923,0.0006568738329990004,21,20,53.859999999999985,81.50000000000004,0.3092913747559434,2.564761904761904,8.200000000000003,9.24,174.14,1.6200000000000045,4.75012638571566,0.46,0.0,9.26,0.0,56.2799999999999,0.3231882393476508,22,2.5581818181818137,0.9421575585521647,0.9851576994434137,0.9631779430437148,20,52.72999999999993,2000.0,588.833364292561,-36.55803298950195,-27.187381744384766,-71.45535278320312,44.26797103881836
call_415d987a1504,synthetic,train,1,124,124.76,8000,2,PCM_16,WAV,3992364,c1d5df3c2792c39ab0fa336af8fbd78e,-23.05126953125,0.9490966796875,0.0,0.00014583456504624337,0.0011431949342738056,-24.948795318603516,0.7615966796875,0.0,-6.70580702717416e-05,0.027881532542481564,5.107630243723361e-05,15,17,18.939999999999998,62.53999999999999,0.15181147803783263,1.2626666666666666,3.619999999999999,11.64,101.04,2.740000000000002,1.5254615330741357,0.0,23.72,11.530000000000001,23.62000000000002,21.83999999999989,0.17505610772683464,16,1.364999999999993,0.862368541380887,0.9952506596306069,0.9240568348848603,9,16.879999999999995,968.75,571.9438811935995,-43.82026672363281,-15.483085632324219,-72.24716186523438,56.764076232910156
call_41fc5fd779c9,synthetic,train,1,77,77.18,8000,2,PCM_16,WAV,2469804,d6ed4141b996eb2637cc62a21ccfd5e3,-24.203125,0.9490966796875,0.0,0.00014566470053978264,0.0010041461518528116,-23.862878799438477,0.8240966796875,0.0,-6.977110024308786e-05,0.02679612593936253,0.001290254567059614,8,16,12.7,46.420000000000016,0.16455040165846072,1.5875,4.620000000000001,10.1,60.34,1.8200000000000012,2.083493160535931,2.7800000000000002,16.840000000000003,10.0,16.740000000000002,14.320000000000045,0.18554029541332007,8,1.7900000000000056,0.8844011142061281,1.0,0.9386548410938654,5,11.390000000000022,2015.625,665.803349503724,-35.85898971557617,-16.887561798095703,-72.24716186523438,55.35960006713867
call_450b4e13468b,synthetic,train,1,142,141.78,8000,2,PCM_16,WAV,4537004,d1e3517b1db3a97588865e71bde3b944,-20.774520874023438,0.9803466796875,0.0,0.00011278158490313217,0.0008278671180702497,-25.430362701416016,0.8865966796875,0.0,-5.2592346037272364e-05,0.02805402736634222,0.00012722647031074174,12,15,45.820000000000036,59.559999999999974,0.3231767527154749,3.8183333333333365,12.900000000000006,11.08,140.86,3.360000000000002,3.600095677740924,2.56,0.9199999999999875,10.98,0.8199999999999932,47.44999999999996,0.33467343772041164,14,3.3892857142857116,0.955770850884583,0.9897491821155944,0.972463302260795,15,44.54999999999994,1015.625,487.8066967777297,-41.4228515625,-16.0207576751709,-72.24716186523438,56.22640419006348
call_4789ebd9b148,synthetic,train,1,134,133.3,8000,2,PCM_16,WAV,4265644,0aaa1093dbe5a1e9fab0b289e72fb7c2,-29.984376907348633,0.9803466796875,0.0,-2.5278535758843645e-05,0.0005813953488372093,-26.270915985107422,0.6990966796875,0.0,-5.769230119767599e-05,0.0238503375843961,-0.0002298657113625987,22,21,33.82,63.400000000000006,0.25371342835708927,1.5372727272727273,5.039999999999999,9.96,120.16,2.789999999999999,2.612709558996066,1.94,13.140000000000015,9.85,23.43000000000002,36.43999999999995,0.27336834208552097,20,1.8219999999999974,0.8995896032831737,0.971344165435746,0.9340909090909091,12,29.02000000000001,1265.625,488.3609256858933,-36.33315658569336,-25.106332778930664,-47.73638153076172,22.630048751831055
call_47bef2f628eb,human,val,0,146,145.9,8000,2,PCM_16,WAV,4668844,6f7a2673c89f20ebcd3288bcb8f9fd8a,-28.731348037719727,0.6678466796875,0.0,2.4770484742475674e-05,0.0009518505825908156,-25.369728088378906,0.8240966796875,0.0,-6.0614835092565045e-05,0.023857950651130912,9.874695288592538e-05,14,27,28.54000000000005,80.77999999999999,0.19561343385880772,2.0385714285714323,4.860000000000003,1.28,139.08,1.2800000000000011,0.4910030790826461,1.82,6.819999999999993,1.18,6.719999999999999,31.50999999999995,0.21596984235777894,14,2.250714285714282,0.9055168040583386,1.0,0.9504159733777038,11,28.439999999999973,1375.0,439.0527060539794,-33.592708587646484,-22.087509155273438,-64.84355163574219,42.75604248046875
call_486215b37ca1,human,train,0,140,140.26,8000,2,PCM_16,WAV,4488364,2f7903bfbe7e38b33530f907cb0bed27,-27.518478393554688,0.9803466796875,0.0,1.3433304047794081e-05,0.0009696278340225296,-25.42816925048828,0.7303466796875,0.0,-6.0702259361278266e-05,0.026155889063168403,0.0016316117997415714,46,20,83.63999999999996,69.41999999999996,0.5963211179238554,1.8182608695652165,7.140000000000001,0.84,140.26,6.190000000000005,3.893949852597675,36.6,0.0,2.55,0.0,101.0599999999997,0.7205190360758571,32,3.1581249999999907,0.8185144891702106,0.9887694145758662,0.895622531248309,33,94.1799999999998,2093.75,673.2013302339881,-22.735321044921875,-26.167774200439453,-61.33052062988281,35.16274642944336
call_488e7b893457,human,train,0,155,155.0,8000,2,PCM_16,WAV,4960044,cdf46631caee1cc90590af26c7961bc8,-33.81339645385742,0.5428466796875,0.0,0.00012212219007778913,0.0005330645161290323,-24.923995971679688,0.9178466796875,0.0,-6.553610728587955e-05,0.02753467741935484,-4.611497718774032e-05,19,19,32.70000000000006,82.90000000000006,0.21096774193548426,1.7210526315789505,6.919999999999998,8.76,154.74,1.5,2.4395108723674284,1.28,0.2599999999999909,8.65,0.22999999999998977,34.179999999999964,0.22051612903225784,18,1.8988888888888869,0.915303738317757,0.9575313168347083,0.9359414663282066,13,30.299999999999976,2625.0,1098.1137239286347,-27.959680557250977,-27.28440284729004,-72.24716186523438,44.962759017944336
call_4ac92327c83b,human,train,0,152,151.84,8000,2,PCM_16,WAV,4858924,30b1666158bb0a31f45c12b9cbf5ed62,-21.3432674407959,0.9803466796875,0.0,8.303397771669552e-05,0.0026187104847207585,-26.250263214111328,0.6678466796875,0.0,-5.51319208170753e-05,0.030228365384615385,0.0005758838826024018,17,19,54.72000000000004,60.39999999999997,0.3603793466807168,3.2188235294117673,10.620000000000001,1.08,151.74,1.5600000000000023,5.427733758208852,3.92,0.09999999999999432,0.9700000000000001,0.009999999999990905,57.689999999999955,0.379939409905163,17,3.3935294117647032,0.9461565096952909,0.9983558640847643,0.9715555555555555,17,52.39999999999997,937.5,564.5766911439424,-38.74823760986328,-17.14279556274414,-72.24716186523438,55.104366302490234
call_4affad158a4c,synthetic,val,1,165,164.7,8000,2,PCM_16,WAV,5270444,810d598be0440e49409221b70bff68b5,-21.929092407226562,0.9803466796875,0.0,-3.883959288941696e-05,0.0009949908925318762,-25.268600463867188,0.8240966796875,0.0,-6.758633389836177e-05,0.029641013964784458,-2.610553849974722e-05,20,18,28.18,85.50000000000001,0.1710989678202793,1.409,4.659999999999997,10.64,163.76,4.219999999999999,2.253733568991685,0.42,0.9399999999999977,10.540000000000001,0.839999999999975,31.699999999999896,0.19247115968427383,20,1.5849999999999949,0.8757079924480805,0.987229514012061,0.928130732032683,12,25.880000000000017,1843.75,498.42130349747396,-32.557865142822266,-14.822237014770508,-48.27083969116211,33.4486026763916
call_4b1bec58d02d,synthetic,train,1,213,213.5,8000,2,PCM_16,WAV,6832044,8b445181ebdbb3c3db7c054a1b6e9b54,-18.895816802978516,0.9803466796875,0.0,-8.219698793254793e-05,0.00042857142857142855,-27.3818302154541,0.8865966796875,0.0,-6.0784583183703944e-05,0.036139929742388756,-0.00035425165720070974,42,16,59.740000000000045,71.95999999999998,0.2798126463700236,1.4223809523809534,12.460000000000008,4.32,212.56,5.729999999999997,5.769634108849538,5.75,0.9399999999999977,4.220000000000001,0.8400000000000034,66.14999999999984,0.3098360655737697,39,1.696153846153842,0.8813763960156957,0.9757727652464494,0.9261755610181588,23,52.44999999999992,1265.625,357.56810591686207,-33.713890075683594,-14.01065731048584,-41.15625,27.14559268951416
call_4baef170cf46,human,train,0,151,150.9,8000,2,PCM_16,WAV,4828844,a253464a5216109444f588ba6da1343f,-29.67771339416504,0.9178466796875,0.0,6.320010288618505e-05,0.0009542743538767396,-24.844058990478516,0.9178466796875,0.0,-5.6449935073032975e-05,0.023043406229290922,-0.0018273965815454598,17,20,45.45999999999999,81.89999999999995,0.3012591119946984,2.674117647058823,8.26,8.94,139.06,1.9599999999999937,6.1222353834171885,6.96,11.840000000000003,9.280000000000001,21.669999999999987,47.289999999999935,0.3133863485752149,16,2.955624999999996,0.9431890179514255,0.9817542316992746,0.9620853080568721,16,43.889999999999944,2281.25,868.1841865979857,-24.033790588378906,-24.641368865966797,-72.24716186523438,47.60579299926758
call_4c278007298d,human,train,0,130,130.76,8000,2,PCM_16,WAV,4184364,c162bc8136602955568cef005ffef56e,-28.420581817626953,0.6678466796875,0.0,0.00012291809252928942,0.0006987993270113185,-25.244834899902344,0.8865966796875,0.0,-6.522432522615418e-05,0.029217650657693484,0.0014501660795607208,14,14,43.5,67.68,0.3326705414499847,3.107142857142857,10.680000000000007,0.46,129.28,1.3200000000000003,4.48671200495247,4.1,1.4799999999999898,0.36,1.3899999999999864,44.889999999999944,0.34330070357907577,18,2.4938888888888857,0.9421322056532384,0.973103448275862,0.9573674092502544,18,42.62999999999998,1046.875,479.20085925878294,-31.237409591674805,-23.802757263183594,-72.24716186523438,48.44440460205078
call_4c8c40f7c2fd,human,train,0,154,154.62,8000,2,PCM_16,WAV,4947884,a41bcf5e64b9e0caa23b7527899e5cfe,-21.355579376220703,0.9803466796875,0.0,0.0001705912291072309,0.0007405251584529815,-25.689586639404297,0.9490966796875,0.0,-6.735794886481017e-05,0.028450394515586598,-2.606925403479214e-05,16,22,29.779999999999987,77.10000000000007,0.19260121588410287,1.8612499999999992,4.400000000000006,9.4,146.88,2.049999999999997,2.380640341903834,0.98,7.740000000000009,9.290000000000001,7.639999999999986,29.55999999999995,0.19117837278489166,14,2.1114285714285677,0.927775902801215,0.9227928835179591,0.9252776842813868,13,28.659999999999965,890.625,463.32246743020283,-33.716243743896484,-14.170025825500488,-72.24716186523438,58.07713603973389
call_4cd5b14fbe3c,synthetic,train,1,141,140.74,8000,2,PCM_16,WAV,4503724,253c079f11649a79145d2d2249979664,-21.268218994140625,0.9803466796875,0.0,9.301692625740543e-05,0.0011750390791530482,-24.634979248046875,0.8865966796875,0.0,-5.680361937265843e-05,0.025079046468665624,0.0006920226296237846,13,17,43.51999999999998,72.5,0.3092226801193689,3.347692307692306,7.420000000000002,9.6,139.94,2.3799999999999955,3.312761768154236,4.54,0.8000000000000114,9.49,0.710000000000008,45.73000000000001,0.32492539434418083,12,3.8108333333333344,0.9456569183762549,0.9954054674936825,0.969893676552882,16,45.45000000000001,1906.25,631.825091932521,-36.46794128417969,-16.40266990661621,-72.24716186523438,55.844491958618164
call_4d8129939686,synthetic,train,1,151,150.96,8000,2,PCM_16,WAV,4830764,da369ed16e4cf018711b5a57bf982c44,-24.068599700927734,0.9803466796875,0.0,0.00013796963321510702,0.0015161301006889243,-24.773014068603516,0.8865966796875,0.0,-6.597900210181251e-05,0.028645005299417065,0.0012337421535576325,9,22,27.959999999999987,78.23999999999997,0.18521462639109687,3.106666666666665,6.260000000000005,12.62,122.46,2.6999999999999993,1.2931958689833336,1.18,28.500000000000014,12.52,28.40000000000002,29.159999999999933,0.19316375198728095,8,3.6449999999999916,0.9506511309115833,0.9917769038255273,0.9707786526684165,10,28.24999999999995,2015.625,642.2007853792112,-35.34763717651367,-16.934341430664062,-72.24716186523438,55.31282043457031
call_4e60206f7e8a,human,train,0,100,99.98,8000,2,PCM_16,WAV,3199404,54268a2b29f1cd137f49c28ecd42e969,-26.606571197509766,0.9803466796875,0.0,0.00011951868509640917,0.0008414182836567314,-25.203693389892578,0.7928466796875,0.0,-5.631375461234711e-05,0.027370474094818964,-0.0008088119584265714,13,16,33.12,45.699999999999996,0.33126625325065007,2.5476923076923077,7.700000000000003,8.72,91.3,2.26,3.3519867816886446,3.09,8.680000000000007,9.73,8.590000000000018,33.90999999999994,0.3391678335667127,12,2.8258333333333283,0.9398939304655274,0.9628735285239963,0.9512449679439392,13,32.03999999999995,2281.25,729.610560913944,-26.60028648376465,-21.911333084106445,-72.24716186523438,50.33582878112793
call_4e9cec0da4ea,synthetic,train,1,136,136.52,8000,2,PCM_16,WAV,4368684,7e112ccc4b6348849e8dbeb68c202a0e,-21.39996337890625,0.9490966796875,0.0,9.340229735244066e-05,0.0005676823908584823,-25.912134170532227,0.7615966796875,0.0,-6.611385470023379e-05,0.028534280691473776,2.0716967884311994e-05,13,20,33.93999999999996,64.44000000000003,0.24860826252563697,2.610769230769228,8.540000000000001,11.08,135.68,2.9200000000000017,2.9971110350157226,1.1400000000000001,0.8400000000000034,10.97,0.7600000000000193,36.479999999999954,0.267213595077644,13,2.8061538461538427,0.9293537787513692,1.0,0.963383479988646,13,33.629999999999974,640.625,280.89662664956995,-34.21901321411133,-15.668574333190918,-72.24716186523438,56.57858753204346
call_4f0dad5104b3,human,train,0,152,151.94,8000,2,PCM_16,WAV,4862124,c272e2bbed17e37a1099fee8100c93f8,-29.297208786010742,0.9178466796875,0.0,3.360970731591806e-05,0.0009913452678688957,-25.36625862121582,0.7303466796875,0.0,-6.683056562906131e-05,0.025376793471107016,-0.00022521640880589404,36,25,76.16000000000004,84.67999999999998,0.5012504936159012,2.1155555555555567,12.299999999999997,0.66,148.2,1.3199999999999932,3.418690484395916,26.45,3.740000000000009,0.62,3.759999999999991,64.26999999999985,0.42299591944188397,38,1.6913157894736803,0.9296583850931677,0.7851803278688525,0.8513330963384287,20,50.09999999999991,1328.125,606.0830846782764,-36.94686508178711,-25.564380645751953,-72.24716186523438,46.68278121948242
call_51851f91f064,human,train,0,132,131.2,8000,2,PCM_16,WAV,4198444,0fa99696a4282da2d2a8da4d23492ad4,-29.346458435058594,0.9803466796875,0.0,0.00016118631174322218,0.0006211890243902439,-23.70018768310547,0.9803466796875,0.0,-7.014298171270639e-05,0.025443025914634147,-8.856667872179356e-05,22,16,29.58,78.51999999999997,0.22545731707317074,1.3445454545454545,4.6200000000000045,0.96,106.1,2.3400000000000034,3.380478840077041,3.95,25.099999999999994,6.91,25.010000000000005,31.18999999999981,0.23772865853658393,19,1.641578947368411,0.8997437540038437,0.9473861720067454,0.9229505503532117,10,24.44999999999994,937.5,566.9679494770252,-36.31235885620117,-23.159286499023438,-72.24716186523438,49.08787536621094
call_5273f6be303c,human,train,0,164,164.14,8000,2,PCM_16,WAV,5252524,169e35c3f6ab4f2869c0aa16efa2473b,-29.352985382080078,0.9803466796875,0.0,0.00015180979971773922,0.00047215791397587427,-24.625022888183594,0.8553466796875,0.0,-6.780511466786265e-05,0.025366303155842575,0.00030261459728857064,20,22,34.42000000000005,95.88000000000004,0.20969903740709184,1.7210000000000025,5.019999999999996,0.9,156.08,1.3199999999999932,3.9003862298985528,3.59,8.059999999999974,0.89,8.069999999999993,36.39999999999989,0.22176191056415193,19,1.915789473684205,0.9141053787047201,0.9666279744631456,0.9396332863187589,16,32.96999999999993,1468.75,489.0801178271451,-33.08045196533203,-22.861156463623047,-72.24716186523438,49.38600540161133
call_52ba7c3bd761,synthetic,train,1,146,145.34,8000,2,PCM_16,WAV,4650924,12f505d76dd8ee06289b931bf33119a3,-27.251785278320312,0.6990966796875,0.0,-3.488408765406348e-05,0.0005745149305077749,-25.035552978515625,0.9178466796875,0.0,-5.909647006774321e-05,0.02687663409935324,-0.00011286932159601423,11,18,37.34000000000003,70.57999999999998,0.2569148204210818,3.3945454545454576,6.82,9.52,138.36,2.180000000000007,4.379911316510399,1.7,6.97999999999999,9.42,6.889999999999986,39.51999999999996,0.2719141323792484,12,3.29333333333333,0.9426042983565107,0.9973247726056714,0.9691927726504614,12,36.259999999999984,1671.875,556.7725631394951,-40.974693298339844,-21.676198959350586,-46.02086639404297,24.344667434692383
call_52bfee0220ab,synthetic,train,1,164,164.46,8000,2,PCM_16,WAV,5262764,1f14ac62f6334073291e16f62e5d2419,-27.35291290283203,0.7303466796875,0.0,0.00011801206710515544,0.0006916575459078195,-26.202980041503906,0.7615966796875,0.0,-5.5585562222404405e-05,0.03021859418703636,0.002630787703571138,25,20,48.719999999999985,65.24,0.29624224735497984,1.9487999999999994,7.299999999999997,12.22,163.68,6.600000000000001,3.817847435401263,2.2600000000000002,0.7800000000000011,12.110000000000001,0.6899999999999977,53.51999999999982,0.3254286756658143,25,2.140799999999993,0.9091587390412237,1.0,0.952418172936004,19,47.32999999999994,1718.75,547.8639639565795,-40.80915069580078,-22.477571487426758,-72.24716186523438,49.76959037780762
call_54a09817b7e2,synthetic,train,1,124,124.62,8000,2,PCM_16,WAV,3987884,3acb15fd88d4a6879382ba2455fe4b10,-19.306232452392578,0.9803466796875,0.0,9.23972183954902e-05,0.0008586101749317927,-25.28445816040039,0.9803466796875,0.0,-6.620513886446133e-05,0.03019579521746108,0.0030026570011914746,11,19,24.97999999999999,60.54000000000001,0.2004493660728614,2.27090909090909,4.219999999999999,10.62,123.74,2.3600000000000065,2.9193704744246043,1.93,0.8800000000000097,10.51,0.7700000000000102,26.619999999999923,0.2136093724923762,10,2.6619999999999924,0.9267743146826887,0.9872,0.9560333139647492,8,23.52999999999995,906.25,329.1668026345435,-33.99966812133789,-12.663684844970703,-72.24716186523438,59.58347702026367
call_565b6523733e,human,train,0,124,123.96,8000,2,PCM_16,WAV,3966764,596e010edd2d39e6ae35c2e202fdefef,-28.871318817138672,0.9178466796875,0.0,0.00015665432147216052,0.0007199903194578896,-24.61612892150879,0.8865966796875,0.0,-6.701090023852885e-05,0.025011092287834786,0.00021759945008996553,15,19,29.719999999999988,72.60000000000001,0.23975475959987083,1.9813333333333325,7.119999999999997,0.7,114.36,1.2199999999999989,3.0690173259430726,3.68,9.599999999999994,0.6,9.510000000000005,30.189999999999905,0.24354630525976045,15,2.0126666666666604,0.9298013245033112,0.9438655462184874,0.9367806505421185,11,27.459999999999958,921.875,548.5766532296932,-30.58032989501953,-22.738418579101562,-72.24716186523438,49.50874328613281
call_568b5e814bc3,human,train,0,154,153.6,8000,2,PCM_16,WAV,4915244,65df556ca5548f6a95a871e440efad35,-21.883275985717773,0.9803466796875,0.0,0.00012742211401928216,0.0005802408854166666,-24.85776710510254,0.9803466796875,0.0,-6.830513302702457e-05,0.028963216145833335,0.0006561989334609806,23,19,37.660000000000025,79.97999999999999,0.24518229166666683,1.6373913043478272,5.619999999999999,1.46,141.64,1.8000000000000007,2.559282085544388,2.82,11.960000000000008,1.3499999999999999,11.859999999999985,40.609999999999886,0.2643880208333326,21,1.9338095238095183,0.9041297935103245,0.9761146496815286,0.9387442572741195,15,34.6999999999999,2468.75,928.189094725259,-30.753692626953125,-16.132080078125,-72.24716186523438,56.115081787109375
call_569ffb0869eb,human,val,0,134,134.38,8000,2,PCM_16,WAV,4300204,098b37b45c2f713c553e95eeb9c688a1,-30.911645889282227,0.5740966796875,0.0,0.00018090703815687448,0.000758111326090192,-25.234882354736328,0.7928466796875,0.0,-6.59115394228138e-05,0.03015050602768269,0.0009823300783648402,23,13,36.66000000000002,66.58000000000001,0.2728084536389345,1.5939130434782616,7.6,2.66,128.28,7.740000000000002,5.561843933131165,5.63,6.099999999999994,6.03,6.0,36.93999999999994,0.2748920970382493,15,2.462666666666663,0.9251351351351351,0.933206106870229,0.9291530944625407,13,33.549999999999926,1531.25,580.0570139768797,-30.857837677001953,-25.36527442932129,-72.24716186523438,46.881887435913086
call_56f58de34ea0,synthetic,train,1,159,159.18,8000,2,PCM_16,WAV,5093804,5f54974065f2bf68253b6c1f822c08e1,-23.47268295288086,0.9803466796875,0.0,-4.993874244973995e-05,0.0026243874858650584,-24.858043670654297,0.8240966796875,0.0,-5.5653072195127606e-05,0.0253258889307702,-0.00028311911973904027,15,20,27.600000000000016,83.46000000000004,0.17338861666038455,1.840000000000001,7.520000000000001,10.44,141.36,2.6000000000000014,2.4498475235999675,1.06,17.819999999999993,10.33,17.710000000000008,30.72999999999989,0.1930518909410723,15,2.0486666666666595,0.8988288874430709,1.0,0.9467192050710982,11,27.099999999999966,1921.875,646.0734732349191,-35.17546844482422,-16.393253326416016,-43.802490234375,27.409236907958984
call_578504f9f39e,synthetic,train,1,148,147.56,8000,2,PCM_16,WAV,4721964,9b8efa7eb7f9342a924d6935f3d67790,-18.41803741455078,0.9803466796875,0.0,6.915873382240534e-05,0.003139400921658986,-25.331296920776367,0.7303466796875,0.0,-6.542386836372316e-05,0.030241088370832205,-3.667539588137947e-05,8,17,37.8,76.81999999999996,0.25616698292220114,4.725,8.959999999999994,10.48,146.8,2.450000000000003,0.8429968861152428,0.52,0.7599999999999909,10.370000000000001,0.6500000000000057,39.44999999999993,0.26734887503388405,8,4.9312499999999915,0.9574468085106383,1.0,0.9782608695652174,11,37.80999999999996,1203.125,350.0575233842379,-33.489105224609375,-12.688833236694336,-72.24716186523438,59.55832862854004
call_57f113803718,human,train,0,173,173.08,8000,2,PCM_16,WAV,5538604,cedd703786c8de504c99628e78ff0b46,-30.60625457763672,0.5740966796875,0.0,4.0452014218317345e-05,0.004185203374162237,-25.512008666992188,0.7928466796875,0.0,-6.607801333302632e-05,0.02649064016639704,0.00037616429088823105,23,21,34.02000000000007,99.17999999999994,0.19655650566212193,1.4791304347826115,4.939999999999998,9.5,171.1,3.240000000000009,3.5736904617031424,5.93,1.9800000000000182,9.42,24.30000000000001,32.14999999999996,0.18575225329327455,15,2.143333333333331,0.9177274138466315,0.8673708920187794,0.8918388897269574,11,28.089999999999954,1078.125,545.2836540580812,-27.438199996948242,-23.303546905517578,-68.72534942626953,45.42180252075195
call_5823cd70919d,synthetic,train,1,146,145.54,8000,2,PCM_16,WAV,4657324,85549a582c7588f4920bee4396263c70,-26.548900604248047,0.8553466796875,0.0,0.00013578403741121292,0.001351862031056754,-25.74796485900879,0.9490966796875,0.0,-6.395197851816192e-05,0.0352609248316614,0.0007888240809818464,10,20,31.6,62.300000000000026,0.2171224405661674,3.16,5.919999999999995,12.82,144.8,3.610000000000001,1.3472045130565737,0.81,0.7399999999999807,12.73,0.6399999999999864,33.17999999999994,0.22797856259447535,11,3.0163636363636313,0.9461005721168323,0.9936748893105629,0.9693043344130804,13,32.10999999999995,859.375,619.799834306564,-43.53062438964844,-20.127933502197266,-72.24716186523438,52.11922836303711
call_58a0f7394bc3,synthetic,train,1,150,149.58,8000,2,PCM_16,WAV,4786604,4b8fb5af756cac9f682ed53c6239af30,-20.91439437866211,0.9803466796875,0.0,0.0001168297094409354,0.0005273098007755047,-26.074691772460938,0.7615966796875,0.0,-5.4768424888607115e-05,0.02627356598475732,0.0010831565503042937,12,19,44.16,64.88,0.29522663457681503,3.6799999999999997,9.16,11.44,148.78,2.9199999999999946,1.2059942878066316,0.92,0.8000000000000114,11.33,0.7199999999999989,45.94999999999993,0.3071934750635107,13,3.534615384615379,0.954337899543379,0.9934359438660028,0.9734945103693025,16,44.06999999999998,1203.125,504.2696507042117,-42.75811767578125,-15.78853988647461,-72.24716186523438,56.458621978759766
call_58ed2170e352,human,val,0,133,133.64,8000,2,PCM_16,WAV,4276524,4f9f7551dbedd9279ede4f1524ee05ae,-30.802080154418945,0.7615966796875,0.0,0.00017028165166266263,0.0005799161927566597,-25.03081512451172,0.7615966796875,0.0,-5.835630508954637e-05,0.021888094881771923,0.00028172984690248216,19,21,29.100000000000012,76.38000000000001,0.21774917689314588,1.5315789473684216,6.460000000000008,0.7,111.98,1.6900000000000013,1.9223265867622061,4.39,21.659999999999982,0.6,21.72999999999999,31.339999999999954,0.23451062556120889,18,1.7411111111111086,0.9026098026734564,0.9739010989010989,0.9369012223323423,12,26.53999999999997,1140.625,580.0514923723393,-33.55694580078125,-24.504104614257812,-72.24716186523438,47.74305725097656
call_5a6307557d57,human,train,0,144,144.06,8000,2,PCM_16,WAV,4609964,e486b241553f6865e2dbbe024ce5361c,-20.90152931213379,0.9803466796875,0.0,0.00010362683678977191,0.0005579272525336666,-24.43221664428711,0.8553466796875,0.0,-5.9559613873716444e-05,0.024328404831320285,0.00015977883738059394,17,17,35.44,79.52000000000001,0.2460086075246425,2.084705882352941,5.220000000000001,9.16,137.8,2.8400000000000034,2.6670409195278544,1.62,6.259999999999991,9.07,6.25,36.63999999999994,0.25433847008190985,18,2.0355555555555522,0.940359477124183,0.9743227990970654,0.957039911308204,13,32.809999999999995,1296.875,610.9804211389932,-33.38288116455078,-14.955960273742676,-72.24716186523438,57.2912015914917
call_5a7a7e3c9588,synthetic,train,1,145,145.16,8000,2,PCM_16,WAV,4645164,e5c3f2223af3a69a6f90d94a72c2d8bd,-24.421396255493164,0.8553466796875,0.0,-3.762012784136459e-05,0.0010230090934141636,-25.885446548461914,0.9490966796875,0.0,-6.46100816084072e-05,0.03317718379718931,-0.00046493171667423767,21,14,42.69999999999999,58.64,0.294158170294847,2.0333333333333328,6.68,12.98,125.62,6.140000000000001,5.2179175001669735,1.1400000000000001,19.539999999999992,12.88,19.430000000000007,46.4499999999999,0.31999173325985053,22,2.111363636363632,0.9090909090909091,0.990632318501171,0.9481116216519108,21,44.59999999999994,1531.25,462.8776349858338,-33.298065185546875,-19.574934005737305,-47.96822738647461,28.393293380737305
call_5c9d19646f57,human,train,0,65,65.64,8000,2,PCM_16,WAV,2100524,b5d1f44a62279603402bdebe93c0c0c3,-30.462718963623047,0.6678466796875,0.0,5.248474917607382e-05,0.0012016301035953686,-24.508747100830078,0.6678466796875,0.0,-6.324842252070084e-05,0.02190166057282145,-0.0018360191228555132,21,11,28.959999999999987,41.38000000000002,0.44119439366240076,1.3790476190476184,7.180000000000001,0.72,61.76,2.240000000000002,3.663956741011007,11.25,3.8800000000000026,0.63,3.789999999999999,24.95000000000005,0.3801035953686784,16,1.559375000000003,0.9109780439121756,0.7877114256127028,0.8448722695298038,8,18.040000000000017,1015.625,609.2397846682996,-41.906494140625,-26.263687133789062,-72.24716186523438,45.98347473144531
call_5d86f0ca06aa,synthetic,train,1,129,129.04,8000,2,PCM_16,WAV,4129324,fc1e9e16ca8c614ef5746804f55e53d8,-23.660696029663086,0.9490966796875,0.0,-4.884621739620343e-05,0.0008398558586484811,-25.08475112915039,0.7303466796875,0.0,-5.975854583084583e-05,0.02325926069435834,0.0002784415913750113,9,16,22.019999999999996,69.41999999999997,0.17064476131432113,2.4466666666666663,5.159999999999998,10.9,104.58,3.200000000000003,1.6360506497034455,0.0,24.459999999999994,10.8,24.36,23.839999999999957,0.18474891506509578,9,2.648888888888884,0.922496857980729,1.0,0.9596862061451297,8,21.570000000000004,1812.5,616.2189880802549,-35.53050231933594,-16.371692657470703,-45.48737716674805,29.115684509277344
call_5e4539a471f6,synthetic,val,1,96,96.24,8000,2,PCM_16,WAV,3079724,42d84ac3a946d6f2da7ec8fad95a4db6,-22.715835571289062,0.9803466796875,0.0,-6.859906716272235e-05,0.0015014546965918538,-31.270944595336914,0.7615966796875,0.0,-5.029708336223848e-05,0.04224464879467996,-0.00026229426332521595,24,5,24.919999999999995,12.4,0.25893599334995837,1.038333333333333,3.379999999999999,4.3,96.24,9.379999999999999,11.007656300149558,1.48,0.0,4.19,0.0,35.28999999999993,0.36668744804654957,29,1.2168965517241355,0.7043527416619559,1.0,0.8265339966832504,13,24.649999999999988,1687.5,457.0165159845862,-33.28266143798828,-18.576366424560547,-42.292930603027344,23.716564178466797
call_5f7a4b3e8ca9,human,train,0,112,111.84,8000,2,PCM_16,WAV,3578924,b180357cc98840e775e73bdeee79d6b9,-28.469236373901367,0.4881591796875,0.0,0.00014649583317805082,0.0008136623748211731,-24.65812873840332,0.8240966796875,0.0,-6.45420586806722e-05,0.027790817238912732,1.2942148045486849e-05,30,15,38.139999999999986,56.700000000000024,0.3410228898426322,1.271333333333333,6.26,1.02,111.08,2.5600000000000023,4.619776440895443,12.39,0.7600000000000051,8.96,0.6700000000000159,39.00999999999985,0.3488018597997125,23,1.6960869565217325,0.8965428937259923,0.9174528301886793,0.906877347493848,15,32.20999999999991,765.625,392.2791530999253,-27.288846969604492,-24.032880783081055,-72.24716186523438,48.21428108215332
call_6058d9c5c82f,synthetic,val,1,153,153.18,8000,2,PCM_16,WAV,4901804,38784898a9bbae072fe9f63bb0dbee39,-23.727005004882812,0.9803466796875,0.0,0.00013706124445889145,0.0005059407233320277,-25.466022491455078,0.7928466796875,0.0,-6.615877646254376e-05,0.02719268181224703,0.0008441215954969738,13,26,30.52000000000001,82.53999999999992,0.19924272098185147,2.3476923076923084,5.6200000000000045,10.14,127.46,2.0799999999999983,0.42278311476474356,2.33,25.720000000000013,10.030000000000001,25.65000000000002,32.8299999999999,0.21432301867084408,13,2.5253846153846076,0.9288104654700334,1.0,0.9630914826498422,10,28.93999999999992,1734.375,637.6149825222617,-40.89081573486328,-17.03774070739746,-72.24716186523438,55.209421157836914
call_60ffdefc5f5a,human,train,0,211,211.48,8000,2,PCM_16,WAV,6767404,b482d106a55494f492dd438eaf8a4d04,-29.147329330444336,0.6678466796875,0.0,0.00018779761740006506,0.0006513618309059958,-23.708677291870117,0.9490966796875,0.0,-5.90475756325759e-05,0.018481653111405334,-0.000373467695425634,19,29,28.03999999999997,138.94,0.13258937015320585,1.475789473684209,3.240000000000002,0.84,188.98,1.2900000000000031,3.0368788802540885,2.49,22.5,0.73,22.409999999999997,30.049999999999926,0.14209381501796825,17,1.7676470588235251,0.897410358565737,0.9636363636363636,0.9293450232078391,12,26.539999999999964,1671.875,429.28562128788155,-19.458486557006836,-20.68668556213379,-72.24716186523438,51.560476303100586
call_624a4731ab56,human,train,0,183,183.52,8000,2,PCM_16,WAV,5872684,59c69930bfe04aa31f8edb12ab39a574,-31.418804168701172,0.3319091796875,0.0,0.0001051137805916369,0.002547406277244987,-26.351720809936523,0.7615966796875,0.0,-5.769488416262902e-05,0.026112957715780295,0.001175570830997667,24,29,81.29999999999998,82.18000000000006,0.44300348735832595,3.3874999999999993,15.759999999999998,9.22,179.44,0.9699999999999918,3.7557019613145854,10.56,4.0800000000000125,9.120000000000001,8.030000000000001,71.3299999999999,0.38867698343504736,23,3.1013043478260824,0.9717047205490965,0.8528399311531841,0.9084004452301447,26,68.9899999999999,1671.875,577.2724136080041,-33.55552673339844,-27.359760284423828,-72.24716186523438,44.88740158081055
call_63a156c6b8d9,human,train,0,122,122.26,8000,2,PCM_16,WAV,3912364,2fb5664be347483242a71aca22e1d31d,-23.21590232849121,0.9803466796875,0.0,7.212279888335615e-05,0.0006338949779159169,-24.35715103149414,0.9178466796875,0.0,-6.637260958086699e-05,0.026576558154752166,-0.00016034075828160428,11,19,20.119999999999983,66.79999999999998,0.1645673155570095,1.8290909090909075,3.440000000000005,1.1,101.74,1.379999999999999,0.43627514254195005,1.1500000000000001,20.52000000000001,1.0,20.43000000000002,21.709999999999972,0.17757238671683276,10,2.170999999999997,0.9117647058823529,0.9860834990059643,0.9474689589302769,9,20.90999999999999,609.375,392.820705362786,-30.573993682861328,-15.738531112670898,-72.24716186523438,56.50863075256348
call_64637c20ee66,human,val,0,146,146.64,8000,2,PCM_16,WAV,4692524,7a377c391fe5513683d6f7436069eeee,-28.550806045532227,0.9803466796875,0.0,0.00010865175863727927,0.00210123431533006,-25.09673309326172,0.7928466796875,0.0,-5.9356316342018545e-05,0.022909847244953627,0.0008751338752898525,38,28,55.300000000000026,78.55999999999997,0.3771140207310422,1.4552631578947375,6.34,0.52,146.58,1.8800000000000026,4.416220318235548,20.46,0.05999999999997385,0.75,0.0,52.62999999999981,0.3589061647572273,30,1.754333333333327,0.9175042670206713,0.8737583528986816,0.8950971322849214,18,42.13999999999992,1796.875,712.8705654999263,-26.626972198486328,-24.10160255432129,-72.24716186523438,48.145559310913086
call_65a7cdefc22d,human,train,0,132,131.78,8000,2,PCM_16,WAV,4217004,d104d788d1d144b5802b247c4c7b6a56,-24.124448776245117,0.9803466796875,0.0,1.3113665772834793e-05,0.0006194035513735013,-24.08875274658203,0.9178466796875,0.0,-6.764678983017802e-05,0.02480744422522386,-0.00012328573742905754,27,21,36.93999999999998,76.9,0.280315677644559,1.3681481481481474,3.4200000000000017,1.04,129.7,2.1899999999999977,3.266142251510272,13.94,2.0800000000000125,1.3199999999999998,1.9699999999999989,40.53999999999991,0.3076339353467894,27,1.501481481481478,0.8828451882845189,0.9702461455233974,0.9244845360824743,16,32.56999999999995,2312.5,946.79373732161,-33.46964645385742,-19.020050048828125,-68.62989807128906,49.60984802246094
call_6756c4a91509,synthetic,train,1,184,184.58,8000,2,PCM_16,WAV,5906604,48c44f25f04244810cdc844ecc7ece81,-19.18852424621582,0.9803466796875,0.0,9.775297075975686e-05,0.0006325170657709395,-25.261878967285156,0.9178466796875,0.0,-5.5558983149239793e-05,0.026573166106837142,0.00017999105167193301,13,25,41.98000000000001,87.05999999999999,0.2274352584245314,3.22923076923077,9.620000000000005,11.94,183.8,3.719999999999999,1.0083650132764412,0.96,0.7800000000000011,11.84,0.6800000000000068,44.54999999999996,0.24135876042908203,13,3.426923076923074,0.9421135292797846,1.0,0.9701940850277264,18,44.54999999999996,1171.875,352.9930398486297,-33.5245475769043,-13.030539512634277,-72.24716186523438,59.2166223526001
call_678ee1dd2242,human,val,0,166,166.7,8000,2,PCM_16,WAV,5334444,99f147b52ee565a4005d58b995d531ee,-32.14718246459961,0.5740966796875,0.0,0.00017722199845593423,0.0022113077384523097,-25.820693969726562,0.6678466796875,0.0,-6.0686135839205235e-05,0.03131448710257948,2.3141478638251308e-05,15,18,49.11999999999997,79.25999999999999,0.2946610677864425,3.2746666666666644,10.519999999999996,9.9,160.58,2.08,4.235089399554891,0.49,6.119999999999976,9.82,24.98999999999998,49.08999999999992,0.2944811037792437,13,3.7761538461538398,0.9615306330144514,0.9615306330144514,0.9615306330144514,16,46.68999999999992,734.375,435.8742298063685,-31.530559539794922,-26.842056274414062,-72.24716186523438,45.40510559082031
call_68544c09a58b,synthetic,train,1,159,158.86,8000,2,PCM_16,WAV,5083564,d4200899ca560e75108ffaf8587eb327,-24.933547973632812,0.9803466796875,0.0,0.00016260877600871027,0.022446651139367998,-25.71944236755371,0.7303466796875,0.0,-6.414060771930963e-05,0.03360506106005288,0.000534520963997243,7,21,11.999999999999982,69.06,0.07553820974442894,1.7142857142857117,2.759999999999991,22.6,131.48,2.0,1.1062346505334297,0.68,27.380000000000024,22.5,27.310000000000002,13.389999999999969,0.08428805237315855,7,1.9128571428571384,0.8962686567164179,1.0,0.9452971271153089,6,12.619999999999973,890.625,585.5153995818989,-43.775306701660156,-14.191279411315918,-72.30179595947266,58.11051654815674
call_6971b2685c1d,human,val,0,98,97.42,8000,2,PCM_16,WAV,3117484,082ccc50aeb79ffbf00e671913c6b681,-37.56904220581055,0.2186279296875,0.0,0.00015394868387375027,0.0025366967768425375,-25.162809371948242,0.7615966796875,0.0,-6.056840356905013e-05,0.025958478751796344,-1.931824669276179e-05,10,11,19.540000000000006,51.84000000000001,0.2005748306302608,1.9540000000000006,5.040000000000003,9.38,83.92,2.969999999999999,3.7627016889463865,0.36,13.5,9.27,13.400000000000006,20.340000000000003,0.20878669677684256,9,2.2600000000000002,0.9249263984298332,0.9637014314928425,0.9439158738107161,8,18.97,718.75,444.1384877189503,-24.08992576599121,-30.768428802490234,-72.24716186523438,41.47873306274414
call_6afd8cabf618,synthetic,train,1,152,152.04,8000,2,PCM_16,WAV,4865324,17396c1f0d7b915a71cf72a6bdaefd33,-19.434141159057617,0.9803466796875,0.0,-4.469598934520036e-05,0.001770093396474612,-25.672042846679688,0.9803466796875,0.0,-5.6099685025401413e-05,0.026787358589844778,-0.0008089919283334993,11,21,33.46000000000001,73.02,0.22007366482504612,3.0418181818181824,7.780000000000001,11.66,130.96,2.3599999999999994,2.6035614514362755,0.42,21.079999999999984,11.55,20.98999999999998,35.559999999999945,0.2338858195211783,11,3.2327272727272676,0.9404494382022472,1.0,0.9693109438332368,9,32.139999999999986,1203.125,507.6430958503959,-42.009788513183594,-13.158407211303711,-45.37465286254883,32.21624565124512
call_6b0cc9c966a1,human,train,0,153,153.0,8000,2,PCM_16,WAV,4896044,590a1d86c000087843cba5a16b036ade,-31.398937225341797,0.7615966796875,0.0,0.0001265019382117316,0.0005106209150326798,-24.259822845458984,0.8865966796875,0.0,-6.395676609827206e-05,0.02394362745098039,-0.0001668766497240114,17,26,37.67999999999998,86.38,0.24627450980392143,2.2164705882352926,10.58,1.12,152.86,1.58,6.849236908022832,3.54,0.13999999999998636,1.02,0.03999999999999204,38.65999999999997,0.2526797385620913,15,2.577333333333331,0.935741935483871,0.962058901565402,0.9487179487179487,11,33.10999999999997,2328.125,1017.8867161111036,-28.840408325195312,-25.432750701904297,-72.24716186523438,46.81441116333008
call_6b31fbd81fc3,synthetic,train,1,162,162.5,8000,2,PCM_16,WAV,5200044,45028bf68158f97365b1c9788979530e,-22.990985870361328,0.9490966796875,0.0,-2.9260816518217325e-05,0.0005207692307692308,-27.819427490234375,0.6678466796875,0.0,-5.3659387049265206e-05,0.03507153846153846,-0.002182467182342911,34,10,37.67999999999999,47.28,0.23187692307692304,1.1082352941176468,4.920000000000002,3.9,161.92,8.09,11.86912630186191,6.8,0.5800000000000125,3.8,0.46999999999999886,43.00999999999989,0.2646769230769224,31,1.3874193548387062,0.8474025974025974,0.9687168610816543,0.9040079168728352,16,31.61999999999999,968.75,582.9563640004382,-43.36599349975586,-17.579177856445312,-43.08079147338867,25.50161361694336
call_6b6499e4474f,synthetic,train,1,139,139.18,8000,2,PCM_16,WAV,4453804,241dab2e9bd390253c0f32d32e4bac77,-18.894193649291992,0.9803466796875,0.0,8.159571007126942e-05,0.007653757723810892,-25.08281898498535,0.9178466796875,0.0,-5.648755904985592e-05,0.02793594625664607,6.236080727621641e-05,8,13,38.739999999999995,59.72000000000002,0.2783445897399051,4.842499999999999,10.519999999999996,13.46,138.46,3.9399999999999977,1.6874166646089508,0.52,0.7199999999999989,13.35,0.6299999999999955,39.949999999999974,0.2870383675815489,11,3.6318181818181796,0.9627220415311484,0.9930322580645161,0.9776422764227642,12,36.7,2609.375,828.5833617218258,-33.78068542480469,-13.473608016967773,-72.30179595947266,58.82818794250488
call_6c8d4490f8d7,synthetic,val,1,129,129.44,8000,2,PCM_16,WAV,4142124,551032895a209380ee02c3c11b029a6c,-19.363685607910156,0.9803466796875,0.0,5.5820833949837834e-05,0.0008623686650185414,-25.71385955810547,0.6678466796875,0.0,-6.745601422153413e-05,0.028495828182941902,-0.0008087195734400711,8,16,44.279999999999966,62.15999999999998,0.3420889987639058,5.534999999999996,14.26,9.24,128.64,1.9299999999999997,0.18493242008907,2.8000000000000003,0.8000000000000114,9.14,0.7099999999999795,45.809999999999974,0.353909147095179,9,5.089999999999997,0.9644337770019638,0.9979679385865884,0.9809143364403018,13,43.04999999999998,1718.75,461.6435868361929,-33.03215789794922,-14.852617263793945,-72.24716186523438,57.39454460144043
call_6d88a2e95795,human,train,0,154,153.5,8000,2,PCM_16,WAV,4912044,8ce82440de96f36309cbec45636777e1,-29.953895568847656,0.5115966796875,0.0,0.00014455660129897296,0.0005415309446254072,-24.314897537231445,0.8553466796875,0.0,-5.7938468671636656e-05,0.021823289902280132,-0.0001612871075108854,43,26,48.419999999999966,89.94000000000005,0.3154397394136806,1.1260465116279061,5.76,0.46,151.6,3.3999999999999986,4.876311056335922,17.67,1.9000000000000057,3.11,1.8199999999999932,44.45999999999998,0.2896416938110748,31,1.434193548387096,0.8973324366733916,0.8248506078714197,0.8595662443633241,18,35.310000000000045,1890.625,657.0439444778089,-29.741493225097656,-24.658878326416016,-72.24716186523438,47.58828353881836
call_6dfa70c50ea5,synthetic,train,1,132,131.88,8000,2,PCM_16,WAV,4220204,33aabf52dbc7874508a65045294f0451,-20.272010803222656,0.9803466796875,0.0,-4.570868259179406e-05,0.0007971261753108886,-27.802391052246094,0.8553466796875,0.0,-5.4468022426590323e-05,0.03519013497118593,0.00011809780039820235,24,14,41.47999999999998,40.359999999999985,0.31452835911434623,1.7283333333333326,10.180000000000007,4.74,127.52,3.34,11.322002884011095,5.5200000000000005,4.359999999999999,4.630000000000001,4.25,46.51999999999987,0.35274491962389953,25,1.8607999999999947,0.8886266094420601,0.9975909419417008,0.9399614118715243,16,38.16999999999993,984.375,570.7828053169233,-43.37327575683594,-15.908551216125488,-40.475311279296875,24.566760063171387
call_6e83cb807322,human,train,0,165,165.04,8000,2,PCM_16,WAV,5281324,c6d240c44d71407783273a91642c7de5,-26.889724731445312,0.7928466796875,0.0,5.6573273468529806e-05,0.0008285870092098885,-25.244754791259766,0.7928466796875,0.0,-6.510585808428004e-05,0.029860185409597673,0.0009426325941399096,16,18,49.23999999999998,86.01999999999998,0.2983519146873484,3.077499999999999,10.100000000000001,1.86,163.44,1.3800000000000097,6.156303941670055,2.7600000000000002,1.5999999999999943,9.02,1.5,51.769999999999904,0.31368153174987823,15,3.4513333333333267,0.9444230027016596,0.9935038570848559,0.9683419074000792,16,48.13999999999996,1906.25,623.3685795948325,-31.52423667907715,-21.85493278503418,-72.24716186523438,50.392229080200195
call_70101b573bb2,synthetic,train,1,163,163.68,8000,2,PCM_16,WAV,5237804,07c2d92dbff9546fcb2622c59c31f8a8,-28.496944427490234,0.5115966796875,0.0,0.00011632747919065878,0.0004734848484848485,-26.120433807373047,0.8240966796875,0.0,-5.543551378650591e-05,0.029361406402737048,-0.00011526583647665975,25,26,46.260000000000026,67.58000000000003,0.2826246334310852,1.8504000000000012,5.700000000000001,12.8,133.88,3.6399999999999864,3.057826051298538,3.47,29.80000000000001,12.700000000000001,29.689999999999998,50.75999999999986,0.3101173020527851,24,2.1149999999999944,0.90633608815427,0.9943868739205527,0.9483220094708668,20,47.32999999999987,1625.0,527.6840651053335,-41.08832550048828,-23.466588973999023,-72.24716186523438,48.78057289123535
call_70de89818ee5,synthetic,train,1,170,170.0,8000,2,PCM_16,WAV,5440044,e8169612c9c9c00ccf803253a216834b,-26.66477394104004,0.7928466796875,0.0,-4.78429465147201e-05,0.0005757352941176471,-26.681652069091797,0.8865966796875,0.0,-5.571513611357659e-05,0.029831617647058824,0.0003642696119829618,26,18,54.32000000000002,63.38,0.319529411764706,2.08923076923077,6.68,11.7,169.16,5.019999999999996,4.760685147846168,3.52,0.8400000000000034,11.610000000000001,0.7400000000000091,59.21999999999985,0.3483529411764697,24,2.4674999999999936,0.9128014842300557,0.9955849889624724,0.9523977122745271,23,57.079999999999835,1687.5,591.1054214503266,-41.786903381347656,-22.19525909423828,-44.98783874511719,22.792579650878906
call_716d56beca2a,human,train,0,211,211.42,8000,2,PCM_16,WAV,6765484,09c990d7723232dc07b565c4c6e44ebc,-32.374778747558594,0.7303466796875,0.0,0.00010508095874683931,0.00038726232144546403,-23.665294647216797,0.9490966796875,0.0,-6.604511145269498e-05,0.023131089773909753,-0.0010720022128518525,32,32,52.85999999999993,129.71999999999997,0.2500236496074162,1.6518749999999978,5.6200000000000045,0.7,210.96,1.5799999999999965,3.2111212994840304,14.84,0.45999999999997954,0.67,0.3599999999999852,52.649999999999885,0.24903036609592227,28,1.8803571428571388,0.922449753507774,0.9201815774541328,0.9213142694820566,16,41.469999999999956,2515.625,921.8567336799406,-29.692935943603516,-26.36792755126953,-72.24716186523438,45.879234313964844
call_71fec5a6b017,synthetic,train,1,101,101.24,8000,2,PCM_16,WAV,3239724,29d033f991bae1dadab315f42a2939fc,-27.649063110351562,0.6053466796875,0.0,0.00013053137809038162,0.0007655077044646384,-25.83718490600586,0.7928466796875,0.0,-5.776274701929651e-05,0.0285287435796128,5.2253638514613025e-05,12,18,24.020000000000028,46.18,0.2372580007902018,2.001666666666669,6.560000000000002,10.42,94.06,1.9299999999999926,2.763047834065371,2.08,7.179999999999993,10.32,7.210000000000008,26.249999999999954,0.2592848676412481,12,2.187499999999996,0.9139703083365055,0.9987520798668885,0.9544822102961638,10,24.169999999999984,1656.25,533.9825802098229,-41.43750762939453,-21.78694725036621,-72.24716186523438,50.460214614868164
call_743448b8a861,synthetic,val,1,103,103.24,8000,2,PCM_16,WAV,3303724,6f81447cd3d2c229c1e672c8ab34f2ea,-19.801494598388672,0.9803466796875,0.0,9.934012632584199e-05,0.015315042619139869,-24.952783584594727,0.7303466796875,0.0,-6.75318151479587e-05,0.03265328361100349,-0.000602173132402232,13,20,26.36,51.12,0.25532739248353353,2.0276923076923077,11.239999999999998,5.64,94.2,2.739999999999995,3.335735150470258,8.96,9.039999999999992,5.54,8.939999999999998,29.059999999999928,0.2814800464936064,13,2.2353846153846098,0.9071526822558459,1.0,0.9513162639740353,12,25.859999999999964,1812.5,531.8003394678377,-33.14204025268555,-14.403380393981934,-72.30179595947266,57.89841556549072
call_74b20933dd43,human,val,0,148,148.14,8000,2,PCM_16,WAV,4740524,772efeef503a5a345c046ce5ed584fc3,-29.61815643310547,0.9490966796875,0.0,7.996835483936593e-05,0.0023330970703388685,-24.690814971923828,0.8240966796875,0.0,-6.117626617196947e-05,0.0211607263399487,-0.0002239385546327951,32,22,44.24000000000001,85.17999999999996,0.2986364250033753,1.3825000000000003,5.82,0.6,146.46,3.2199999999999998,2.7350075593284613,11.9,1.6799999999999784,0.51,3.9799999999999898,40.45999999999985,0.2731200216011871,24,1.685833333333327,0.9118953603158934,0.8346510051953919,0.8715650430475292,13,31.139999999999965,1656.25,676.9701402614435,-34.967987060546875,-24.14348602294922,-72.24716186523438,48.103675842285156
call_750153d8eb40,human,train,0,140,140.48,8000,2,PCM_16,WAV,4495404,e878d22886a5e61c77b0b7cab9978cf1,-30.217517852783203,0.6678466796875,0.0,1.0300551366526634e-05,0.016311040717539863,-25.109397888183594,0.7615966796875,0.0,-6.449998909374699e-05,0.02741493451025057,0.00021425215080821364,26,21,38.11999999999999,74.52000000000001,0.2713553530751708,1.4661538461538457,3.059999999999995,2.78,116.62,2.539999999999992,4.195800872300782,10.370000000000001,23.859999999999985,2.6799999999999997,23.75,42.85999999999989,0.30509681093394003,25,1.7143999999999957,0.875349487418453,0.985313401521112,0.9270820481184454,18,38.08999999999995,2062.5,656.1581849042315,-18.849491119384766,-25.1812744140625,-57.38998031616211,32.20870590209961
call_7519d635bbbb,synthetic,train,1,150,150.04,8000,2,PCM_16,WAV,4801324,698efc9a22c72c37b45e0d3a748d0b19,-23.057331085205078,0.9803466796875,0.0,0.00012838780821766704,0.0029842042122100775,-24.016380310058594,0.9178466796875,0.0,-6.732632755301893e-05,0.025204945347907223,-0.000374058277240674,14,22,29.240000000000002,83.93999999999997,0.19488136496934153,2.0885714285714285,8.060000000000002,9.8,124.4,2.1300000000000026,1.294730292613965,1.26,25.639999999999986,9.700000000000001,25.549999999999997,31.719999999999928,0.21141029058917574,14,2.2657142857142807,0.920075519194462,1.0,0.9583743035070469,11,28.899999999999963,1890.625,677.4767159196867,-35.13860321044922,-16.30863380432129,-72.24716186523438,55.938528060913086
call_7601ac7d4fbf,synthetic,train,1,143,143.68,8000,2,PCM_16,WAV,4597804,98382efcdec56d860051a13d1b334ecf,-20.701194763183594,0.9803466796875,0.0,0.00010448171087773517,0.000849109131403118,-26.51031494140625,0.7615966796875,0.0,-6.428061897167936e-05,0.032443624721603566,1.2389856667553623e-05,10,18,50.19999999999996,59.860000000000014,0.3493875278396434,5.019999999999996,15.12,10.82,115.3,3.0300000000000047,1.8675074297040954,0.1,28.38000000000001,10.72,28.29000000000002,51.77999999999993,0.3603841870824048,12,4.314999999999994,0.9617834394904459,0.9924317864967138,0.9768672809253087,16,49.86000000000001,1078.125,490.2847324774619,-42.197593688964844,-16.26887321472168,-72.24716186523438,55.978288650512695
call_76856257e3ef,synthetic,train,1,61,61.0,8000,2,PCM_16,WAV,1952044,39a6b35ec061a65ed79e34261004b5d6,-25.20512580871582,0.7615966796875,0.0,9.669344581197947e-05,0.0014323770491803279,-26.464157104492188,0.7615966796875,0.0,-6.0737984313163906e-05,0.03905737704918033,0.0019712416098690154,13,12,19.679999999999986,21.39999999999999,0.3226229508196719,1.5138461538461527,3.24,9.96,60.14,3.6799999999999997,2.3425692666879177,2.86,0.8599999999999994,9.870000000000001,0.779999999999994,22.190000000000047,0.36377049180327947,13,1.7069230769230805,0.8854447439353099,1.0,0.9392423159399571,8,17.880000000000024,1140.625,403.2849789500604,-35.506710052490234,-20.829153060913086,-72.24716186523438,51.41800880432129
call_7744ab92baa3,human,train,0,179,179.7,8000,2,PCM_16,WAV,5750444,709a91deb10f138650ec6201d434342c,-30.887981414794922,0.4881591796875,0.0,7.06723949406296e-05,0.00043127434613244296,-23.978670120239258,0.8240966796875,0.0,-6.548196688527241e-05,0.02286240957150807,0.0007182764622402123,44,19,51.67999999999995,112.70000000000002,0.2875904284919307,1.1745454545454534,4.719999999999999,7.66,175.36,5.060000000000003,7.005206372571333,16.95,4.339999999999975,7.550000000000001,6.369999999999976,51.70999999999993,0.2877573734001109,30,1.7236666666666642,0.9026463202627004,0.9028207109737248,0.9027335071959819,20,44.08999999999995,687.5,414.95904875357206,-38.6885986328125,-25.541879653930664,-72.24716186523438,46.70528221130371
call_794031bf2233,synthetic,train,1,156,155.86,8000,2,PCM_16,WAV,4987564,0e821ba213709cba25e3ccdb0efea530,-29.627235412597656,0.9803466796875,0.0,-4.234671359881759e-05,0.000931926087514436,-27.332725524902344,0.8240966796875,0.0,-5.317011527949944e-05,0.03513970871294752,-0.002248663944708822,40,11,31.91999999999998,40.89999999999999,0.20479917875016027,0.7979999999999995,2.9200000000000017,4.28,154.68,10.27,10.406707344304444,3.37,1.1800000000000068,4.17,1.0700000000000216,39.57999999999974,0.25394584883869975,36,1.0994444444444373,0.7639344262295082,0.9477471839799749,0.8459712330680073,15,24.659999999999926,1625.0,570.309032572043,-38.31415557861328,-25.779117584228516,-41.599727630615234,15.820610046386719
call_7a250598cb8b,synthetic,train,1,153,152.14,8000,2,PCM_16,WAV,4868524,67fd586d787c3e604a3df620bbea62f8,-24.48501968383789,0.9490966796875,0.0,-4.1033345041796565e-05,0.0005693768897068489,-25.611665725708008,0.8865966796875,0.0,-6.40301441308111e-05,0.02908012357039569,0.00039028084334649334,21,20,38.60000000000001,74.19999999999999,0.2537136847640332,1.8380952380952384,4.819999999999993,10.04,151.34,3.08,5.000935604074481,2.18,0.799999999999983,9.93,0.6899999999999693,41.90999999999991,0.2754699618772178,20,2.0954999999999955,0.9044783230109577,0.9831693423096841,0.9421836228287841,17,37.379999999999946,1312.5,423.9840707677154,-33.568790435791016,-19.076154708862305,-46.91238784790039,27.836233139038086
call_7a345e2b0f37,synthetic,train,1,131,130.96,8000,2,PCM_16,WAV,4190764,3a00377a9fdddfade16e4dcf37ce67fe,-20.627483367919922,0.9803466796875,0.0,-2.8632834073505364e-05,0.0009344456322541234,-25.43008041381836,0.8240966796875,0.0,-5.669450911227614e-05,0.026394509773976785,1.1246261593416858e-06,11,15,29.440000000000005,67.74000000000002,0.22480146609651805,2.6763636363636367,8.579999999999998,9.6,129.22,2.1000000000000085,2.082168291322397,0.0,1.740000000000009,9.49,1.6400000000000148,31.189999999999955,0.2381643249847278,11,2.8354545454545415,0.9320948110185778,0.9884510869565217,0.9594460929772503,10,28.659999999999958,890.625,582.1422730081601,-44.17473220825195,-14.43371868133545,-47.44004440307617,33.00632572174072
call_7ae75e4aa32f,synthetic,train,1,243,242.82,8000,2,PCM_16,WAV,7770284,132e40d557015fcc625ec0a3a094d776,-20.028179168701172,0.9803466796875,0.0,9.520744060864672e-05,0.0008905773824231942,-25.907381057739258,0.9490966796875,0.0,-5.5218912166310474e-05,0.02749876451692612,0.0006740359783248148,27,22,62.63999999999997,99.90000000000006,0.25796886582653805,2.319999999999999,6.800000000000011,12.38,241.96,4.960000000000001,2.6767687254090236,3.21,0.8599999999999852,12.27,0.7599999999999909,67.81999999999987,0.2793015402355649,27,2.511851851851847,0.9218082756589604,0.9987236758136566,0.9587257829849146,23,62.34999999999992,531.25,270.9375036394241,-37.69157409667969,-14.494779586791992,-72.24716186523438,57.75238227844238
call_7b14e69a57bd,synthetic,train,1,81,80.42,8000,2,PCM_16,WAV,2573484,a55b3bf75b7c51ea286a2276ffc9ca81,-25.364368438720703,0.9803466796875,0.0,-3.501286846585572e-05,0.0012294827157423526,-30.312917709350586,0.7303466796875,0.0,-5.0399539759382606e-05,0.04412925889082318,0.00033299048906461446,17,3,10.140000000000033,10.320000000000004,0.12608803780154232,0.5964705882352961,1.1399999999999997,4.9,76.98,20.900000000000002,11.376225436862239,2.59,3.4399999999999977,4.7700000000000005,3.3100000000000165,15.939999999999948,0.19820940064660467,18,0.8855555555555527,0.6026200873362445,0.9479882237487733,0.7368421052631579,7,9.480000000000004,1859.375,695.964931459979,-37.25634002685547,-18.998790740966797,-41.775421142578125,22.776630401611328
call_7b1e73c133f8,synthetic,val,1,124,124.74,8000,2,PCM_16,WAV,3991724,8705428d04785e879fa3a71b4c153f67,-23.56806755065918,0.9803466796875,0.0,0.0001167723021353595,0.0006212922879589546,-24.75522232055664,0.8553466796875,0.0,-6.441997538786381e-05,0.02695606862273529,0.0011652517490307452,11,20,22.74000000000001,65.02000000000002,0.18229918229918238,2.0672727272727283,4.400000000000002,10.98,100.84,2.6799999999999997,1.4300413217170294,1.56,23.89999999999999,10.88,23.790000000000006,24.939999999999973,0.19993586660253307,11,2.267272727272725,0.9106928313976772,1.0,0.9532592747851604,10,23.549999999999983,1750.0,455.802377016848,-32.460052490234375,-16.577022552490234,-72.24716186523438,55.67013931274414
call_7d4f3b80384e,synthetic,train,1,131,131.56,8000,2,PCM_16,WAV,4209964,067587d644466bc5c06816c60e463681,-24.92520523071289,0.9803466796875,0.0,0.00011382353841327131,0.000589084828215263,-25.2385311126709,0.9803466796875,0.0,-6.489079532912001e-05,0.029727880814837338,-2.911953285321657e-05,8,19,35.6,64.49999999999999,0.27059896625114016,4.45,6.160000000000004,10.36,130.74,1.8599999999999994,0.3702701716314728,0.0,0.8199999999999932,10.25,0.7199999999999989,36.59999999999997,0.27820006080875626,8,4.574999999999997,0.963407973784817,0.9907329401853412,0.9768794129862938,12,36.11999999999998,1359.375,415.80145124295797,-34.536312103271484,-19.547536849975586,-72.24716186523438,52.69962501525879
call_7d5b26105bb5,synthetic,train,1,129,128.16,8000,2,PCM_16,WAV,4101164,d98f09ee6a51188798b993ceefc13d6c,-21.339139938354492,0.9803466796875,0.0,0.00013085077807772905,0.003040145131086142,-25.366689682006836,0.7615966796875,0.0,-5.586769475485198e-05,0.026243562734082397,6.487864404001744e-05,9,16,32.06,65.14,0.25015605493133586,3.5622222222222226,9.959999999999999,10.24,101.1,2.4399999999999977,1.083451275631104,0.0,27.060000000000002,10.13,27.070000000000007,33.349999999999945,0.26022159800249645,9,3.7055555555555495,0.9565608148591971,0.9959451029320024,0.9758557457212714,10,31.71999999999997,1296.875,507.61585858870484,-42.17631530761719,-15.492600440979004,-72.24716186523438,56.75456142425537
call_7f82debeb19b,human,train,0,127,127.54,8000,2,PCM_16,WAV,4081324,5a395138669a5577fed1ba09b9b539f9,-22.785425186157227,0.9803466796875,0.0,0.0001439032785128802,0.0009497020542574878,-25.74875259399414,0.7615966796875,0.0,-6.70939261908643e-05,0.028663556531284305,4.158738766255428e-05,16,16,29.500000000000014,64.34000000000002,0.23129998431864524,1.8437500000000009,5.8199999999999985,1.0,124.48,1.4000000000000004,5.147378189158264,1.18,3.0600000000000023,0.89,2.960000000000022,31.799999999999933,0.24933354241806438,15,2.1199999999999957,0.9145996860282575,0.9867886178861789,0.949323773830862,11,27.429999999999986,2468.75,962.5502901816404,-33.72428894042969,-16.771541595458984,-72.24716186523438,55.47562026977539
call_802282383eb2,synthetic,train,1,154,153.58,8000,2,PCM_16,WAV,4914604,c448491e65db575954d67b66af860245,-19.204647064208984,0.9803466796875,0.0,0.00013424296048469841,0.001642466466987889,-25.120471954345703,0.9178466796875,0.0,-5.846988642588258e-05,0.022130160177106395,-0.00033197980682210494,8,26,26.78000000000003,87.30000000000004,0.1743716629769503,3.3475000000000037,6.380000000000001,9.74,124.9,2.1100000000000003,0.28176896564384174,0.84,28.680000000000007,9.64,28.580000000000027,28.38999999999997,0.18485479880192712,8,3.548749999999996,0.9429778247096093,1.0,0.9706521739130435,11,28.38999999999997,578.125,287.4563116098015,-37.12944793701172,-11.872970581054688,-72.24716186523438,60.37419128417969
call_810c24005ecc,synthetic,val,1,112,111.44,8000,2,PCM_16,WAV,3566124,ae3ccec8677e4d9d2d64d4f749b35c6a,-21.426870346069336,0.9803466796875,0.0,-7.350206578848884e-05,0.0006954414931801867,-25.889928817749023,0.7615966796875,0.0,-6.599754851777107e-05,0.0316885768126346,-8.750395200475201e-05,17,15,30.000000000000014,50.46000000000002,0.26920315865039496,1.764705882352942,5.5,10.38,110.56,3.1000000000000014,2.8423806971765164,1.44,0.8799999999999955,10.280000000000001,0.7700000000000102,32.53999999999995,0.29199569274946113,17,1.9141176470588206,0.901594114040466,0.9800066644451849,0.9391665336100911,12,27.559999999999953,1734.375,454.23698877973993,-32.89334487915039,-16.167280197143555,-43.837093353271484,27.66981315612793
call_810e3066a7b4,synthetic,val,1,131,130.34,8000,2,PCM_16,WAV,4170924,8c58ba567b0cfa7d53d78dbb8833eb35,-28.32097816467285,0.7928466796875,0.0,0.00013781353482045233,0.0016293923584471382,-24.460765838623047,0.8865966796875,0.0,-5.9946414694422856e-05,0.024195373638177076,-0.000385500414521417,13,19,25.239999999999988,70.92000000000002,0.1936473837655362,1.9415384615384605,7.960000000000001,9.84,106.94,2.84,3.7870742481428517,2.69,23.400000000000006,9.84,23.360000000000014,26.149999999999956,0.20062912382998277,14,1.8678571428571398,0.935064935064935,0.9687376335575781,0.9516034985422741,8,21.80999999999996,1421.875,562.9555670019254,-37.4369010925293,-21.460609436035156,-72.24716186523438,50.78655242919922
call_81b12145be34,synthetic,train,1,132,131.88,8000,2,PCM_16,WAV,4220204,d6434c920e71c37fdec3f5773d8ec232,-19.48031234741211,0.9803466796875,0.0,0.00011837999772978947,0.0011231801637852593,-24.833200454711914,0.8240966796875,0.0,-6.771484186174348e-05,0.0272653169548074,-0.0016114977254791452,16,22,29.080000000000005,68.15999999999997,0.22050348801941164,1.8175000000000003,5.559999999999988,9.5,131.06,2.039999999999999,1.7338608472135244,4.76,0.8199999999999932,9.43,0.7099999999999795,31.43999999999997,0.23839854413102798,17,1.8494117647058805,0.9098698825769597,0.9848849192717279,0.9458924447377103,13,26.799999999999983,687.5,493.3955315620792,-43.598915100097656,-13.267098426818848,-72.24716186523438,58.98006343841553
call_81b98c77cf99,human,train,0,169,168.82,8000,2,PCM_16,WAV,5402284,e91edc0e1cad3096da4144daaf49d057,-27.649328231811523,0.7615966796875,0.0,0.00017241826571989805,0.0007219227579670655,-24.919950485229492,0.8240966796875,0.0,-6.610430864384398e-05,0.02604623267385381,-0.00017223485742837996,16,22,44.30000000000001,90.22,0.26240966710105446,2.7687500000000007,6.6,8.3,155.84,1.6099999999999994,1.553053444025674,2.06,12.97999999999999,8.19,12.879999999999995,46.139999999999944,0.27330884966236196,16,2.8837499999999965,0.9445767482138991,0.9839873703202526,0.9638793770020988,15,42.72999999999999,1703.125,595.2869582949024,-21.664520263671875,-22.016136169433594,-72.24716186523438,50.23102569580078
call_850d796d23a7,synthetic,train,1,138,138.36,8000,2,PCM_16,WAV,4427564,6f7ca686c151c53587f1032186edbd9c,-22.38213539123535,0.9803466796875,0.0,0.00012109993258491158,0.0014861592945938132,-24.277494430541992,0.9803466796875,0.0,-5.915714427828789e-05,0.026469897369181844,-0.0007874200052566764,13,14,36.240000000000016,71.61999999999996,0.2619254119687772,2.787692307692309,9.72,10.6,108.4,2.92,1.6497387277452407,2.2800000000000002,29.960000000000008,10.5,29.860000000000028,38.16999999999993,0.27587453021104313,15,2.544666666666662,0.9383167799268165,0.9900717043574186,0.9634997316156736,14,35.61999999999996,1187.5,505.0097409823463,-42.258148193359375,-16.789283752441406,-72.24716186523438,55.45787811279297
call_8570ae0e7d61,synthetic,train,1,168,167.42,8000,2,PCM_16,WAV,5357484,07cca735d15396fb8085db247412fba8,-16.562332153320312,0.9803466796875,0.0,-5.491231786436401e-05,0.0007354258750447975,-25.291078567504883,0.9178466796875,0.0,-5.6853888963814825e-05,0.029216939433759408,0.000766279716335015,14,19,63.74000000000003,68.54000000000002,0.380719149444511,4.552857142857145,18.0,9.42,166.58,2.1199999999999903,1.7570946567140502,2.2,0.839999999999975,9.31,0.7299999999999898,66.24999999999999,0.3957113845418707,17,3.897058823529411,0.9571579423744154,0.9952941176470588,0.9758535835127653,22,62.36999999999998,578.125,276.7618512777493,-36.17437744140625,-12.541936874389648,-72.24716186523438,59.70522499084473
call_8834a90f11cd,human,train,0,128,127.54,8000,2,PCM_16,WAV,4081324,370a53d19da44590d0c57b0100725062,-27.576374053955078,0.5740966796875,0.0,0.00019326762412674725,0.000889916888819194,-24.954280853271484,0.8865966796875,0.0,-5.811715527670458e-05,0.026090834248079033,-2.8894341398761144e-05,10,17,30.22,66.20000000000003,0.23694527207150695,3.022,4.52000000000001,9.36,120.98,1.4199999999999982,1.7681685440025223,0.0,6.560000000000002,9.25,6.470000000000013,32.16999999999992,0.25223459306884055,10,3.2169999999999925,0.9388388699161752,1.0,0.9684547638110489,10,30.89999999999994,781.25,456.56909903208197,-38.495601654052734,-21.615427017211914,-72.24716186523438,50.63173484802246
call_8893de2fe204,synthetic,train,1,176,175.92,8000,2,PCM_16,WAV,5629484,2e1a9411be4e7302e8f3382c3d110b40,-17.1970272064209,0.9803466796875,0.0,8.40478969621472e-05,0.0004405411550704866,-24.687786102294922,0.9490966796875,0.0,-5.9970934671582654e-05,0.02526219304229195,-0.00030931911486957605,8,18,61.97999999999999,89.05999999999996,0.35231923601637105,7.747499999999999,17.14,9.88,145.6,1.8000000000000043,7.422257069113141,1.1400000000000001,30.319999999999993,9.780000000000001,30.22999999999999,63.47999999999996,0.36084583901773515,8,7.934999999999995,0.9760667611399779,1.0,0.9878884462151395,17,62.159999999999954,2593.75,817.3584283431705,-34.42658233642578,-12.77025318145752,-72.24716186523438,59.476908683776855
call_88cd54e1e505,synthetic,train,1,131,131.34,8000,2,PCM_16,WAV,4202924,9c8a6260e06010e2ef0e02bd6f400211,-18.256378173828125,0.9803466796875,0.0,6.90872038831003e-05,0.0008460864930714177,-25.293285369873047,0.8865966796875,0.0,-6.626969116041437e-05,0.02808074463225217,4.173705492692042e-06,9,15,30.760000000000005,65.85999999999999,0.23420130957819404,3.4177777777777782,6.720000000000006,12.06,103.04,3.7399999999999984,1.0828768268931692,1.1,28.299999999999997,11.96,28.210000000000008,31.62999999999998,0.24082533881528842,7,4.518571428571426,0.9554502369668246,0.9824561403508771,0.9687650168188371,10,30.939999999999976,546.875,269.6867213686395,-35.351783752441406,-12.14254379272461,-72.24716186523438,60.104618072509766
call_88d7858b7921,synthetic,train,1,142,142.46,8000,2,PCM_16,WAV,4558764,753c61608de17e6e9e261c0018dec13e,-17.913864135742188,0.9803466796875,0.0,6.87802312313579e-05,0.000694054471430577,-26.003917694091797,0.6365966796875,0.0,-5.726084054913372e-05,0.02720675979222238,-0.00010198370719061208,8,13,50.46000000000002,69.06000000000003,0.3542046890355189,6.307500000000003,21.460000000000008,9.52,141.66,2.1000000000000014,8.935020635118867,1.46,0.8000000000000114,9.43,0.6899999999999977,51.98999999999997,0.3649445458374278,8,6.498749999999996,0.9707748509901942,1.0,0.9851707317073171,16,50.55,703.125,502.88956781199204,-43.1645393371582,-13.53614330291748,-72.24716186523438,58.711018562316895
call_893d552b156a,human,train,0,153,152.82,8000,2,PCM_16,WAV,4890284,172c4c514340ee2a2c460b4a03d8aa32,-20.208812713623047,0.9803466796875,0.0,0.0001231021451530978,0.0011827640361209266,-24.57244110107422,0.8553466796875,0.0,-6.783471326343715e-05,0.027018714827902107,-0.001552045530362891,16,19,37.63999999999998,85.03999999999999,0.24630283994241578,2.3524999999999987,6.519999999999996,9.22,143.72,1.3899999999999952,3.720451711486118,3.52,9.099999999999994,9.66,9.0,38.13999999999997,0.24957466300222467,17,2.243529411764704,0.9445026178010472,0.9583001328021248,0.9513513513513514,14,34.97999999999998,875.0,548.865328395965,-39.49524688720703,-14.211008071899414,-72.24716186523438,58.03615379333496
call_8a3996f823e4,human,train,0,136,135.92,8000,2,PCM_16,WAV,4349484,e728638254f073f1625b1e461dfdef2b,-21.93354606628418,0.9803466796875,0.0,0.00011854615149786696,0.002115214832254267,-25.676420211791992,0.6990966796875,0.0,-6.511052924906835e-05,0.030922601530311948,0.000532692329802134,17,15,43.40000000000007,68.11999999999999,0.31930547380812296,2.5529411764705925,8.960000000000008,1.2,135.5,1.609999999999998,7.500349054377404,3.5300000000000002,0.4199999999999875,1.0899999999999999,0.3199999999999932,44.369999999999905,0.3264420247204231,14,3.1692857142857074,0.9461954074741108,0.9673187571921749,0.9566404916353705,15,40.41999999999995,1125.0,644.0762835986046,-32.340232849121094,-17.08559226989746,-72.24716186523438,55.161569595336914
call_8a570a10920b,synthetic,train,1,183,182.72,8000,2,PCM_16,WAV,5847084,19d339d8e212a1896ef8e3c4c7941c9d,-17.795808792114258,0.9803466796875,0.0,9.862704609986395e-05,0.0009591177758318739,-25.399166107177734,0.9803466796875,0.0,-5.33166567038279e-05,0.026690427977232926,0.0011037283876802204,14,28,58.19999999999998,83.82000000000001,0.31852014010507873,4.157142857142856,16.680000000000007,11.18,153.56,3.400000000000013,0.8180963468033935,7.9,29.159999999999997,11.08,29.049999999999983,60.95999999999995,0.3336252189141854,14,4.3542857142857105,0.9542622950819672,1.0,0.9765959231608087,19,57.69999999999997,2640.625,813.4449281312169,-33.3657341003418,-13.058408737182617,-72.24716186523438,59.18875312805176
call_8a61615c9927,human,train,0,174,174.34,8000,2,PCM_16,WAV,5578924,47026c5449d1fabfa69e99d655be2c4d,-31.11963653564453,0.7615966796875,0.0,0.00011258175072725862,0.0005700068831019846,-25.100059509277344,0.8240966796875,0.0,-6.0005182604072616e-05,0.02486807387862797,-0.0003996998932556463,35,31,41.19999999999996,90.95999999999994,0.23631983480555213,1.177142857142856,4.939999999999998,0.76,166.14,3.0,3.7852566924492543,7.9,8.200000000000017,0.65,8.099999999999994,44.59999999999987,0.25582195709533023,32,1.393749999999996,0.8731543624161073,0.9461818181818182,0.9082024432809773,17,32.42999999999995,1937.5,720.0128454927077,-33.14189147949219,-25.534669876098633,-72.24716186523438,46.71249198913574
call_8a9391c1823b,human,train,0,134,133.92,8000,2,PCM_16,WAV,4285484,f654373adfe1fc955410e02de72b0576,-23.54673194885254,0.9803466796875,0.0,1.502054146840237e-05,0.000949260752688172,-24.1710262298584,0.8240966796875,0.0,-5.9985231928294525e-05,0.021328031660692953,0.004008843035171132,30,26,52.360000000000035,76.39999999999996,0.39097968936678645,1.7453333333333345,7.299999999999997,1.14,133.9,2.979999999999997,2.992909575796464,17.41,0.01999999999998181,1.0299999999999998,2.089999999999975,56.31999999999981,0.42054958183990304,29,1.9420689655172347,0.9091876551968783,0.9782442748091603,0.942452656738371,20,47.61999999999995,2406.25,971.4103535563676,-27.364643096923828,-19.78511619567871,-69.45964050292969,49.67452430725098
call_8ade6f74aa33,synthetic,train,1,142,141.74,8000,2,PCM_16,WAV,4535724,a0d193e6440a7e49b8d077eac5d3049f,-21.82684898376465,0.9803466796875,0.0,0.00012354322825558484,0.009725553830958092,-25.458908081054688,0.8240966796875,0.0,-5.813820462208241e-05,0.029702271765203896,0.0002780107578873956,17,17,34.28000000000002,64.94,0.2418512769860309,2.0164705882352956,3.8599999999999994,10.76,141.0,3.1799999999999926,2.1668838148659533,0.72,0.7400000000000091,10.67,0.7800000000000011,36.91999999999996,0.26047692958938873,18,2.051111111111109,0.9221411192214112,0.9938811188811189,0.9566680689945309,15,34.75999999999998,859.375,462.3662331107268,-41.897090911865234,-15.98507308959961,-72.30179595947266,56.31672286987305
call_8ae3fce602f3,synthetic,train,1,160,160.72,8000,2,PCM_16,WAV,5143084,e069ecd1e4267d773628b648af6e63ad,-21.679759979248047,0.9803466796875,0.0,9.978300658985972e-05,0.007756501991040318,-25.360595703125,0.6678466796875,0.0,-6.632702570641413e-05,0.030242035838725735,0.00018854217105792727,16,20,28.279999999999994,80.42,0.17595818815331007,1.7674999999999996,6.280000000000001,12.72,136.54,4.41,1.7313217494157471,1.12,24.180000000000007,12.620000000000001,24.090000000000003,30.91999999999993,0.1923842707814829,15,2.061333333333329,0.9069466882067851,0.9922234004948746,0.9476704929101958,13,28.049999999999955,578.125,293.1957807463049,-37.756980895996094,-14.562291145324707,-72.2743911743164,57.7121000289917
call_8c2ebe3761bb,synthetic,train,1,131,130.84,8000,2,PCM_16,WAV,4186924,024ac64c65ab9267c497fb74022dd087,-19.368728637695312,0.9803466796875,0.0,0.00010438101162435487,0.000828301742586365,-25.726774215698242,0.8240966796875,0.0,-6.586749805137515e-05,0.03228179455823907,0.0001134427263345688,10,13,42.58000000000001,59.660000000000004,0.32543564659125657,4.258000000000001,9.48,9.16,130.06,1.9799999999999986,1.4943694322355514,0.88,0.7800000000000011,9.06,0.6699999999999875,44.36999999999997,0.33911647814124096,10,4.436999999999997,0.9596846846846847,1.0,0.9794276519940237,12,40.820000000000014,1125.0,595.9900672661805,-40.62520980834961,-14.672271728515625,-72.24716186523438,57.57489013671875
call_8c6b33721067,synthetic,train,1,151,150.88,8000,2,PCM_16,WAV,4828204,c68d1a83212b3d4cfa164f930d11e25a,-31.316818237304688,0.9803466796875,0.0,9.672906890045851e-05,0.0012302823435843054,-26.441295623779297,0.9178466796875,0.0,-6.300877430476248e-05,0.03354569856839873,0.0006794098036997307,9,20,65.4,53.719999999999985,0.433457051961824,7.2666666666666675,24.540000000000006,11.0,150.02,2.6000000000000014,3.995630947255597,1.06,0.8599999999999852,10.9,0.7699999999999818,66.94999999999997,0.4437301166489924,9,7.438888888888886,0.9768553083470211,1.0,0.9882921670821059,18,64.03999999999999,843.75,402.1101943136879,-37.58312225341797,-27.7882022857666,-72.24716186523438,44.45895957946777
call_8cafd2754e55,synthetic,val,1,176,175.7,8000,2,PCM_16,WAV,5622444,d75fc424531eb66d0ab1f5236d055a26,-20.351696014404297,0.9803466796875,0.0,-5.403921386459842e-05,0.0007683551508252703,-26.077024459838867,0.7615966796875,0.0,-6.477968418039382e-05,0.028706602162777463,-0.00018480825039913904,15,20,45.52000000000004,88.61999999999992,0.25907797381900993,3.034666666666669,12.480000000000004,10.06,172.5,2.4400000000000004,3.4719022003634956,0.77,3.1999999999999886,9.96,3.089999999999975,48.649999999999956,0.2768924302788842,14,3.474999999999997,0.9332511809406449,0.9980232813529542,0.9645510507323286,16,46.19999999999998,1734.375,485.85696859854215,-33.514156341552734,-14.783123970031738,-48.88313293457031,34.100008964538574
call_8d3ea77f4bb4,synthetic,train,1,136,135.4,8000,2,PCM_16,WAV,4332844,a1bb3d503f508197ac1d23c896d75493,-20.712665557861328,0.9803466796875,0.0,0.00011423378600738943,0.0013053914327917282,-26.063953399658203,0.7615966796875,0.0,-5.606562626780942e-05,0.025073855243722305,-0.000690144220248691,16,21,26.04000000000002,63.89999999999999,0.1923190546528805,1.6275000000000013,4.18,12.52,134.58,5.140000000000004,2.2537413338713037,1.25,0.8199999999999932,12.41,0.710000000000008,29.209999999999944,0.21573116691285038,16,1.8256249999999965,0.8911262798634813,1.0,0.9424291644107562,11,24.659999999999954,531.25,290.28975775560133,-38.60463333129883,-14.051819801330566,-72.24716186523438,58.19534206390381
call_8d6cd93e02b8,human,train,0,141,141.64,8000,2,PCM_16,WAV,4532524,4878e6293ef89653bc850ff0d1180676,-26.75916290283203,0.8865966796875,0.0,0.0001952896564034745,0.0009531205874046879,-25.52686309814453,0.7303466796875,0.0,-5.78193248657044e-05,0.024115715899463427,-0.00015277345450997223,15,25,32.94000000000001,77.85999999999997,0.23256142332674395,2.1960000000000006,5.539999999999999,9.26,135.28,1.1000000000000014,2.962520248407127,2.63,6.359999999999985,9.16,6.319999999999993,35.019999999999904,0.2472465405252747,15,2.3346666666666605,0.9263698630136986,0.9845313921747043,0.9545655050727834,12,30.349999999999966,843.75,519.380064926423,-39.40925216674805,-20.70136070251465,-72.24716186523438,51.54580116271973
call_8d75a71e6126,synthetic,val,1,164,163.74,8000,2,PCM_16,WAV,5239724,fd4c5461a99892f10ea8f04f2e029551,-19.606609344482422,0.9803466796875,0.0,7.365408237092197e-05,0.0010985403688774887,-25.556734085083008,0.8240966796875,0.0,-6.512150139315054e-05,0.03015374984731892,0.000925459830225106,12,25,45.45999999999998,84.56,0.27763527543666777,3.7883333333333318,10.439999999999998,5.7,162.94,2.4200000000000017,2.3920348148711286,3.7600000000000002,0.8000000000000114,5.590000000000001,0.700000000000017,47.80999999999991,0.29198729693416337,12,3.9841666666666593,0.9506585824796153,1.0,0.9747052518756699,14,45.139999999999965,1703.125,479.26950399215406,-33.07685470581055,-14.260265350341797,-72.24716186523438,57.98689651489258
call_8da8b9947630,human,val,0,185,185.04,8000,2,PCM_16,WAV,5921324,ebe84272a7162d9683570c98899feb10,-33.013607025146484,0.5740966796875,0.0,0.00015686899132560939,0.007823308473843493,-24.727420806884766,0.9178466796875,0.0,-6.533720443258062e-05,0.023933338737570257,-0.00017067495741274148,14,28,30.500000000000036,113.34,0.164829226113273,2.178571428571431,6.5,1.1,183.38,1.240000000000002,2.4867478346023346,1.52,1.6599999999999966,0.9900000000000001,19.5,31.319999999999926,0.16926070038910465,12,2.6099999999999937,0.9339712918660287,0.95968534906588,0.9466537342386033,11,28.78999999999995,1328.125,591.9505786869873,-33.209293365478516,-25.37674331665039,-72.24716186523438,46.870418548583984
call_8e6c9fa78a21,synthetic,train,1,129,128.44,8000,2,PCM_16,WAV,4110124,94b3c7f87ef1fbc0751b702adf418110,-25.440414428710938,0.8240966796875,0.0,0.00012684895773418248,0.0006033945811273747,-25.33405113220215,0.8553466796875,0.0,-6.623602530453354e-05,0.02764033790096543,0.00027050360388701234,10,20,31.100000000000055,65.92,0.24213640610401788,3.1100000000000056,7.879999999999999,10.5,127.64,2.250000000000001,1.4584114645736987,1.18,0.7999999999999972,10.39,0.7400000000000091,32.939999999999884,0.25646216132046,10,3.2939999999999885,0.945658773527626,1.0,0.9720705258230613,11,31.639999999999937,1812.5,587.2373684637477,-35.555416107177734,-19.53071403503418,-72.24716186523438,52.716447830200195
call_8ed994ce484f,synthetic,train,1,167,167.34,8000,2,PCM_16,WAV,5354924,41da719fff5f24a6b7abf7697be699d6,-18.546825408935547,0.9803466796875,0.0,6.0653186665149406e-05,0.00405387235568304,-25.52032470703125,0.7615966796875,0.0,-5.8388279285281897e-05,0.02704673120592805,-0.0004645388377338166,12,20,46.060000000000024,77.30000000000003,0.2752479980877257,3.838333333333335,13.939999999999998,9.96,155.7,2.2299999999999898,0.5056019514730301,1.35,11.640000000000015,9.860000000000001,11.530000000000001,48.040000000000006,0.2870801960081272,11,4.367272727272728,0.9523908523908524,0.9937093275488069,0.9726114649681529,14,45.72999999999999,1468.75,370.3194439893963,-33.257606506347656,-13.186367988586426,-72.24716186523438,59.06079387664795
call_8ee1e10130a2,synthetic,train,1,127,126.94,8000,2,PCM_16,WAV,4062124,4d25af4eac6e404d9d30538cbfca939b,-20.007774353027344,0.9803466796875,0.0,0.00010845917131518945,0.0019005041752008824,-25.06875228881836,0.8240966796875,0.0,-6.679930083919317e-05,0.031062903734047582,0.0006431368600066911,11,18,36.90000000000002,61.160000000000004,0.29068851425870507,3.3545454545454563,9.22,9.22,126.18,1.960000000000008,1.1147308165599592,3.94,0.7599999999999909,9.120000000000001,0.6600000000000108,38.89999999999992,0.30644398928627636,11,3.536363636363629,0.9483556012332991,1.0,0.9734933403666095,13,37.189999999999955,1109.375,633.5001438892091,-41.617408752441406,-14.905324935913086,-72.24716186523438,57.34183692932129
call_8f8e2145bc91,synthetic,train,1,120,119.74,8000,2,PCM_16,WAV,3831724,fa57c58654ecf1fbd48e2c8d0441ea09,-30.630491256713867,0.9803466796875,0.0,0.00011536607780726627,0.001186946717888759,-25.34539794921875,0.7303466796875,0.0,-5.717216117773205e-05,0.02631013028227827,-0.00041109715377891893,8,17,40.19999999999999,54.60000000000003,0.33572740938700507,5.024999999999999,14.520000000000001,9.74,118.96,2.229999999999997,0.5820438127838826,1.3,0.7800000000000011,9.64,0.6800000000000068,41.83999999999992,0.34942375146149923,8,5.22999999999999,0.9608124253285544,1.0,0.9800146234462588,12,40.39999999999998,1453.125,511.83719720319687,-35.696563720703125,-26.064208984375,-72.24716186523438,46.182952880859375
call_9083846f078a,synthetic,train,1,144,143.36,8000,2,PCM_16,WAV,4587564,ea96a2605191bc861d46021bad9a95e5,-17.542835235595703,0.9803466796875,0.0,2.0729112293338403e-05,0.0009504045758928571,-25.49068260192871,0.7928466796875,0.0,-6.03923290327657e-05,0.02811192103794643,-0.0002659995467157482,9,19,48.820000000000014,64.0,0.3405412946428572,5.424444444444446,16.5,10.18,142.64,2.1799999999999997,5.3115229965811,1.2,0.7200000000000273,10.08,0.6299999999999955,50.58999999999994,0.3528878348214281,9,5.621111111111104,0.964836033188463,1.0,0.9821033581339231,15,48.07999999999998,1000.0,328.14671886812357,-33.91548538208008,-13.019245147705078,-72.24716186523438,59.2279167175293
call_91a25cd95998,synthetic,train,1,133,132.56,8000,2,PCM_16,WAV,4241964,9df56997a1189a9440508a8bcb64d980,-20.295114517211914,0.9803466796875,0.0,0.0001224276056746021,0.0008147254073627037,-25.435455322265625,0.7928466796875,0.0,-5.65908158023376e-05,0.026692629752564877,-0.001408240230164827,13,21,32.25999999999999,67.54000000000005,0.24336149668074827,2.481538461538461,10.019999999999996,9.52,125.8,1.8799999999999955,0.22414069968311673,4.18,6.760000000000005,9.42,6.660000000000011,34.80999999999989,0.2625980687990336,13,2.677692307692299,0.9259684361549498,1.0,0.9615613825983313,12,31.059999999999945,937.5,569.4509469115453,-43.79603576660156,-14.48805046081543,-72.24716186523438,57.759111404418945
call_924e8a27e4de,human,train,0,150,149.72,8000,2,PCM_16,WAV,4791084,d1bd8a62dd39111e0f5f30a41f00cd5c,-21.55158042907715,0.9803466796875,0.0,0.0001907177356770262,0.0007121627037135987,-25.41518211364746,0.6990966796875,0.0,-6.450884393416345e-05,0.029593574672722413,0.0001056018387151408,15,23,26.759999999999973,70.24000000000004,0.17873363612075857,1.7839999999999983,5.02,6.54,143.82,2.620000000000001,2.100245065065821,0.97,5.900000000000006,8.05,5.9199999999999875,27.589999999999932,0.18427731765963087,14,1.970714285714281,0.9134685010861694,0.9421209858103062,0.9275735294117647,10,23.959999999999937,765.625,449.04418653582934,-34.32597351074219,-14.206356048583984,-72.24716186523438,58.04080581665039
call_925ba94f05a4,synthetic,val,1,234,234.2,8000,2,PCM_16,WAV,7494444,c326970e6c25d92b33c35651c40dde3f,-23.470333099365234,0.9803466796875,0.0,-3.160276173730381e-05,0.0010092869342442357,-26.700735092163086,0.9803466796875,0.0,-5.428558506537229e-05,0.03088012382578992,0.00012047838219712575,43,21,64.10000000000002,85.44000000000013,0.27369769427839463,1.4906976744186051,9.159999999999997,5.32,223.44,7.939999999999998,10.839520603913295,11.290000000000001,10.759999999999991,5.220000000000001,10.659999999999997,73.2899999999998,0.3129376601195551,44,1.6656818181818134,0.8720359771054783,0.9970395761919602,0.9303576621110788,25,56.109999999999935,1625.0,589.1093875454305,-39.04907989501953,-18.605173110961914,-44.35175323486328,25.746580123901367
call_927c1f5f2007,synthetic,train,1,172,171.78,8000,2,PCM_16,WAV,5497004,c8cc22f329c65ec376e00ba9cb40b91f,-18.228971481323242,0.9803466796875,0.0,1.010901451081736e-05,0.0009015892420537897,-25.499927520751953,0.9178466796875,0.0,-6.35201286058873e-05,0.030492490394690885,0.000582885910877834,12,21,54.220000000000034,82.93999999999997,0.3156362789614625,4.518333333333336,17.279999999999998,9.46,142.3,2.1900000000000013,0.8908360617357627,2.18,29.47999999999999,9.360000000000001,29.379999999999995,56.4499999999999,0.32861799976714345,12,4.704166666666659,0.9606870904905259,1.0,0.9799494219653179,15,52.909999999999954,562.5,277.89549754654905,-34.33233642578125,-13.395896911621094,-72.24716186523438,58.85126495361328
call_9491f635b944,synthetic,train,1,153,152.18,8000,2,PCM_16,WAV,4869804,dec43c1045341709679bb66265f78801,-29.720123291015625,0.9178466796875,0.0,0.00015974212146829814,0.0056955578919700356,-25.202844619750977,0.8553466796875,0.0,-5.986412725178525e-05,0.026463727165199107,0.00026369680617072247,8,26,15.040000000000013,71.68,0.09883033250098576,1.8800000000000017,3.319999999999993,10.04,129.58,2.4000000000000012,1.8424711666672011,1.33,22.599999999999994,9.950000000000001,22.52000000000001,16.599999999999916,0.10908135103167246,8,2.0749999999999895,0.907942238267148,1.0,0.9517502365184485,6,15.259999999999955,1375.0,425.83189691566776,-32.364280700683594,-20.142902374267578,-72.30179595947266,52.15889358520508
call_94a8c8502249,human,train,0,168,168.5,8000,2,PCM_16,WAV,5392044,8c0884da0174c8fab4408452a17454c8,-30.176586151123047,0.9178466796875,0.0,0.00010221196862403303,0.0027885756676557863,-25.463512420654297,0.9178466796875,0.0,-6.54339455650188e-05,0.028285608308605343,-0.00010636666331050982,31,25,47.859999999999985,83.74000000000002,0.28403560830860525,1.543870967741935,5.24,0.62,166.64,2.1099999999999994,2.553437856868441,9.22,1.8600000000000136,0.53,2.799999999999983,49.86999999999989,0.295964391691394,27,1.847037037037033,0.9017017017017017,0.9393117831074036,0.9201225740551583,19,42.19999999999991,1625.0,785.2507063386586,-34.45505905151367,-24.928428649902344,-72.24716186523438,47.31873321533203
call_957a8384caff,synthetic,val,1,149,148.6,8000,2,PCM_16,WAV,4755244,feb2816d8b73ec30fb90801ca48b1fe0,-21.171369552612305,0.9803466796875,0.0,9.497816063230857e-05,0.0006981830417227456,-25.788589477539062,0.7928466796875,0.0,-4.626629743142985e-05,0.44047947510094215,-0.0011716446431774136,10,11,53.680000000000014,77.60000000000002,0.3612382234185735,5.368000000000001,19.440000000000012,9.78,141.08,2.5799999999999983,3.692212886603373,3.89,7.519999999999982,9.68,7.4199999999999875,55.239999999999945,0.37173620457604273,12,4.603333333333329,0.9672516736023159,0.9951600893521966,0.9810074318744839,16,52.02999999999995,1609.375,628.2637153036354,-40.53537368774414,-16.873741149902344,-72.24716186523438,55.37342071533203
call_95ccefc6e4ce,human,val,0,226,226.38,8000,2,PCM_16,WAV,7244204,6fd24a1d88faef88938b9c0130e8f71a,-24.497528076171875,0.9178466796875,0.0,-6.592716090381145e-05,0.010247702977294814,-25.1339054107666,0.9803466796875,0.0,-5.702849375666119e-05,0.02581058397384928,-0.000532073771877885,22,34,55.87999999999998,111.07999999999998,0.2468415937803692,2.539999999999999,11.36,9.7,213.82,1.8599999999999972,3.893480034218683,4.71,12.560000000000002,9.6,12.47999999999999,57.819999999999936,0.25541125541125514,21,2.7533333333333303,0.9410748228788665,0.9740654623502056,0.9572859905079979,20,52.96999999999993,1046.875,499.5999835805113,-28.59014320373535,-18.605579376220703,-72.24716186523438,53.64158248901367
call_9741efdd34af,human,train,0,135,135.88,8000,2,PCM_16,WAV,4348204,f2436cfc58a3fd2cedf6f4a1480b178e,-30.12137222290039,0.9178466796875,0.0,0.0001998878869926557,0.004767993818074772,-25.071935653686523,0.9803466796875,0.0,-6.728780135745183e-05,0.02530081689726229,4.693624377720144e-05,12,20,27.720000000000024,79.04,0.204003532528702,2.310000000000002,6.100000000000001,9.52,125.9,1.259999999999998,2.315995106500297,1.24,9.97999999999999,9.42,9.89,29.179999999999936,0.21474830732999659,10,2.9179999999999935,0.9372858122001371,0.9855855855855856,0.9608290883541191,11,28.25999999999995,843.75,521.6673549568602,-36.219818115234375,-23.444820404052734,-72.24716186523438,48.80234146118164
call_97701e543c60,synthetic,train,1,142,141.52,8000,2,PCM_16,WAV,4528684,64075113bdaf050d5f8175638b626524,-19.19865608215332,0.9803466796875,0.0,-0.00011923926649615169,0.0005546919163369135,-26.72201156616211,0.8240966796875,0.0,-6.438406853703782e-05,0.03961807518371962,0.0005618547518133639,33,13,33.419999999999995,46.94,0.23615036743923115,1.0127272727272725,7.1200000000000045,6.58,140.66,4.3199999999999985,7.960655177771175,4.33,0.8600000000000136,6.45,0.75,40.77999999999984,0.2881571509327292,29,1.4062068965517185,0.7764993880048959,0.9477143710785778,0.8536060279870828,17,32.989999999999895,593.75,273.948013022005,-34.65935134887695,-13.902360916137695,-42.478214263916016,28.57585334777832
call_989dad5aa1af,human,train,0,126,125.96,8000,2,PCM_16,WAV,4030764,19241b61251a29c5933a65083f45eb46,-25.57775115966797,0.8865966796875,0.0,0.00015761738177388906,0.0006559622102254684,-24.068553924560547,0.8240966796875,0.0,-6.696653144899756e-05,0.025494204509368054,-0.00028691523689797205,15,15,30.099999999999998,76.78000000000004,0.23896475071451254,2.0066666666666664,6.939999999999998,0.74,116.88,2.32,2.264728663298839,2.6,9.079999999999998,9.530000000000001,9.0,31.069999999999986,0.24666560812956484,13,2.389999999999999,0.9309125964010283,0.9608623548922056,0.9456503998694303,12,29.079999999999995,1062.5,577.434576638765,-31.109445571899414,-19.499183654785156,-72.24716186523438,52.74797821044922
call_9a3d5b0a64a3,human,val,0,215,214.72,8000,2,PCM_16,WAV,6871084,2960527131337733347c157b68537044,-24.58837127685547,0.8240966796875,0.0,-6.757201481377706e-05,0.003758383010432191,-25.837200164794922,0.8553466796875,0.0,-6.655410106759518e-05,0.028949329359165426,0.0005192294999421544,25,20,61.27999999999996,110.69999999999999,0.28539493293591633,2.4511999999999983,10.159999999999997,9.6,214.72,3.8200000000000003,5.991541985165424,1.44,0.0,9.5,0.0,63.44999999999993,0.295501117734724,25,2.537999999999997,0.9390838973713206,0.9734051231848588,0.9559365486300272,25,60.96999999999993,937.5,459.08732910358816,-29.68317413330078,-19.318798065185547,-72.24716186523438,52.92836380004883
call_9bb847dfc83e,human,val,0,123,123.52,8000,2,PCM_16,WAV,3952684,63b0b6975ceac7e20f8527228675a050,-32.35807800292969,0.6053466796875,0.0,0.0001617940579308197,0.0008895320595854922,-24.287277221679688,0.7303466796875,0.0,-5.887308361707255e-05,0.02284346664507772,-5.421830672572414e-05,11,22,20.220000000000013,74.29999999999998,0.16369818652849752,1.8381818181818195,3.799999999999999,0.56,121.84,1.3100000000000023,4.067547664133756,2.44,1.6799999999999926,0.45000000000000007,1.6099999999999994,22.319999999999933,0.18069948186528442,11,2.029090909090903,0.905145413870246,1.0,0.9502113668388915,8,19.869999999999973,1859.375,647.2886902782788,-31.890357971191406,-24.933677673339844,-72.24716186523438,47.31348419189453
call_9c2dbbd1fe2e,synthetic,train,1,141,140.32,8000,2,PCM_16,WAV,4490284,5b167b1a3a06861d2b5f7213cd06ce3c,-23.871814727783203,0.9803466796875,0.0,0.0001022968499455601,0.0006707881984036488,-25.779111862182617,0.7615966796875,0.0,-6.372403731802478e-05,0.0311537913340935,-0.00037812949498947427,9,11,44.10000000000001,66.61999999999999,0.31428164196123154,4.900000000000001,7.320000000000002,9.62,139.6,2.280000000000001,1.661512028912882,0.46,0.7199999999999989,9.51,0.6199999999999761,45.65999999999995,0.3253990877993155,10,4.5659999999999945,0.962582056892779,0.9970534904805077,0.9795145847250055,12,42.41999999999998,1531.25,456.49661691232427,-34.293548583984375,-18.996021270751953,-72.24716186523438,53.25114059448242
call_9dc1a304389f,synthetic,train,1,152,151.48,8000,2,PCM_16,WAV,4847404,5f08d4cf5bba81196eb469421cedad2e,-21.597305297851562,0.9490966796875,0.0,9.051963570527732e-05,0.0005116186955373647,-26.10651397705078,0.8240966796875,0.0,-5.7857585488818586e-05,0.02468477686823343,0.00017438921832308137,18,23,41.89999999999999,71.52000000000002,0.2766041721679429,2.3277777777777775,5.340000000000003,10.5,150.68,3.2600000000000042,3.0410388494642127,1.3,0.799999999999983,10.39,0.7099999999999795,44.59999999999995,0.2944283073673089,17,2.6235294117647032,0.9283314669652856,0.9890240992603198,0.95771719038817,17,42.26999999999996,687.5,296.9058911868319,-34.50559997558594,-16.314292907714844,-72.24716186523438,55.93286895751953
call_9f11e2c5441c,human,val,0,128,128.66,8000,2,PCM_16,WAV,4117164,db2d78a2f665fa2381a9b9c03ad24b50,-29.047374725341797,0.7928466796875,0.0,0.00012662552762776613,0.0015758588527903,-24.609060287475586,0.9178466796875,0.0,-6.635213503614068e-05,0.028486903466500856,0.00045747080831527514,22,17,34.220000000000006,64.36000000000001,0.26597233017254784,1.5554545454545456,9.840000000000003,0.4,127.94,3.4,3.7026303085528345,5.24,0.7199999999999989,0.78,6.760000000000005,32.70999999999996,0.25423597077568755,16,2.0443749999999974,0.9386259541984733,0.8977803738317757,0.9177489177489178,12,27.749999999999964,1578.125,697.4779344400056,-25.894678115844727,-23.100507736206055,-72.24716186523438,49.14665412902832
call_a0fbbe7bfec4,human,train,0,158,157.8,8000,2,PCM_16,WAV,5049644,7ed51824bc3c16a7be397c2a13e2a755,-26.341066360473633,0.8865966796875,0.0,5.033118213759735e-05,0.0008420468948035488,-24.97624969482422,0.8553466796875,0.0,-5.721078923670575e-05,0.022639416983523446,-9.557042995929288e-05,21,23,38.54000000000001,85.79999999999995,0.24423320659062112,1.8352380952380958,5.739999999999998,1.02,135.86,2.25,2.9146245041171266,4.41,21.939999999999998,0.92,23.450000000000017,39.089999999999954,0.2477186311787069,19,2.057368421052629,0.9216836734693877,0.9369813278008299,0.9292695473251029,14,33.97999999999993,1062.5,427.5938255065529,-22.217653274536133,-20.28089714050293,-72.24716186523438,51.966264724731445
call_a2aa58c1750b,human,train,0,137,137.28,8000,2,PCM_16,WAV,4393004,5e913f9d87ba98b83253087d2bc940eb,-26.71126937866211,0.7928466796875,0.0,0.00010767649655463174,0.0009369536713286713,-25.06534767150879,0.7303466796875,0.0,-6.741265679011121e-05,0.026261108682983682,0.00044088613660418796,17,18,38.19999999999998,75.62000000000003,0.27826340326340315,2.247058823529411,7.66,0.94,131.1,1.509999999999998,1.7583617197550692,2.91,6.180000000000007,0.84,6.079999999999984,40.77999999999993,0.29705710955710907,19,2.1463157894736806,0.9185420743639922,0.9819560669456067,0.9491911021233569,13,35.54999999999998,1015.625,488.5031903579575,-29.387657165527344,-21.44007682800293,-72.24716186523438,50.807085037231445
call_a381913d938c,synthetic,train,1,111,110.96,8000,2,PCM_16,WAV,3550764,61b3edce54dfadbd7d7a41da47be3bab,-19.1004695892334,0.9803466796875,0.0,-6.053610923117958e-05,0.0009440338860850757,-25.12782096862793,0.7928466796875,0.0,-5.5159503972390667e-05,0.028714176279740447,0.0008445486578757289,24,20,26.82000000000001,48.83999999999998,0.24170872386445577,1.1175000000000004,3.7799999999999994,4.24,102.28,2.360000000000003,3.458120475377083,7.2700000000000005,8.679999999999993,4.130000000000001,8.570000000000007,31.919999999999845,0.2876712328767109,24,1.3299999999999936,0.8398498592430403,1.0,0.9129547772866372,10,22.269999999999943,1187.5,350.0457046129317,-32.96663284301758,-13.845674514770508,-40.02214813232422,26.17647361755371
call_a3a1f51a4bf9,synthetic,val,1,129,128.84,8000,2,PCM_16,WAV,4122924,b2f75b58e1ea886fe765e8df35ec2f17,-20.936391830444336,0.9803466796875,0.0,9.711726306704804e-05,0.0007538419745420677,-25.121505737304688,0.7928466796875,0.0,-6.655847391812131e-05,0.02964432629618131,9.353594505486965e-05,11,15,27.340000000000007,67.95999999999998,0.21220117975783923,2.4854545454545462,5.18,9.92,117.2,2.1000000000000014,1.6466183729436819,0.84,11.64,9.81,11.550000000000011,29.499999999999915,0.22896615957777022,11,2.681818181818174,0.9258632362897766,1.0,0.9615046581121462,10,27.72999999999994,1718.75,470.11878417500975,-32.63323211669922,-14.53412914276123,-72.24716186523438,57.713032722473145
call_a426226cf8b9,synthetic,train,1,139,139.3,8000,2,PCM_16,WAV,4457644,c36ca0e4e7600479f5312c7c51347669,-27.17021942138672,0.6990966796875,0.0,-4.083746898686513e-05,0.0009251615218951902,-25.3901309967041,0.8553466796875,0.0,-5.622277603833936e-05,0.026355886575735822,-0.00018612055401646892,20,18,24.720000000000027,63.58000000000001,0.17745872218234046,1.2360000000000013,4.220000000000001,12.74,138.3,3.8199999999999967,2.3082538855160633,2.0,1.0,12.63,0.9000000000000057,27.3299999999999,0.196195262024407,17,1.6076470588235234,0.876782449725777,0.9688888888888889,0.9205374280230326,12,23.749999999999947,1109.375,384.0283355033562,-35.77381896972656,-20.4752197265625,-45.76634979248047,25.29113006591797
call_a4683528fef4,human,train,0,165,164.78,8000,2,PCM_16,WAV,5273004,206475906f61ed05f917b63936eec089,-22.336061477661133,0.9803466796875,0.0,0.00013705574383493513,0.0006136970506129385,-24.28533172607422,0.9490966796875,0.0,-6.707755528623238e-05,0.026221325403568394,0.0001276394580018317,18,22,40.46000000000002,89.56,0.24553950722175036,2.247777777777779,10.180000000000007,0.42,154.44,1.6999999999999993,4.175833919989591,3.67,10.340000000000003,0.30999999999999994,10.240000000000009,42.58999999999995,0.258465833232188,16,2.6618749999999967,0.9275668073136427,0.977278340330946,0.9517739025856885,17,40.24999999999994,1875.0,845.7048465359054,-32.77889633178711,-16.46039581298828,-72.24716186523438,55.786766052246094
call_a49598543013,synthetic,train,1,181,180.96,8000,2,PCM_16,WAV,5790764,62caac7b412c07afe73cbf39e16589e8,-19.3647403717041,0.9803466796875,0.0,0.00010193884372711182,0.0012095214412024757,-25.527069091796875,0.9178466796875,0.0,-6.195158493937925e-05,0.030302276746242262,-0.000698313414966717,15,19,55.500000000000014,78.4,0.30669761273209556,3.700000000000001,13.78,12.22,168.4,4.540000000000001,1.9289163336501247,3.68,12.560000000000002,12.110000000000001,12.5,58.41999999999994,0.322833775419982,15,3.8946666666666627,0.9505306401917152,1.0,0.9746379991224221,20,57.74999999999996,1375.0,536.255164100924,-41.646881103515625,-14.481587409973145,-72.24716186523438,57.76557445526123
call_a6481017c744,synthetic,train,1,123,122.8,8000,2,PCM_16,WAV,3929644,6bdee4eee05b616960e5cf4e7afb1399,-28.078495025634766,0.7303466796875,0.0,0.00013535626931115985,0.0010199511400651466,-25.882375717163086,0.6678466796875,0.0,-5.7215860579162836e-05,0.031228623778501628,-0.0008548050337013743,15,15,24.239999999999995,54.259999999999984,0.19739413680781756,1.6159999999999997,3.919999999999998,12.22,122.04,4.02000000000001,1.8882862306570183,0.18,0.7599999999999909,12.120000000000001,0.6700000000000017,27.03999999999992,0.22019543973941305,16,1.689999999999995,0.8908554572271387,0.9958779884583677,0.9404437524328533,11,23.02999999999997,1687.5,590.8202765574604,-39.82828140258789,-21.50670623779297,-72.24716186523438,50.740455627441406
call_a71916766a4f,synthetic,train,1,136,135.84,8000,2,PCM_16,WAV,4346924,46eeadb0e523f5ac0f912b157a67e500,-21.89729881286621,0.9803466796875,0.0,0.00013692212814930826,0.0005705241460541814,-24.86505889892578,0.8865966796875,0.0,-5.8455967518966645e-05,0.024082560365135453,-1.0367312383487588e-05,9,24,27.64000000000004,74.28000000000003,0.20347467608951736,3.0711111111111156,6.0,10.52,135.02,1.8999999999999773,0.2101381086127844,0.0,0.8199999999999932,10.41,0.7199999999999989,29.38999999999994,0.2163574793875143,9,3.265555555555549,0.940156409384563,1.0,0.969155275148966,9,27.579999999999966,1218.75,593.6268313743525,-40.122772216796875,-15.24905014038086,-72.24716186523438,56.998111724853516
call_a766613f8c8a,human,train,0,93,93.74,8000,2,PCM_16,WAV,2999724,d93fb93bfcf49b8e5b951e656430f8d1,-28.156564712524414,0.5115966796875,0.0,0.0001577565708430484,0.0011947941113718797,-26.64666175842285,0.6365966796875,0.0,-5.914921348448843e-05,0.028880413910817155,-0.001350530289563817,20,13,29.52,46.36,0.3149135907830169,1.476,6.84,3.02,92.02,2.5999999999999943,3.429205184798073,5.14,1.7199999999999989,8.47,1.9699999999999989,27.269999999999946,0.2909110305099205,12,2.2724999999999955,0.9315018315018315,0.860575296108291,0.8946350043975374,10,25.01999999999999,859.375,398.8719048931214,-30.784006118774414,-22.875749588012695,-72.24716186523438,49.37141227722168
call_a7c95e99f3b6,human,val,0,123,122.78,8000,2,PCM_16,WAV,3929004,1d520b17a9d1576c67a947cbd1f8609f,-27.94285011291504,0.6678466796875,0.0,2.025200956268236e-05,0.0012634386707932887,-23.990934371948242,0.8240966796875,0.0,-6.73268295940943e-05,0.023585885323342565,-0.0005747165846675502,30,21,34.120000000000005,73.78000000000004,0.27789542270728135,1.1373333333333335,5.0,9.0,122.64,2.3999999999999986,3.2637013071392156,9.19,0.14000000000000057,8.9,1.490000000000009,37.93999999999985,0.3090079817559851,25,1.5175999999999938,0.8533123028391167,0.9510694403750366,0.8995427462934737,15,30.35999999999992,1421.875,435.1815294884579,-29.0013484954834,-22.961484909057617,-66.28121185302734,43.31972694396973
call_a7df1d46e72b,synthetic,train,1,173,172.44,8000,2,PCM_16,WAV,5518124,7fa1dd9554112c012bb7ac5c3e89d16c,-30.283447265625,0.9803466796875,0.0,0.00011326181993354112,0.0005204708884249595,-26.639192581176758,0.6990966796875,0.0,-6.331432814477012e-05,0.03265556135467409,8.013735268084703e-05,15,16,57.66,70.93999999999997,0.3343771746694502,3.844,13.14,9.94,171.68,2.4000000000000057,1.7990170155454954,1.1300000000000001,0.7599999999999909,9.84,0.6599999999999966,60.27999999999997,0.34957086522848513,16,3.7674999999999983,0.9532648326151807,0.9970532154619518,0.9746674574260781,19,57.779999999999994,1468.75,508.8300321872135,-37.47822952270508,-25.718982696533203,-72.24716186523438,46.52817916870117
call_a7ea289a43fd,synthetic,train,1,168,168.32,8000,2,PCM_16,WAV,5386284,c6acc1df99d1f9fc1cf29e8f5d478255,-27.67784309387207,0.6365966796875,0.0,-4.6411667426582426e-05,0.0004604325095057034,-25.169828414916992,0.8553466796875,0.0,-5.7732107961783186e-05,0.02511436549429658,-0.000196910369514093,21,29,42.199999999999974,82.56000000000002,0.2507129277566538,2.009523809523808,5.779999999999998,10.74,143.92,2.519999999999996,1.999323695176756,4.16,24.400000000000006,10.67,24.310000000000002,45.82999999999987,0.2722789923954365,21,2.1823809523809463,0.9121621621621622,0.9914712153518124,0.9501646043818822,17,42.099999999999916,1687.5,520.1213169624951,-40.313995361328125,-22.207988739013672,-43.91525650024414,21.70726776123047
call_a8ca5b456ce4,synthetic,train,1,163,162.58,8000,2,PCM_16,WAV,5202604,0da26f3a5656cc4ccb8cdc1d7c284469,-17.98525047302246,0.9803466796875,0.0,3.1148465495789424e-05,0.03723013285767007,-27.145648956298828,0.6678466796875,0.0,-5.579110802500509e-05,0.029179480870955836,-0.0001638763222012769,11,17,62.48000000000002,59.999999999999964,0.3843031123139378,5.6800000000000015,23.78,10.84,161.84,2.0800000000000125,0.33077919528449307,1.78,0.7400000000000091,10.73,0.6400000000000148,64.69999999999997,0.39795792840447763,11,5.881818181818179,0.9656930922577655,1.0,0.9825471698113207,18,62.65999999999997,1828.125,586.9342737105404,-39.733680725097656,-13.98363208770752,-72.24716186523438,58.263529777526855
call_a9d29125d786,synthetic,train,1,100,100.12,8000,2,PCM_16,WAV,3203884,85d4b08cae9c790e0db271e7d1a11493,-21.500730514526367,0.9490966796875,0.0,0.0001412858400726691,0.0021673991210547344,-26.144149780273438,0.8865966796875,0.0,-6.583614595001563e-05,0.04048641630043947,-0.0005112846207326098,7,15,14.72000000000001,30.400000000000002,0.14702357171394337,2.102857142857144,6.700000000000001,4.08,69.62,1.7600000000000051,0.8158231100788795,2.39,30.5,3.98,30.40000000000002,16.159999999999997,0.16140631242508985,7,2.3085714285714283,0.9103831891223733,1.0,0.9530896150113232,5,14.069999999999991,640.625,479.55333435164516,-43.00747299194336,-13.579975128173828,-72.24716186523438,58.66718673706055
call_abf730747901,human,val,0,119,119.3,8000,2,PCM_16,WAV,3817644,78825972acf1b74af0f5c7b809bf2d15,-30.91733169555664,0.7615966796875,0.0,0.0001697571569820866,0.0007816429170159262,-25.06649398803711,0.8240966796875,0.0,-5.9044352383352816e-05,0.025738683989941325,0.00019566303710591526,17,18,26.259999999999987,63.83999999999998,0.2201173512154232,1.5447058823529405,4.859999999999999,0.76,117.36,1.75,4.116803978816578,3.16,1.9399999999999977,0.66,20.03,26.880000000000006,0.22531433361274106,13,2.067692307692308,0.9158011869436202,0.9398553483060526,0.9276723652075897,9,23.599999999999994,890.625,559.1852727798388,-35.6037712097168,-24.50567626953125,-72.24716186523438,47.741485595703125
call_ac80248cae29,synthetic,train,1,146,146.18,8000,2,PCM_16,WAV,4677804,69fdaf9f4563bb1e0beba03685a49bc3,-18.141427993774414,0.9803466796875,0.0,0.00010185247083427384,0.001556300451498153,-26.454917907714844,0.6990966796875,0.0,-6.51468217256479e-05,0.031005438500478863,2.5617381256328573e-05,7,14,44.36,68.53999999999999,0.3034614858393761,6.337142857142857,17.18,11.92,145.38,3.8800000000000026,2.4262812731269494,0.29,0.8000000000000114,11.81,0.710000000000008,45.74999999999998,0.31297031057600205,7,6.535714285714283,0.9694122787852305,1.0,0.9844686043931662,14,44.88999999999998,2640.625,869.0475971935956,-35.468650817871094,-13.096470832824707,-72.24716186523438,59.15069103240967
call_acda78859d0d,human,train,0,148,148.64,8000,2,PCM_16,WAV,4756524,a2d33668fccfe32df830ac44d1183242,-21.834239959716797,0.9803466796875,0.0,-0.0001825613871915266,0.001917384284176534,-25.191638946533203,0.7303466796875,0.0,-5.67185488762334e-05,0.02637748923573735,0.0001539135985475588,15,21,33.42000000000001,75.02,0.22483853606027995,2.2280000000000006,6.02000000000001,9.22,126.22,1.539999999999992,4.287375576425902,1.62,22.419999999999987,9.120000000000001,22.310000000000002,35.95999999999992,0.24192680301399305,14,2.568571428571423,0.9208113364823562,0.9910287081339713,0.9546305631571367,11,31.37999999999998,640.625,437.9346165123119,-26.541709899902344,-15.739028930664062,-68.62989807128906,52.890869140625
call_ad8e23b11d98,synthetic,train,1,116,116.68,8000,2,PCM_16,WAV,3733804,46f813c902523704565607554ecadd3b,-27.861576080322266,0.7928466796875,0.0,-2.800016591208987e-05,0.0009288224202948234,-25.310638427734375,0.8553466796875,0.0,-6.730030872859061e-05,0.030203333904696605,-0.0004170892135674989,18,13,21.199999999999974,60.08000000000001,0.18169352074048656,1.1777777777777763,3.4400000000000013,11.8,92.82,5.049999999999997,2.739968685051296,0.47000000000000003,23.860000000000014,11.69,23.750000000000014,23.809999999999924,0.20406239286938568,16,1.4881249999999953,0.8661912751677853,0.9731385485391141,0.9165557035064359,8,17.89999999999997,1328.125,407.8963589055165,-36.4935188293457,-21.142642974853516,-48.34283447265625,27.200191497802734
call_adf30039caa2,synthetic,train,1,116,116.44,8000,2,PCM_16,WAV,3726124,44b7e70492ad7ab0ad1937ef67adec6c,-26.89171600341797,0.7303466796875,0.0,0.00014791720604989678,0.0011883802816901408,-24.760629653930664,0.6990966796875,0.0,-5.466339280246757e-05,0.3129379938165579,0.00030082782929796877,11,11,17.900000000000006,78.34000000000002,0.15372724149776715,1.6272727272727279,4.300000000000001,11.96,91.96,2.299999999999997,6.27335649018072,3.98,24.480000000000004,11.860000000000001,24.38000000000001,20.119999999999926,0.17279285468910965,11,1.8290909090909024,0.8898809523809523,1.0,0.9417322834645669,7,16.269999999999932,1687.5,561.7644633903681,-35.551513671875,-19.267078399658203,-72.24716186523438,52.98008346557617
call_aed9b45d6c31,synthetic,train,1,128,128.58,8000,2,PCM_16,WAV,4114604,7cc32ab9c170224b9bc7d193fdb09dd3,-25.261404037475586,0.9490966796875,0.0,0.00011700232425937429,0.0010479856898428994,-26.492809295654297,0.7303466796875,0.0,-6.433660018956289e-05,0.032267848810079325,0.0001300629068260866,16,22,33.299999999999976,58.33999999999999,0.2589827344843675,2.0812499999999985,6.699999999999989,10.02,127.66,2.6900000000000013,1.9615236424779587,4.88,0.9200000000000159,9.91,0.8300000000000267,35.929999999999865,0.279436926427126,15,2.3953333333333244,0.9182652210175146,0.9915941158811168,0.9535219399538106,13,31.93999999999989,1484.375,456.25431051132614,-33.674713134765625,-19.832578659057617,-72.24716186523438,52.41458320617676
call_af9ad367dcce,synthetic,val,1,142,141.3,8000,2,PCM_16,WAV,4521644,7f82497c895d5baca1605aefc33b4ede,-20.3187255859375,0.9803466796875,0.0,7.88681791163981e-05,0.0011181882519462137,-26.072105407714844,0.8553466796875,0.0,-6.191234569996595e-05,0.03083510261854211,0.0003419073391761101,11,12,44.15999999999999,61.65999999999998,0.3125265392781315,4.014545454545454,7.799999999999997,12.04,140.6,4.479999999999997,4.880770837372121,0.3,0.700000000000017,11.94,0.5900000000000034,45.839999999999954,0.3244161358811037,11,4.1672727272727235,0.9544463818657367,0.9911724762335898,0.9724628025760604,14,44.25999999999996,1734.375,458.8049178684698,-31.29328727722168,-15.456332206726074,-72.24716186523438,56.7908296585083
call_b0836ff3142a,synthetic,train,1,155,154.68,8000,2,PCM_16,WAV,4949804,d5242cf10d7ed2085224ee98ab809299,-19.89402961730957,0.9803466796875,0.0,0.00013048405526205897,0.0016946276183087666,-25.164020538330078,0.7615966796875,0.0,-5.892274566576816e-05,0.024454519006982155,0.0012159713895044863,12,25,28.659999999999997,79.85999999999999,0.18528575122834234,2.388333333333333,5.34,9.84,151.94,2.209999999999998,0.7735129101845849,2.08,2.740000000000009,9.73,2.6500000000000057,30.869999999999926,0.1995733126454611,13,2.374615384615379,0.9261418853255587,0.9968619246861925,0.9602015113350126,13,30.00999999999994,2640.625,818.6689669126287,-34.608577728271484,-12.895074844360352,-72.24716186523438,59.35208702087402
call_b167dd907a80,synthetic,train,1,160,160.54,8000,2,PCM_16,WAV,5137324,fd6896abce2ab456f0a41d66931bca01,-22.08102798461914,0.9490966796875,0.0,8.277052256744355e-05,0.0008954154727793697,-26.44544792175293,0.7928466796875,0.0,-6.352423952193931e-05,0.03243039117976828,-3.467908679920234e-05,11,10,62.36000000000003,67.11999999999999,0.38843901831319316,5.669090909090912,21.16000000000001,9.58,159.74,2.3200000000000003,3.8146017848341023,0.0,0.799999999999983,9.47,0.7099999999999795,63.51999999999992,0.3956646318674469,15,4.234666666666661,0.9699496538703587,0.9882975312600193,0.9790376369699857,21,62.73999999999993,2000.0,742.2408617929179,-36.139610290527344,-18.054330825805664,-72.24716186523438,54.19283103942871
call_b2594d9c3ffd,synthetic,train,1,185,184.14,8000,2,PCM_16,WAV,5892524,39885e15da91c8ef1300016593fcedf6,-23.329395294189453,0.7928466796875,0.0,9.675426554167643e-05,0.00042087542087542086,-26.496429443359375,0.8865966796875,0.0,-6.363711872836575e-05,0.030548088410991638,9.50468932637959e-06,8,20,66.54000000000003,81.49999999999997,0.36135549038774867,8.317500000000004,20.299999999999997,10.64,183.34,2.349999999999995,0.3163858403911226,0.0,0.799999999999983,10.540000000000001,0.6899999999999693,67.88999999999996,0.3686868686868685,10,6.788999999999996,0.9764324642804537,0.9960931630353118,0.9861648318952693,18,66.00999999999996,1718.75,581.882173045519,-36.86936569213867,-18.996007919311523,-72.24716186523438,53.25115394592285
call_b382ffa5187d,human,train,0,126,125.46,8000,2,PCM_16,WAV,4014764,3db5d8af7e2a8672f83e50e3b646b7eb,-22.263402938842773,0.9803466796875,0.0,4.908730261377059e-05,0.0006177267655029492,-25.110292434692383,0.8240966796875,0.0,-6.864180613774806e-05,0.02577415112386418,2.4520798206847257e-05,9,17,22.960000000000008,72.8,0.1830065359477125,2.551111111111112,6.5000000000000036,1.1,117.44,1.549999999999999,0.4679743582719057,0.9400000000000001,8.019999999999996,1.0,7.930000000000007,24.26999999999999,0.19344811095169767,9,2.6966666666666654,0.9333881578947368,0.9882455376578145,0.9600338337914993,9,23.39999999999997,1046.875,435.4389819030168,-28.935546875,-15.129117012023926,-72.24716186523438,57.11804485321045
call_b3f14bd5c2b6,synthetic,train,1,126,126.36,8000,2,PCM_16,WAV,4043564,788209148ec0a116a680e288a138eee7,-21.1400146484375,0.8553466796875,0.0,-3.059256778215058e-05,0.0006133270022158911,-26.24620246887207,0.7303466796875,0.0,-5.551166395889595e-05,0.02947530864197531,-0.00012320857761272,14,19,31.57999999999995,52.41999999999999,0.24992086103197172,2.2557142857142822,5.859999999999999,20.74,119.02,3.5799999999999983,3.479714098037599,0.86,7.340000000000003,20.639999999999997,7.230000000000004,34.00999999999992,0.26915163026274075,13,2.61615384615384,0.9195064629847238,0.9911336288790373,0.95397744590064,12,31.809999999999956,2531.25,702.1416135491231,-33.513916015625,-15.534278869628906,-48.61061477661133,33.07633590698242
call_b41c86402714,human,train,0,141,140.78,8000,2,PCM_16,WAV,4505004,dead3bca0d96bde9ab9a9079a35763d6,-28.16851043701172,0.9803466796875,0.0,1.5883317246334627e-05,0.0008799190225884358,-24.76541519165039,0.8240966796875,0.0,-5.649946615449153e-05,0.025185573234834495,-0.0007348041449829885,23,20,88.05999999999999,72.22,0.625514987924421,3.8286956521739124,26.86,0.38,140.78,1.8900000000000006,4.303124369437047,42.87,0.0,0.27,0.0,96.59999999999997,0.6861770137803663,22,4.39090909090909,0.9108583247156153,1.0,0.9533499296460656,30,93.51999999999995,1015.625,523.4314741034408,-25.397403717041016,-26.534008026123047,-66.5651626586914,40.03115463256836
call_b5840ec7dd5e,synthetic,train,1,136,135.68,8000,2,PCM_16,WAV,4341804,447b3ea9967b1f9fb303dc6259ec157b,-20.37354278564453,0.8865966796875,0.0,8.21627545519732e-05,0.0009424749410377358,-26.83284568786621,0.7615966796875,0.0,-5.580603101407178e-05,0.03063458136792453,4.6153122536353585e-05,18,14,40.54000000000001,53.139999999999986,0.29879127358490576,2.252222222222223,5.980000000000004,14.04,134.9,8.68,4.819632176939196,1.42,0.7800000000000011,13.93,0.6700000000000159,44.009999999999934,0.32436615566037685,19,2.3163157894736806,0.9189741261915569,0.9977821586988664,0.956758034026465,19,42.35999999999993,671.875,295.37603975955847,-34.41543197631836,-15.483918190002441,-72.24716186523438,56.763243675231934
call_b5c4803ea37c,human,train,0,114,114.08,8000,2,PCM_16,WAV,3650604,7c70f2716c4ece6abd787d333f5b4dc9,-26.974258422851562,0.9490966796875,0.0,-0.0001075364780263044,0.000763718443197756,-24.842487335205078,0.9178466796875,0.0,-6.737260991940275e-05,0.025815217391304348,-1.710744604983594e-05,10,14,18.32,68.22000000000003,0.1605890603085554,1.832,3.619999999999999,8.96,95.52,1.5599999999999992,3.4579415842376533,0.34,18.560000000000002,8.950000000000001,18.470000000000013,19.029999999999966,0.16681276297335174,8,2.3787499999999957,0.9270341207349081,0.9634478996181124,0.9448903156768326,6,17.479999999999997,796.875,416.42158155103084,-32.6568489074707,-19.324697494506836,-72.24716186523438,52.92246437072754
call_b5cc1f8d8fee,human,val,0,160,159.3,8000,2,PCM_16,WAV,5097644,2e2013810985b993428d9cee5198511c,-25.231094360351562,0.9803466796875,0.0,9.730087913339958e-05,0.00048650345260514753,-24.669349670410156,0.9490966796875,0.0,-6.600571214221418e-05,0.025237758945386064,-0.0006398317238737084,28,26,40.59999999999992,89.17999999999999,0.25486503452605097,1.4499999999999973,5.219999999999999,0.76,158.68,1.8799999999999955,3.0183130127726487,8.35,0.6200000000000045,0.9900000000000001,0.5200000000000102,43.31999999999991,0.2719397363465154,24,1.8049999999999962,0.8997464853652916,0.9603936039360393,0.9290813898143742,17,37.66999999999997,1828.125,681.4006396227467,-27.94439125061035,-19.585615158081055,-72.24716186523438,52.66154670715332
call_b658b1155216,human,val,0,189,188.74,8000,2,PCM_16,WAV,6039724,31ab3399118009244e028ebd4aaf8dd2,-23.772663116455078,0.9803466796875,0.0,8.23403024696745e-05,0.00041061778107449404,-24.532926559448242,0.9490966796875,0.0,-6.482693424914032e-05,0.023946301790823354,-0.00012282893369597734,24,30,44.37999999999995,105.65999999999998,0.23513828547207774,1.8491666666666646,5.699999999999999,0.96,185.88,1.480000000000004,3.2628100892695167,8.43,2.8600000000000136,0.85,2.759999999999991,46.46999999999991,0.24621171982621545,22,2.112272727272723,0.914445399828031,0.9581081081081081,0.935767707875055,17,41.6399999999999,1703.125,666.2242605365194,-39.55967712402344,-17.68608283996582,-72.24716186523438,54.561079025268555
call_b712f501aeb8,synthetic,val,1,206,205.38,8000,2,PCM_16,WAV,6572204,0f36db1ab07623011f03922d5d5ac9ef,-20.166088104248047,0.9803466796875,0.0,-7.220346014946699e-05,0.0008198217937481742,-26.58340835571289,0.9178466796875,0.0,-6.0192905948497355e-05,0.03243499853929302,0.0004607029012609054,41,15,63.06000000000001,79.32000000000002,0.3070406076541046,1.5380487804878051,6.079999999999998,3.96,204.62,5.819999999999993,7.338067961250171,9.15,0.7599999999999909,3.86,0.6599999999999966,72.89999999999978,0.354951796669587,40,1.8224999999999945,0.8612558267068824,0.9955625990491284,0.9235518965010291,26,60.539999999999864,1765.625,476.7838098860863,-32.97815704345703,-15.800033569335938,-40.97754669189453,25.177513122558594
call_b72eccd91b8c,synthetic,train,1,156,156.68,8000,2,PCM_16,WAV,5013804,3fd37390c5282e9a73c31d578621ba97,-25.78146743774414,0.9490966796875,0.0,0.00012560628238134086,0.0036651136073525656,-25.757265090942383,0.8553466796875,0.0,-5.685554424417205e-05,0.026136871330099565,-0.00022281107987820147,14,23,36.160000000000004,71.88000000000002,0.2307888690324228,2.582857142857143,5.32,12.28,124.28,4.169999999999999,2.8224121251301413,0.9400000000000001,32.400000000000006,12.18,32.37000000000002,37.64999999999992,0.24029869798314984,13,2.89615384615384,0.9423791821561338,0.9811998894111141,0.9613978057700122,15,36.739999999999924,1187.5,389.6372533812447,-32.846824645996094,-19.885087966918945,-72.24716186523438,52.36207389831543
call_b78e6c8e05d3,human,train,0,133,133.22,8000,2,PCM_16,WAV,4263084,74437128dbcfaf9122e9e7c4dcbad911,-29.788103103637695,0.8240966796875,0.0,9.218223567586392e-05,0.0010846719711754991,-25.271156311035156,0.7303466796875,0.0,-6.808922626078129e-05,0.0271787269178802,-0.0007274193572832942,18,19,32.58,74.35999999999997,0.2445578741930641,1.8099999999999998,6.32,1.12,127.92,1.4399999999999995,2.3435229151811683,5.74,5.299999999999997,1.0299999999999998,5.210000000000008,31.809999999999913,0.23877796126707637,13,2.44692307692307,0.9331030150753769,0.9119091467157765,0.9223843526855015,11,29.939999999999927,1734.375,601.1260407367156,-25.696382522583008,-23.568401336669922,-72.24716186523438,48.67876052856445
call_b7c3a7552903,synthetic,train,1,160,159.9,8000,2,PCM_16,WAV,5116844,487fc7c65d9ab4bf96c3b6614acb2888,-19.478439331054688,0.9803466796875,0.0,-6.1698658100795e-05,0.00048467792370231395,-24.509267807006836,0.8240966796875,0.0,-6.898878928041086e-05,0.023641338336460288,-0.0006503265816766433,11,22,30.79999999999997,97.18000000000002,0.19262038774233875,2.799999999999997,8.6,9.94,124.7,2.1400000000000006,2.88189331705896,1.46,35.2,9.84,35.10000000000001,31.929999999999936,0.19968730456535294,10,3.1929999999999934,0.9446355958711292,0.9802012333657903,0.9620898375278751,10,29.429999999999954,1046.875,342.4133574978789,-33.19464111328125,-12.658443450927734,-47.82194519042969,35.16350173950195
call_b956718b62ae,synthetic,train,1,130,129.8,8000,2,PCM_16,WAV,4153644,f8f1e14279a1bb00d265a333e8dfe2bc,-19.091896057128906,0.9803466796875,0.0,0.00013262685388326645,0.0021041987673343604,-24.872743606567383,0.8865966796875,0.0,-5.7978286349680275e-05,0.024809322033898306,-0.0011008834955549634,15,23,24.559999999999988,65.7,0.18921417565485352,1.6373333333333326,4.379999999999999,10.06,129.0,2.1799999999999926,0.9980460911200446,3.06,0.8000000000000114,9.950000000000001,0.6899999999999977,26.63999999999997,0.20523882896764226,13,2.0492307692307667,0.9021739130434783,0.9784552845528456,0.9387675507020281,9,23.360000000000014,578.125,273.78632375460313,-35.42563247680664,-12.389769554138184,-72.24716186523438,59.85739231109619
call_b96e9305d9a2,human,train,0,137,137.94,8000,2,PCM_16,WAV,4414124,2790cf417d94971a8267056e64b402f9,-29.114830017089844,0.6990966796875,0.0,0.00014165219909045845,0.0009451573147745396,-24.839479446411133,0.8553466796875,0.0,-5.9326230257283896e-05,0.02157822241554299,0.001742885986852913,33,23,43.66000000000004,77.02000000000002,0.31651442656227374,1.3230303030303041,10.559999999999995,2.74,137.82,2.4000000000000044,3.9606304738008555,11.74,0.12000000000000455,2.64,1.539999999999992,43.41999999999983,0.3147745396549212,24,1.8091666666666597,0.906789413118527,0.902014652014652,0.9043957305176173,12,33.45999999999995,1593.75,614.4981033869886,-30.535400390625,-24.165353775024414,-72.24716186523438,48.08180809020996
call_bac44092a11a,human,train,0,165,164.68,8000,2,PCM_16,WAV,5269804,f7bd35bed05ca146290147740b63cb7e,-31.64200782775879,0.4100341796875,0.0,6.534306885441765e-05,0.0004706096672334224,-24.157304763793945,0.9490966796875,0.0,-6.697123899357393e-05,0.026927981539956278,0.0005630242502839184,28,24,37.86000000000001,89.99999999999999,0.22990041292203064,1.3521428571428573,4.039999999999992,9.92,162.98,1.950000000000002,2.4299461445279245,4.34,1.700000000000017,9.82,1.6100000000000136,41.04999999999982,0.24927131406363748,24,1.7104166666666591,0.889294403892944,0.9643799472295514,0.9253164556962026,14,33.96999999999991,656.25,394.94977182001605,-40.99949645996094,-25.63288688659668,-72.24716186523438,46.614274978637695
call_bba20372ca37,synthetic,train,1,149,149.2,8000,2,PCM_16,WAV,4774444,df3e3a00af54ffccf6777a7dc958c7f4,-27.325258255004883,0.8553466796875,0.0,0.00011892743350472301,0.0006811327077747989,-25.602386474609375,0.7303466796875,0.0,-6.228523852769285e-05,0.029938002680965147,-0.0001352229262951153,13,14,42.59999999999998,68.53999999999999,0.28552278820375326,3.2769230769230755,11.280000000000001,11.88,125.88,2.719999999999999,3.2735504493406995,1.42,23.319999999999993,11.780000000000001,23.209999999999994,45.05999999999998,0.3020107238605897,14,3.218571428571427,0.9423758865248227,0.997653683716565,0.9692272623660816,14,41.51000000000001,1640.625,587.100747287335,-41.096004486083984,-22.125577926635742,-72.24716186523438,50.12158393859863
call_bc24a38d8bf2,synthetic,train,1,112,111.72,8000,2,PCM_16,WAV,3575084,0c79e55f3d7436bee46af3e51e94d605,-32.63222122192383,0.9490966796875,0.0,-3.761512925848365e-05,0.0006936985320443967,-25.57328987121582,0.8553466796875,0.0,-5.72944845771417e-05,0.025319996419620478,-0.0006384220556999283,18,17,25.940000000000015,52.60000000000002,0.23218761188686016,1.441111111111112,4.359999999999999,10.6,110.78,4.359999999999996,3.0754527921174817,0.96,0.9399999999999977,10.950000000000001,0.8600000000000136,28.219999999999988,0.252595775152166,18,1.567777777777777,0.8949787835926449,0.9745860608394301,0.9330875576036867,9,21.17999999999997,937.5,422.62331147740207,-37.9079704284668,-27.382699966430664,-45.44293212890625,18.060232162475586
call_bc2c7c34acea,human,val,0,192,191.72,8000,2,PCM_16,WAV,6135084,ea5104b746767369aee21f6c67f130f7,-27.052824020385742,0.6678466796875,0.0,0.00018648426339495927,0.0013424525349467974,-24.793460845947266,0.7615966796875,0.0,-5.8524365158518776e-05,0.022112325266012936,0.00011150867167900022,20,32,31.97999999999999,111.2,0.1668057583976632,1.5989999999999995,3.58,9.16,185.28,1.6799999999999997,1.9664127237179914,4.33,6.439999999999998,9.06,6.3700000000000045,33.92999999999997,0.17697684122678892,17,1.9958823529411749,0.9105882352941177,0.9671977507029054,0.9380396909559158,14,31.829999999999977,593.75,285.48211642803125,-37.24790954589844,-19.599851608276367,-72.24716186523438,52.64731025695801
call_bc7120020303,human,train,0,157,156.88,8000,2,PCM_16,WAV,5020204,ecdc5ef524804e639dd86ceef57255d3,-25.345539093017578,0.9803466796875,0.0,0.0001719861465971917,0.0005936065782763896,-25.645170211791992,0.9178466796875,0.0,-6.608715193578973e-05,0.027812659357470678,0.0006158175952642047,24,25,40.41999999999996,77.29999999999998,0.25764915859255455,1.684166666666665,4.800000000000001,10.04,133.26,4.31,7.440629406993891,3.34,23.620000000000005,9.94,23.53,45.31999999999985,0.28888322284548607,24,1.8883333333333272,0.8909211106214191,1.0,0.942314415569281,20,41.63999999999987,1609.375,605.8429485402702,-32.50543975830078,-19.953075408935547,-72.24716186523438,52.29408645629883
call_bd2262567810,human,train,0,273,273.9,8000,2,PCM_16,WAV,8764844,d2727798112cb35c3dab89705358e6b1,-26.683265686035156,0.8865966796875,0.0,0.00019207004515919834,0.00035140562248995986,-24.22286033630371,0.9803466796875,0.0,-6.488974031526595e-05,0.02577446148229281,0.0006807841631880357,32,42,60.94000000000007,147.5800000000001,0.2224899598393577,1.9043750000000021,5.140000000000001,9.4,258.16,2.7099999999999937,4.298990388379001,6.61,15.739999999999952,9.31,15.639999999999986,66.31999999999985,0.24213216502373078,31,2.139354838709673,0.9100226073850791,0.9899983603869487,0.948327312706141,26,61.67999999999989,1390.625,509.71785174782855,-26.322803497314453,-20.58293914794922,-72.24716186523438,51.664222717285156
call_bd98a8224da0,human,val,0,151,150.94,8000,2,PCM_16,WAV,4830124,4480df28049718bb66c02d0e14fd659b,-30.990734100341797,0.6365966796875,0.0,0.00011889855522895232,0.037408904200344505,-24.673145294189453,0.8553466796875,0.0,-5.7712270063348114e-05,0.025216973631906718,5.886946861350186e-05,22,21,33.26000000000002,78.67999999999999,0.22035245793030356,1.5118181818181826,4.179999999999993,6.32,141.58,3.780000000000002,6.573148986848371,4.83,9.359999999999985,6.21,9.299999999999983,35.179999999999836,0.233072744136742,18,1.9544444444444353,0.9072077185017026,0.959483793517407,0.9326137689614936,12,30.599999999999945,1593.75,635.602353693185,-31.254796981811523,-24.676218032836914,-72.24716186523438,47.57094383239746
call_bda847d77eef,human,train,0,143,143.5,8000,2,PCM_16,WAV,4592044,dc24dba26f5eecd70617650c8585f0fc,-19.84328269958496,0.9803466796875,0.0,-0.00010274205124005675,0.0009425087108013938,-24.974821090698242,0.9803466796875,0.0,-5.880896787857637e-05,0.02569425087108014,-0.0005190507515028209,17,21,32.159999999999954,78.32000000000001,0.2241114982578394,1.8917647058823501,6.32,0.82,119.64,1.7599999999999998,2.0715238201623465,2.07,23.86,0.72,23.790000000000006,35.13999999999989,0.24487804878048702,16,2.196249999999993,0.9061967026719727,0.9912935323383084,0.9468369468369469,13,31.719999999999963,640.625,432.2990160217744,-33.5450325012207,-13.775626182556152,-67.33355712890625,53.5579309463501
call_bdfa814252df,synthetic,train,1,158,157.88,8000,2,PCM_16,WAV,5052204,842b12d29b69394469755289237b274b,-24.845481872558594,0.8553466796875,0.0,-3.530745379975997e-05,0.0005225487712186471,-25.90519142150879,0.9803466796875,0.0,-6.546337681356817e-05,0.02911863440587788,-0.0004278016403804113,15,22,29.24000000000001,77.91999999999999,0.18520395236888781,1.949333333333334,7.0,10.66,132.72,2.3999999999999986,1.9537887978660002,0.86,25.159999999999997,10.55,25.049999999999983,31.249999999999975,0.19793514061312373,13,2.403846153846152,0.9175718849840255,0.9818803418803419,0.9486374896779521,12,29.67999999999996,906.25,561.8707398730991,-44.529991149902344,-17.916852951049805,-45.7291259765625,27.812273025512695
call_be72006df132,human,val,0,130,129.74,8000,2,PCM_16,WAV,4151724,cf60912b796d0781307d241017561f0d,-24.88377571105957,0.9803466796875,0.0,0.00010381433821748942,0.0005973485432403268,-24.273719787597656,0.7928466796875,0.0,-6.625976675422862e-05,0.02591143826113766,-0.0009180414686102179,19,21,24.30000000000002,74.72,0.18729767226761226,1.2789473684210535,3.4000000000000057,0.9,114.54,1.4100000000000001,2.2554679785953806,6.140000000000001,15.200000000000003,1.01,21.640000000000015,24.419999999999995,0.18822259904424227,13,1.878461538461538,0.9120294599018003,0.9169066227889757,0.9144615384615384,10,22.499999999999996,1328.125,621.7266452110431,-34.03157043457031,-17.660070419311523,-72.24716186523438,54.58709144592285
call_bf0384ed27ed,human,val,0,166,166.38,8000,2,PCM_16,WAV,5324204,4ea4ba490f2fc9f8c626d4dec71055de,-24.724576950073242,0.7303466796875,0.0,-8.212902321247384e-05,0.006697770164683255,-24.26226806640625,0.8865966796875,0.0,-6.444660539273173e-05,0.029307909604519775,-0.0011478686965578206,23,26,42.179999999999964,83.09999999999995,0.253516047601875,1.8339130434782593,7.699999999999999,9.32,159.76,1.8800000000000026,3.302400799372713,2.54,6.6200000000000045,9.24,6.519999999999982,44.90999999999989,0.26992426974395894,21,2.1385714285714235,0.9192436040044494,0.9786830885836096,0.9480325800160606,15,38.46999999999994,890.625,473.24498178217124,-26.496000289916992,-19.09797477722168,-72.24716186523438,53.149187088012695
call_bf4ed1a05c84,human,train,0,149,149.28,8000,2,PCM_16,WAV,4777004,68f00057a4f0c4e209fcefe1ab71da06,-29.83502197265625,0.7303466796875,0.0,1.312912081630202e-05,0.0007268220793140407,-24.415616989135742,0.8865966796875,0.0,-6.978381134103984e-05,0.027826902465166132,-1.9867037967709632e-05,22,17,38.95999999999998,82.68,0.26098606645230427,1.7709090909090899,9.280000000000001,6.38,147.98,2.52,2.9340790437053226,8.27,1.3000000000000114,6.2700000000000005,1.1999999999999886,41.05999999999987,0.2750535905680591,20,2.0529999999999933,0.9119649805447471,0.962278675904542,0.9364464976900987,17,37.719999999999885,1953.125,633.3098805422106,-23.29942512512207,-24.333818435668945,-59.77974319458008,35.44592475891113
call_c04725672945,synthetic,val,1,183,183.08,8000,2,PCM_16,WAV,5858604,ab2f453cc063879dd7b7411736e55c24,-20.609127044677734,0.9803466796875,0.0,8.709761459613219e-05,0.0012965643434564124,-26.375062942504883,0.9178466796875,0.0,-6.329213647404686e-05,0.03530765239239677,-9.662949432959618e-05,12,16,70.80000000000003,71.24000000000004,0.38671618964387167,5.900000000000002,17.88,12.32,182.28,3.6199999999999903,4.54467790082226,3.54,0.8000000000000114,12.22,0.700000000000017,72.26999999999997,0.39474546646274833,13,5.5592307692307665,0.9719225449515906,0.9919536984754376,0.9818359647897164,21,69.82000000000001,1656.25,608.7445794564343,-38.78253173828125,-16.599123001098633,-72.24716186523438,55.64803886413574
call_c1cbe639d50f,synthetic,train,1,91,90.9,8000,2,PCM_16,WAV,2908844,86446bd0b87f5f983b3391f00821f73d,-18.737104415893555,0.9803466796875,0.0,0.00011891733447555453,0.0009240924092409241,-25.47055435180664,0.8865966796875,0.0,-6.36953700450249e-05,0.030518426842684267,0.0006729792789850299,7,13,20.53999999999999,44.89999999999997,0.2259625962596258,2.934285714285713,7.460000000000001,11.64,90.02,2.8000000000000043,2.5661755869108314,1.6,0.8800000000000097,11.530000000000001,0.7800000000000153,21.850000000000005,0.24037403740374041,8,2.7312500000000006,0.9333637608397992,0.9956183057448881,0.9634864546525324,8,20.280000000000012,859.375,330.4992100322683,-33.951019287109375,-12.553533554077148,-72.24716186523438,59.69362831115723
call_c1d95df7a179,synthetic,train,1,110,110.5,8000,2,PCM_16,WAV,3536044,b71ede0bad314292fb26fab7a9649513,-20.61077308654785,0.9803466796875,0.0,0.00013035148731432855,0.0007013574660633484,-24.268146514892578,0.8865966796875,0.0,-5.8739296946441755e-05,0.02289366515837104,0.0016527722133242513,11,18,20.599999999999994,62.16,0.18642533936651579,1.8727272727272721,6.500000000000002,9.76,90.46,1.9399999999999977,1.6763025033223051,3.2,20.040000000000006,9.66,19.960000000000008,22.30999999999997,0.20190045248868752,11,2.0281818181818156,0.9202866099417824,0.9970887918486172,0.9571495109455054,7,18.580000000000002,2671.875,884.2516439662877,-34.325279235839844,-13.66217041015625,-72.24716186523438,58.584991455078125
call_c21f9cf2390e,synthetic,val,1,153,153.26,8000,2,PCM_16,WAV,4904364,266c1a2508cc1a21855b26cb4266bf7a,-21.115821838378906,0.9803466796875,0.0,0.00011138786794617772,0.004762331984862325,-24.87282943725586,0.9803466796875,0.0,-6.302347173914313e-05,0.030347938144329897,0.0012397120707521643,23,17,36.499999999999986,71.33999999999997,0.23815737961633818,1.5869565217391297,4.399999999999999,12.06,124.28,4.0,2.561120088137243,5.48,28.97999999999999,11.96,28.879999999999995,41.08999999999983,0.2681064857105562,23,1.7865217391304276,0.8872691933916423,1.0,0.9402677651905252,15,33.939999999999905,1734.375,472.34539766355743,-31.717571258544922,-15.398921012878418,-72.24716186523438,56.84824085235596
call_c337629bcbbb,human,train,0,151,151.44,8000,2,PCM_16,WAV,4846124,7b6d3d669248dad09281e7b109cf369f,-30.779766082763672,0.6678466796875,0.0,9.910837252391502e-05,0.0011374141574220814,-24.153459548950195,0.7615966796875,0.0,-5.954554944764823e-05,0.02180318938193344,-0.0002310964793154192,27,26,42.82000000000001,83.46,0.2827522451135764,1.5859259259259262,5.1,0.96,151.44,2.7699999999999925,4.671969859370232,9.19,0.0,9.85,0.0,42.239999999999924,0.27892234548335926,20,2.111999999999996,0.9350035452611676,0.923005132991134,0.9289655982153341,17,39.619999999999955,781.25,474.94571129641025,-27.15221405029297,-25.26881217956543,-72.24716186523438,46.978349685668945
call_c3417b995627,synthetic,train,1,126,126.1,8000,2,PCM_16,WAV,4035244,515cb76ad4c4177c839224fbb7d9dbb8,-18.455718994140625,0.9803466796875,0.0,0.00011946494487347081,0.0006145915939730373,-24.91764259338379,0.7928466796875,0.0,-5.5935652198968455e-05,0.027456383822363203,0.0013062207939109668,13,22,28.540000000000013,57.84000000000001,0.22632831086439345,2.1953846153846164,7.780000000000001,9.98,115.78,1.9199999999999946,0.41682939623079546,4.0200000000000005,10.319999999999993,9.870000000000001,10.240000000000009,31.1599999999999,0.24710547184773912,13,2.3969230769230694,0.9159448187359641,1.0,0.9561286001339585,11,29.159999999999936,1125.0,339.7209100106189,-32.314334869384766,-12.384556770324707,-72.24716186523438,59.86260509490967
call_c3a3ab5fa472,synthetic,train,1,202,201.94,8000,2,PCM_16,WAV,6462124,1946eb30a68f456cfb67338d8e1ffa97,-16.968374252319336,0.9803466796875,0.0,2.475068686180748e-05,0.0003837773596117659,-25.17045783996582,0.7928466796875,0.0,-6.61932717775926e-05,0.028804347826086957,-0.0003369052263829029,17,26,65.34000000000003,93.72000000000006,0.32356145389719737,3.843529411764708,15.83999999999999,10.94,201.12,1.9399999999999977,1.6732232739737625,5.44,0.8199999999999932,10.84,0.7199999999999989,68.48999999999992,0.33916014657819116,17,4.02882352941176,0.9538888078213921,1.0,0.9764002987303958,21,65.77999999999994,578.125,279.01382316828875,-35.6468620300293,-12.272430419921875,-72.24716186523438,59.9747314453125
call_c3e9e24958f7,synthetic,train,1,209,209.2,8000,2,PCM_16,WAV,6694444,4d10f1f731b3debd8880881d71d7174a,-27.654409408569336,0.6053466796875,0.0,9.613737347535789e-05,0.004075645315487572,-26.66283416748047,0.9178466796875,0.0,-5.9304464230081066e-05,0.03619562619502868,8.271587541657049e-05,32,13,74.10000000000004,73.22,0.35420650095602313,2.315625000000001,5.47999999999999,13.58,208.22,10.350000000000001,5.32312745831809,0.0,0.9799999999999898,13.47,0.8799999999999955,80.3599999999999,0.3841300191204584,32,2.511249999999997,0.9221489864444721,1.0,0.9594979296066253,26,70.96999999999991,1609.375,538.9350527899805,-41.00849914550781,-23.499286651611328,-72.24716186523438,48.74787521362305
call_c49b6face6c3,synthetic,val,1,122,122.02,8000,2,PCM_16,WAV,3904684,c99f1e495fa9706dfc8cf08753980067,-24.735746383666992,0.9803466796875,0.0,0.0001376896252622828,0.005622029175544992,-24.935413360595703,0.9178466796875,0.0,-5.8165660448139533e-05,0.027910383543681364,0.00045783281135434274,11,16,23.520000000000017,60.940000000000005,0.1927552860186856,2.13818181818182,5.600000000000001,11.8,121.24,3.5600000000000005,2.3624850342785426,0.77,0.7800000000000011,11.69,0.6900000000000119,25.539999999999957,0.20930994918865725,11,2.321818181818178,0.9194998046111762,1.0,0.9580618892508144,8,21.39999999999999,1875.0,637.1545224588004,-39.052040100097656,-17.94370460510254,-72.2743911743164,54.33068656921387
call_c4fc8a865292,human,val,0,177,177.06,8000,2,PCM_16,WAV,5665964,78c9c8d070c716844b99010554fa734a,-28.6136474609375,0.7303466796875,0.0,0.00013114199100527912,0.0007335084152264769,-25.420814514160156,0.8240966796875,0.0,-5.799623977509327e-05,0.024228368914492263,-7.777217014802741e-05,25,23,47.45999999999998,92.50000000000003,0.26804473059979655,1.8983999999999992,4.9,9.32,171.2,1.3800000000000026,1.8728982460347403,1.45,5.860000000000014,9.22,6.319999999999993,48.37999999999988,0.2732407093640567,27,1.7918518518518474,0.9248710010319917,0.943765796124684,0.9342228708433232,20,41.61999999999991,2593.75,964.716455033049,-31.07431411743164,-23.012062072753906,-72.24716186523438,49.23509979248047
call_c509bc8280ae,human,train,0,140,139.92,8000,2,PCM_16,WAV,4477484,6686a5d092355157826549b27337f1b8,-32.30804443359375,0.6678466796875,0.0,0.00010381734318798408,0.0006941466552315609,-24.6707820892334,0.8865966796875,0.0,-6.649754504906014e-05,0.026382933104631218,-0.0003332768535307619,16,16,27.63999999999999,75.58,0.19754145225843334,1.7274999999999994,5.48,1.18,132.82,1.7200000000000024,2.143820735728334,4.0,7.099999999999994,1.0699999999999998,6.999999999999972,29.02999999999997,0.2074757004002285,14,2.073571428571426,0.9095287237702099,0.9555475243946513,0.9319703912583716,8,23.86000000000001,1312.5,489.2098249321396,-25.171180725097656,-25.517601013183594,-72.24716186523438,46.72956085205078
call_c5b04c36bb62,synthetic,train,1,138,137.28,8000,2,PCM_16,WAV,4393004,bbcf06851e61e72d2a31780c304b5678,-19.126131057739258,0.9803466796875,0.0,-4.8226800572592765e-05,0.0006246357808857809,-25.61830711364746,0.9490966796875,0.0,-6.470435619121417e-05,0.031798149766899764,-0.000583184221809055,27,13,42.22000000000001,60.24000000000002,0.30754662004662014,1.5637037037037043,7.020000000000001,4.04,136.46,3.480000000000004,5.832076290189915,6.25,0.8199999999999932,3.93,0.710000000000008,47.83999999999989,0.3484848484848477,25,1.9135999999999955,0.8763037129745516,0.9936140018921475,0.9312790955442253,17,39.97999999999994,687.5,501.17041835624184,-43.33734130859375,-14.63300609588623,-43.5314826965332,28.898476600646973
call_c647ee088162,human,train,0,137,137.0,8000,2,PCM_16,WAV,4384044,ab01296ff60614fbaeaadc215f3a4828,-32.740806579589844,0.6678466796875,0.0,0.00012032535596517846,0.0006450729927007299,-24.068662643432617,0.8240966796875,0.0,-6.651662260992453e-05,0.027210766423357666,0.0001553733562863931,16,22,28.140000000000004,75.38000000000002,0.20540145985401462,1.7587500000000003,4.300000000000001,0.8,137.0,1.2800000000000011,0.8063150748931848,4.47,0.0,0.91,0.0,27.709999999999937,0.20226277372262727,14,1.9792857142857099,0.9351818509182571,0.9212486697410429,0.9281629735525375,8,23.209999999999987,2046.875,885.7368367086326,-24.88280487060547,-25.826637268066406,-72.24716186523438,46.42052459716797
call_c67ce09b3316,synthetic,train,1,142,141.46,8000,2,PCM_16,WAV,4526764,c16e9d5dd8714434c63dd17d7747b17c,-30.267318725585938,0.7615966796875,0.0,0.00014956816448830068,0.002745475752863,-24.39169692993164,0.8553466796875,0.0,-6.634067540289834e-05,0.02577407040859607,-0.0002084798793013008,12,27,19.639999999999993,77.68000000000004,0.13883783401668312,1.636666666666666,4.700000000000003,9.58,112.06,2.6199999999999974,1.392814895574188,0.67,29.400000000000006,9.47,29.32000000000002,21.539999999999978,0.15226919270465133,12,1.7949999999999982,0.8975428836346778,0.9857433808553971,0.9395777723853433,7,16.60000000000002,1296.875,398.1204021731328,-33.89506530761719,-22.1212100982666,-72.24716186523438,50.12595176696777
call_c6daaae3eb0f,human,train,0,109,108.88,8000,2,PCM_16,WAV,3484204,d05a6016d0372b5801b89798a2fd286a,-32.059513092041016,0.6678466796875,0.0,9.892174421111122e-05,0.0010068423952975753,-24.82599639892578,0.7615966796875,0.0,-6.42612503725104e-05,0.02922598273328435,-0.0014330739081923373,11,19,22.659999999999993,57.40000000000002,0.2081190301249081,2.059999999999999,4.019999999999996,0.9,86.42,2.0600000000000023,1.4820539801235313,2.48,22.459999999999994,0.86,22.370000000000005,23.049999999999994,0.21170095518001464,12,1.9208333333333327,0.9211438474870017,0.9378032642258491,0.9293989071038251,10,21.300000000000022,1468.75,586.9102524669951,-26.1629638671875,-25.317325592041016,-72.24716186523438,46.92983627319336
call_c6e878157063,human,train,0,150,150.28,8000,2,PCM_16,WAV,4809004,583ef2f8d258012f1afb939d63b736c2,-27.904701232910156,0.7615966796875,0.0,9.287391731049865e-05,0.0007327987756188449,-26.175947189331055,0.7303466796875,0.0,-5.617849819827825e-05,0.029711205749268034,-3.357840763035968e-05,20,19,58.33999999999997,63.48000000000004,0.38820867713601254,2.9169999999999985,20.0,1.04,149.78,1.4200000000000008,6.940348127649217,4.49,0.5,0.93,0.4099999999999966,60.4499999999999,0.4022491349480962,19,3.181578947368416,0.94923102364809,0.9835503769705277,0.9660860052175376,20,55.53999999999999,1015.625,469.30277162690305,-30.38766860961914,-23.951101303100586,-72.24716186523438,48.29606056213379
call_c87e905eb0d7,synthetic,train,1,129,128.92,8000,2,PCM_16,WAV,4125484,9d3f751a937cb44aa90ac1f03c3ef240,-21.2587833404541,0.9803466796875,0.0,0.00010418064630357549,0.002642142413900093,-25.34497833251953,0.8553466796875,0.0,-6.244436372071505e-05,0.03074484176233323,-0.00028135269546686873,14,20,38.48000000000001,63.11999999999999,0.2984796773192679,2.7485714285714296,15.44,9.26,121.04,2.120000000000001,5.9096116796352725,7.8100000000000005,7.879999999999981,9.16,7.780000000000001,41.34999999999993,0.320741545144275,14,2.9535714285714234,0.9302437846970794,1.0,0.9638614480430161,13,37.65999999999998,1921.875,643.5924743549081,-35.92185592651367,-16.32036018371582,-72.24716186523438,55.926801681518555
call_ca184bb77a63,human,val,0,122,122.1,8000,2,PCM_16,WAV,3907244,18309f6f73d0a27ae8be597fd9d8ef18,-25.518081665039062,0.8240966796875,0.0,0.00012271027662791312,0.0006920556920556921,-24.51055335998535,0.9178466796875,0.0,-5.882631739950739e-05,0.025031736281736282,0.0005143664160692994,27,15,59.43999999999999,65.86000000000001,0.4868140868140868,2.201481481481481,10.08,2.64,119.86,3.6599999999999984,5.089735348440012,22.26,2.239999999999995,2.54,2.1500000000000057,61.06999999999989,0.5001638001637992,25,2.4427999999999956,0.9358848544324501,0.9621657978812846,0.9488433794876047,23,55.829999999999934,2453.125,786.7856134779294,-30.66171646118164,-22.52674102783203,-72.24716186523438,49.720420837402344
call_ca5206a4f854,synthetic,train,1,127,126.82,8000,2,PCM_16,WAV,4058284,60565c104440ea8a8f8459d096947191,-29.761009216308594,0.9803466796875,0.0,0.00011179775901837274,0.0009619933764390474,-26.110017776489258,0.6365966796875,0.0,-5.673765190294944e-05,0.0270531067654944,-0.0014357914913810453,15,19,44.6,56.87999999999999,0.3516795458129633,2.9733333333333336,8.200000000000001,9.42,126.04,2.219999999999999,2.371956904236575,4.74,0.7799999999999869,9.33,0.6700000000000017,46.95999999999994,0.37028859801293124,14,3.3542857142857097,0.945295870583227,0.9955167002914145,0.9697565236379517,14,43.50999999999998,1500.0,542.6506351634083,-35.83379364013672,-25.49460220336914,-72.24716186523438,46.752559661865234
call_cbad95f3aabc,synthetic,train,1,115,115.02,8000,2,PCM_16,WAV,3680684,bd01b6084579427f71e789258f8e8955,-19.34329605102539,0.9803466796875,0.0,0.00012445318861864507,0.0011204573117718658,-23.703792572021484,0.9803466796875,0.0,-6.668911373708397e-05,0.025988958442010084,0.002492683501509483,10,17,22.659999999999997,68.76,0.19700921578855848,2.2659999999999996,6.34,9.8,95.58,2.130000000000001,0.6541100824784787,3.0,19.439999999999998,9.71,19.340000000000003,24.58999999999993,0.21378890627716857,10,2.458999999999993,0.9200487012987013,1.0,0.9583597548087085,8,20.92999999999999,2671.875,833.4038539816751,-35.140380859375,-12.64316463470459,-72.24716186523438,59.603997230529785
call_cbb902adb22a,human,train,0,168,167.3,8000,2,PCM_16,WAV,5353644,26b47ada33ebc0eb2b160ccdda66c07a,-29.805700302124023,0.9490966796875,0.0,7.15896239853464e-05,0.0019396294082486552,-24.235549926757812,0.7615966796875,0.0,-6.613567529711872e-05,0.025429617453676032,-0.0003549147340897675,39,25,71.14000000000004,94.38000000000008,0.4252241482367008,1.8241025641025652,7.780000000000001,0.66,158.46,3.4399999999999977,4.958358789322986,30.1,8.840000000000003,0.55,8.819999999999993,70.92999999999995,0.4239689181111772,39,1.8187179487179475,0.9299282397636134,0.9274487791187201,0.9286868544930794,27,62.15000000000001,1921.875,753.8646239060321,-30.256935119628906,-26.07953643798828,-72.24716186523438,46.167625427246094
call_ce3072c8e106,synthetic,train,1,131,131.18,8000,2,PCM_16,WAV,4197804,444b5e29cf3093c7c7787dec25b518d7,-21.87332534790039,0.9803466796875,0.0,-5.238994344836101e-05,0.0005917441683183412,-25.788562774658203,0.8553466796875,0.0,-6.702584505546838e-05,0.028266504040250037,-2.7276917050887964e-05,13,20,30.37999999999996,64.66,0.23159018143009574,2.3369230769230738,7.899999999999999,10.84,105.26,2.5600000000000005,2.054586441059851,0.78,25.92,10.73,25.830000000000013,32.53999999999992,0.24805610611373624,12,2.7116666666666602,0.9239030377416385,0.9907864429088517,0.9561765639885678,11,30.659999999999954,546.875,258.5026189510746,-37.05479431152344,-15.900641441345215,-44.562564849853516,28.6619234085083
call_ce6146a1c53e,synthetic,train,1,174,174.32,8000,2,PCM_16,WAV,5578284,017fcb79a7ed6905d4f3e6fe9a769d81,-18.691268920898438,0.9803466796875,0.0,-4.082548912265338e-05,0.0010261301055530059,-26.39225196838379,0.8240966796875,0.0,-5.914502980886027e-05,0.025497648003671408,8.225421976167882e-06,18,22,43.620000000000026,77.46000000000002,0.25022946305644805,2.4233333333333347,6.879999999999999,11.38,173.44,5.44,2.6605617619008393,0.66,0.8799999999999955,11.280000000000001,0.7699999999999818,46.50999999999991,0.26680816888480907,18,2.5838888888888842,0.9254404813064031,0.9867124856815579,0.9550947998669476,16,43.00999999999993,1000.0,492.9462138045931,-40.322349548339844,-12.996176719665527,-47.13417053222656,34.137993812561035
call_cea74e96e420,synthetic,train,1,129,129.28,8000,2,PCM_16,WAV,4137004,8b568deda1ae38b4505e8aa200e09164,-18.49924087524414,0.9803466796875,0.0,-6.159378972370178e-05,0.0006062422648514851,-25.80806541442871,0.7615966796875,0.0,-5.521668208530173e-05,0.029059019183168316,0.000271906284699602,12,14,34.29999999999998,53.820000000000036,0.2653155940594058,2.858333333333332,6.099999999999994,10.96,128.52,3.41,2.178349910673979,0.48,0.7599999999999909,10.860000000000001,0.6500000000000057,36.81999999999993,0.28480816831683115,12,3.0683333333333276,0.9313246471226927,1.0,0.9644413211524947,13,34.82999999999994,2640.625,803.0298026545441,-34.31919860839844,-13.057779312133789,-44.974098205566406,31.916318893432617
call_cf313f91b995,human,val,0,119,118.52,8000,2,PCM_16,WAV,3792684,6c41032a9536d80af11e92ec2b082049,-23.612934112548828,0.9803466796875,0.0,0.00011348563566571102,0.0043832264596692545,-25.686691284179688,0.6990966796875,0.0,-5.840684025315568e-05,0.021892929463381706,-0.00114413501711748,12,23,21.980000000000018,69.26000000000002,0.18545393182585235,1.831666666666668,4.68,1.06,117.36,1.1999999999999993,2.0326427043719146,1.32,1.1599999999999966,9.25,1.1099999999999994,22.85999999999994,0.1928788390145118,9,2.5399999999999934,0.9270104895104895,0.963652885052249,0.9449766094898641,7,20.029999999999955,1062.5,548.0116114491303,-37.815040588378906,-16.552509307861328,-72.24716186523438,55.69465255737305
call_d0442c9e97b7,synthetic,train,1,198,198.38,8000,2,PCM_16,WAV,6348204,5d9deb452766fab875db01978f366bf3,-22.327735900878906,0.9803466796875,0.0,-3.487031062832102e-05,0.0004127180159290251,-27.786739349365234,0.6678466796875,0.0,-6.145581573946401e-05,0.03718809859864906,0.0004083487640112028,43,15,64.01999999999997,65.97999999999996,0.32271398326444184,1.4888372093023248,13.200000000000003,3.5,197.46,8.25,8.445767445886725,4.73,0.9199999999999875,4.92,0.8199999999999932,68.86999999999982,0.34716201229962607,33,2.0869696969696916,0.887454677302393,0.9547511312217195,0.9198737221888154,22,58.39999999999998,1015.625,586.814088464928,-42.97124481201172,-18.013591766357422,-44.86380386352539,26.85021209716797
call_d13864e1e455,synthetic,train,1,158,158.36,8000,2,PCM_16,WAV,5067564,f5c54bcf345293f29d9ea5be74d03074,-22.030303955078125,0.9803466796875,0.0,-6.216097244760022e-05,0.001503694114675423,-25.394737243652344,0.7928466796875,0.0,-6.476467387983575e-05,0.027458796413235665,-0.0001182302461318685,17,19,27.899999999999984,77.18000000000006,0.1761808537509471,1.6411764705882343,3.960000000000001,12.34,157.54,4.719999999999999,2.6545191602846545,0.54,0.8200000000000216,12.24,0.710000000000008,30.749999999999964,0.19417782268249534,16,1.9218749999999978,0.8961713173264114,0.9885468861846815,0.9400953029271614,16,30.57999999999997,546.875,273.80874583838255,-37.704410552978516,-15.009907722473145,-46.32906723022461,31.319159507751465
call_d13e6463c6fb,human,train,0,148,147.96,8000,2,PCM_16,WAV,4734764,795d5ce9f8c670ef4867c454ba07a53c,-24.46151351928711,0.9803466796875,0.0,0.00010460994963068515,0.0005702554744525547,-25.27472686767578,0.7615966796875,0.0,-5.941440031165257e-05,0.023666869424168693,0.000872230387397755,14,22,36.12000000000002,81.99999999999999,0.24412003244120045,2.5800000000000014,8.100000000000001,1.06,118.5,1.2199999999999989,3.495706241974219,2.27,29.460000000000008,0.9600000000000001,37.610000000000014,36.849999999999966,0.24905379832387106,10,3.6849999999999965,0.950121984277582,0.9698395130049806,0.9598795015746954,11,34.83999999999999,968.75,459.4533665209878,-31.654796600341797,-18.480985641479492,-72.24716186523438,53.76617622375488
call_d147a02786d2,synthetic,train,1,153,153.68,8000,2,PCM_16,WAV,4917804,03dd65ecfa46337492915ab2dd4f1175,-32.81230163574219,0.9803466796875,0.0,0.00012539481394924223,0.0019643089536699634,-25.97547149658203,0.6990966796875,0.0,-6.314336496870965e-05,0.0297403695991671,3.230306032183113e-05,8,19,46.620000000000026,77.22000000000003,0.3033576262363354,5.827500000000003,12.4,9.56,152.9,2.519999999999996,1.2020165348280356,1.03,0.7800000000000011,9.46,0.6800000000000068,48.06999999999995,0.31279281624154054,8,6.008749999999994,0.9698419301164726,0.9997855917667239,0.9845861486486487,13,44.799999999999976,765.625,373.18617623117353,-37.70552062988281,-27.765209197998047,-72.24716186523438,44.48195266723633
call_d17b2416d506,synthetic,train,1,151,151.16,8000,2,PCM_16,WAV,4837164,8816e3167db98535398151756c07ec32,-22.871017456054688,0.9490966796875,0.0,0.00012691383017227054,0.0009021897327335274,-24.878612518310547,0.9490966796875,0.0,-6.416605174308643e-05,0.03149890844138661,2.552654249559297e-05,10,17,32.559999999999995,69.94000000000003,0.21540089970891768,3.2559999999999993,6.699999999999999,12.06,150.44,3.599999999999998,0.9017338853564288,0.04,0.7199999999999989,11.96,0.6099999999999852,34.34999999999994,0.22724265678750952,12,2.862499999999995,0.9418435591741785,0.9947788697788698,0.9675877520537715,11,30.84999999999997,1828.125,618.7241090880643,-36.78061294555664,-16.435955047607422,-72.24716186523438,55.81120681762695
call_d38f7d5159e7,human,train,0,112,111.58,8000,2,PCM_16,WAV,3570604,20d76f7e1d96b18bcf71b4d8159de9d8,-32.32609558105469,0.9803466796875,0.0,0.00010007812670664862,0.0006968094640616598,-24.03282356262207,0.9178466796875,0.0,-5.897484879824333e-05,0.02641042301487722,-3.495562641338626e-05,17,20,25.860000000000007,54.80000000000001,0.23176196450976883,1.5211764705882356,5.460000000000001,0.98,102.2,1.5899999999999992,2.378891220190615,2.57,9.379999999999995,0.9,9.320000000000007,23.429999999999986,0.20998386807671612,12,1.9524999999999988,0.943307757885763,0.8551004636785162,0.8970409404134576,9,21.02999999999998,2546.875,1063.1360631224936,-24.662551879882812,-25.606571197509766,-72.24716186523438,46.64059066772461
call_d3e854cbb77d,human,train,0,150,149.36,8000,2,PCM_16,WAV,4779564,ce1e979a3064c24386812585d8a83f4c,-29.7359561920166,0.9490966796875,0.0,0.00015547782822977751,0.0005531936261381896,-23.965923309326172,0.8240966796875,0.0,-5.829958899994381e-05,0.02087992099625067,-5.8132933091791663e-05,21,20,35.480000000000025,91.41999999999993,0.2375468666309589,1.6895238095238108,5.899999999999999,0.54,145.68,1.6399999999999988,3.0393788547521807,7.890000000000001,3.680000000000007,0.5800000000000001,3.5800000000000125,34.22999999999988,0.2291778253883227,18,1.9016666666666602,0.9247594050743657,0.8924852237545736,0.9083357204239473,13,28.939999999999923,1875.0,674.6422925700481,-22.598079681396484,-23.33980369567871,-72.24716186523438,48.907358169555664
call_d437831f4543,synthetic,train,1,136,136.78,8000,2,PCM_16,WAV,4377004,89f681f9904565175a45a973e96200b3,-26.552406311035156,0.7303466796875,0.0,0.0001308911305386573,0.00565232490130136,-25.003416061401367,0.8553466796875,0.0,-6.661167572019622e-05,0.028173892381927183,-0.0002663681194485828,11,17,28.320000000000014,74.11999999999998,0.20704781400789599,2.574545454545456,8.319999999999999,10.4,135.96,2.34,1.9201033030060841,0.73,0.8199999999999932,10.3,0.710000000000008,30.279999999999944,0.22137739435589956,12,2.5233333333333285,0.929159802306425,0.9947089947089947,0.9608177172061328,12,28.29999999999997,1921.875,582.8564174318519,-36.94263458251953,-20.003829956054688,-72.24716186523438,52.24333190917969
call_d4518fcb700a,synthetic,val,1,144,144.4,8000,2,PCM_16,WAV,4620844,9f550ba0cc14ed6d427677e2e70be2b7,-18.635826110839844,0.9803466796875,0.0,5.300981501932256e-05,0.000575657894736842,-25.932065963745117,0.9178466796875,0.0,-6.59905927022919e-05,0.0281518351800554,2.8160193372969003e-05,9,22,55.67999999999998,69.29999999999998,0.38559556786703586,6.186666666666664,25.340000000000003,9.82,113.78,1.759999999999998,1.2663859338026988,2.56,30.620000000000005,9.71,30.52000000000001,57.37999999999994,0.39736842105263115,10,5.737999999999994,0.9686356508102457,0.9983836206896551,0.9832846908994428,16,54.899999999999984,1656.25,465.5626908774829,-33.565216064453125,-14.62777042388916,-72.24716186523438,57.619391441345215
call_d557fa43925b,human,train,0,143,142.46,8000,2,PCM_16,WAV,4558764,2dbaa6a3213f8d41f1514ce4e5453646,-30.2774715423584,0.5740966796875,0.0,4.7468693082919344e-05,0.0014328583462024428,-25.239103317260742,0.9803466796875,0.0,-5.079754191683605e-05,0.3903192124105012,-7.843914964313224e-05,22,12,49.49999999999999,81.32000000000001,0.3474659553558893,2.2499999999999996,16.319999999999997,9.18,120.3,4.760000000000002,3.423976833357945,15.02,22.16000000000001,9.69,22.060000000000016,43.649999999999935,0.3064017969956474,16,2.728124999999996,0.9533287577213452,0.8413082980012114,0.8938223938223938,13,39.97999999999993,1125.0,574.4496724444582,-26.804821014404297,-25.142366409301758,-71.27806854248047,46.13570213317871
call_d5d00276dd35,human,train,0,152,151.52,8000,2,PCM_16,WAV,4848684,9dc75dbc4e05ba015a8357fe0f5a776f,-22.989768981933594,0.9803466796875,0.0,0.00011684544733725488,0.0014940271911298838,-24.76126480102539,0.9490966796875,0.0,-6.472276436397806e-05,0.027183705121436114,-0.00026819262986954036,65,20,74.27999999999992,82.92000000000002,0.4902323125659973,1.1427692307692294,6.020000000000003,1.72,151.52,5.699999999999996,4.51903810241668,33.06,0.0,1.6199999999999999,0.0,66.9499999999998,0.4418558606124591,43,1.556976744186042,0.9001490312965723,0.812373907195696,0.8540120183810533,22,50.2499999999999,796.875,509.6153446223322,-41.31271743774414,-19.445024490356445,-72.24716186523438,52.80213737487793
call_d60330be1b1f,human,val,0,170,169.3,8000,2,PCM_16,WAV,5417644,087ad534c225d3245a29e5c039c87a3a,-28.972824096679688,0.6678466796875,0.0,0.00013760209549218416,0.0018199940933254577,-24.27802848815918,0.9803466796875,0.0,-6.484948971774429e-05,0.024625664500886,-5.672800740256095e-05,17,20,38.24000000000002,96.10000000000002,0.22587123449497945,2.2494117647058838,6.6200000000000045,4.54,150.48,1.8799999999999955,1.3483543731419179,1.59,18.82000000000002,7.24,18.76000000000002,39.07999999999996,0.23083284111045457,15,2.605333333333331,0.9366862394689813,0.9582136328022982,0.9473276529821844,12,35.07,1734.375,707.5133582288865,-31.65618133544922,-22.612564086914062,-72.24716186523438,49.63459777832031
call_d72a7cb67eb0,human,train,0,169,169.32,8000,2,PCM_16,WAV,5418284,4f65d9a5b207ffa9a777479a666e9e1f,-26.398717880249023,0.9490966796875,0.0,0.00017358521290589124,0.0008740845735884715,-25.905742645263672,0.7615966796875,0.0,-5.8226265537086874e-05,0.026284549964564138,-3.7692727600134365e-07,20,21,46.580000000000055,84.87999999999997,0.275100401606426,2.329000000000003,7.719999999999999,9.3,162.96,2.1499999999999986,3.340704117398008,2.13,6.359999999999985,9.200000000000001,6.259999999999991,49.9099999999998,0.29476730451216515,20,2.49549999999999,0.9259110933119744,0.9912111468381565,0.9574490112848121,17,44.70999999999987,1671.875,587.9553655310611,-23.19767951965332,-21.09377670288086,-72.24716186523438,51.153385162353516
call_d80d9f6f7884,human,train,0,134,134.14,8000,2,PCM_16,WAV,4292524,a411db7a2db4d4563f6c78be7af54d86,-23.86347198486328,0.8240966796875,0.0,0.00011802458175225183,0.0026231921872670342,-24.807743072509766,0.8553466796875,0.0,-5.7220004237024114e-05,0.025019569106903235,-0.0004009033742502415,15,21,32.56000000000001,66.65999999999998,0.24273147457879837,2.1706666666666674,7.0,0.92,131.16,1.5999999999999943,4.879411347902617,2.4,2.9799999999999898,0.81,22.28,32.779999999999944,0.2443715521097357,11,2.979999999999995,0.9390615478366849,0.945688861613992,0.9423635529735515,10,29.44999999999998,843.75,531.7148779288013,-35.43769836425781,-17.762948989868164,-72.24716186523438,54.48421287536621
call_d88d3c23953c,synthetic,val,1,167,166.7,8000,2,PCM_16,WAV,5334444,5303aeebc4fd6a15562a4d0e41c288bb,-20.54102897644043,0.9803466796875,0.0,-5.4126961913425475e-05,0.00048740251949610077,-25.165300369262695,0.9490966796875,0.0,-5.7705750805325806e-05,0.027449010197960408,-4.440053151691941e-05,18,21,40.08,81.18000000000002,0.24043191361727656,2.2266666666666666,5.579999999999998,11.76,165.86,3.839999999999999,2.331218088849214,2.7600000000000002,0.839999999999975,11.66,0.7399999999999807,43.68999999999987,0.26208758248350256,19,2.2994736842105197,0.914932540589984,0.9975068561455996,0.9544370229007634,16,38.43999999999997,1750.0,476.91679648452697,-33.6270751953125,-14.73537826538086,-48.349578857421875,33.614200592041016
call_d88d8e15e430,synthetic,train,1,173,172.26,8000,2,PCM_16,WAV,5512364,f6ad4236b0ad8d1bbf39ca1ad93ac805,-20.260374069213867,0.9803466796875,0.0,0.00010913037112914026,0.0016552014396841984,-25.891029357910156,0.6678466796875,0.0,-6.473957182606682e-05,0.0289627597817253,7.737487330571876e-05,15,17,52.12,81.86000000000003,0.30256588877278534,3.4746666666666663,14.61999999999999,9.86,143.8,2.6200000000000045,5.394076751400558,2.31,28.45999999999998,9.75,28.349999999999994,55.149999999999906,0.3201555787762679,15,3.6766666666666605,0.9445551730385939,1.0,0.9714871412597839,17,51.70999999999992,921.875,576.2028887676527,-43.582923889160156,-15.314005851745605,-72.24716186523438,56.93315601348877
call_d89caa393417,synthetic,train,1,95,95.26,8000,2,PCM_16,WAV,3048364,e8503dc636dc25742289e88e9e94f553,-21.023313522338867,0.8240966796875,0.0,8.124432497425005e-05,0.00152214990552173,-27.281797409057617,0.5740966796875,0.0,-5.8722311223391443e-05,0.038753149275666594,-0.0006523259720909669,8,8,43.080000000000005,30.000000000000007,0.45223598572328366,5.385000000000001,18.659999999999997,11.86,94.36,3.299999999999997,6.588906870642502,0.34,0.9000000000000057,11.75,0.8100000000000165,44.61999999999997,0.4684022674784796,8,5.577499999999996,0.9650694133452754,1.0,0.9822242479489517,14,43.70999999999996,859.375,554.3801888389057,-43.5676383972168,-17.729520797729492,-72.24716186523438,54.51764106750488
call_d9b9c625f406,synthetic,train,1,160,160.6,8000,2,PCM_16,WAV,5139244,4adfd13072f51e1044b1354c6da5fcbc,-28.750564575195312,0.6365966796875,0.0,0.0001360828464385122,0.0024789850560398507,-25.974727630615234,0.7615966796875,0.0,-6.574533472303301e-05,0.03328533623910336,-0.001492080099385067,25,19,30.199999999999996,68.96000000000002,0.1880448318804483,1.2079999999999997,4.139999999999997,11.34,141.32,4.239999999999995,2.745702096003862,1.92,19.28,11.23,19.169999999999987,34.199999999999854,0.21295143212951342,25,1.367999999999994,0.8671532846715329,0.9821428571428571,0.9210730345790045,12,24.549999999999915,1718.75,565.4862026348351,-41.633941650390625,-22.10903549194336,-72.24716186523438,50.138126373291016
call_db5326bcb672,human,train,0,196,195.98,8000,2,PCM_16,WAV,6271404,e3e6a891f5dcaa2ee7f86a3e082aaf98,-27.039594650268555,0.7928466796875,0.0,7.800777530064806e-05,0.00040246453719767323,-25.006208419799805,0.9178466796875,0.0,-6.50868532829918e-05,0.025416496581283806,0.00017176015813489566,18,25,51.97999999999997,106.19999999999996,0.26523114603530956,2.8877777777777762,9.9,3.12,195.96,1.2999999999999954,4.403858016796044,2.22,0.01999999999998181,3.02,0.0,55.279999999999944,0.28206959893866695,18,3.071111111111108,0.9394651246837731,1.0,0.968787850554365,20,53.36999999999994,2187.5,682.9314550524962,-30.468994140625,-21.544504165649414,-72.24716186523438,50.70265769958496
call_dc1a55102190,human,val,0,160,160.32,8000,2,PCM_16,WAV,5130284,93583a6b4eb82bb1b3f23a2a71b2473d,-29.965927124023438,0.9803466796875,0.0,0.00015347683802247047,0.0011133982035928143,-24.041278839111328,0.9178466796875,0.0,-6.1010981880826876e-05,0.021223958333333334,0.0011172929781963627,16,22,36.000000000000014,92.96000000000002,0.22455089820359292,2.250000000000001,4.540000000000006,0.74,160.3,1.4000000000000057,3.110600085013963,4.9,0.01999999999998181,0.64,0.0,37.579999999999934,0.2344061876247501,16,2.348749999999996,0.9290836653386454,0.9711271515824542,0.9496402877697842,10,31.189999999999976,1328.125,546.2137205267059,-33.25668716430664,-23.66598892211914,-72.24716186523438,48.581172943115234
call_dcdbcc7d70e4,synthetic,train,1,163,162.94,8000,2,PCM_16,WAV,5214124,1c8ac17093f801ea84a0da53af378701,-25.672035217285156,0.9803466796875,0.0,0.000129540785565041,0.00047563520314226096,-24.522266387939453,0.9490966796875,0.0,-5.848684304510243e-05,0.02535289063458942,-7.343003860986144e-05,13,19,36.26000000000002,87.14000000000001,0.22253590278630184,2.7892307692307705,7.640000000000001,10.04,137.22,2.4599999999999795,2.200481926774036,0.6,25.72,9.94,25.620000000000005,38.67999999999993,0.2373879955811951,14,2.7628571428571376,0.9339184305627258,0.996694214876033,0.9642857142857143,13,36.21999999999995,1609.375,469.06371521309643,-34.952308654785156,-19.426694869995117,-72.24716186523438,52.82046699523926
call_ddeabfdb99d4,human,train,0,147,147.24,8000,2,PCM_16,WAV,4711724,fc78aae481961a3ab7b1acf616bb37e2,-30.082565307617188,0.8553466796875,0.0,8.338559564435855e-05,0.004614914425427873,-24.11646842956543,0.9178466796875,0.0,-6.74257316859439e-05,0.028493446074436296,-0.0009483496511726291,38,20,54.80000000000003,75.91999999999999,0.3721814724259714,1.4421052631578957,7.700000000000003,0.72,146.16,2.420000000000016,3.197603375722122,12.120000000000001,1.0800000000000125,0.63,0.9900000000000091,57.809999999999725,0.3926242868785637,37,1.562432432432425,0.9015373985144239,0.9511572808456351,0.9256828662646328,19,44.30999999999986,1984.375,687.8934625541744,-32.503150939941406,-26.02349090576172,-72.24716186523438,46.223670959472656
call_ddf2da1910f1,human,train,0,98,97.48,8000,2,PCM_16,WAV,3119404,6191c2793521f11b94236f42e84b9ee6,-27.902849197387695,0.4412841796875,0.0,0.00015579476894345134,0.0007963171932704145,-25.425642013549805,0.7928466796875,0.0,-5.664191485266201e-05,0.028359663520722198,-0.0015111681600976433,18,14,34.74000000000001,47.61999999999999,0.3563807960607305,1.9300000000000006,5.859999999999999,8.98,97.2,2.469999999999999,4.054825657301571,9.09,0.28000000000000114,8.870000000000001,0.19000000000001194,36.28999999999991,0.37228149363972,16,2.268124999999994,0.92652724270776,0.9678068410462777,0.946717278222972,15,34.08999999999992,750.0,405.63968653413747,-31.258506774902344,-23.639163970947266,-72.24716186523438,48.60799789428711
call_df3e278ab7fe,synthetic,train,1,130,130.4,8000,2,PCM_16,WAV,4172844,826d27500893174e7d9da0d6218f6cc3,-17.98733139038086,0.9803466796875,0.0,0.00010151389142265543,0.001187691717791411,-25.858074188232422,0.6678466796875,0.0,-5.7405224652029574e-05,0.02611579754601227,-0.00037074315627475516,12,17,37.599999999999994,61.23999999999998,0.28834355828220853,3.133333333333333,10.780000000000001,9.18,125.24,3.3500000000000014,3.0422629552503992,1.01,5.160000000000011,9.07,5.0600000000000165,39.899999999999935,0.30598159509202405,12,3.3249999999999944,0.9411911911911912,1.0,0.9697047827768467,11,35.19999999999999,2593.75,809.0055841366488,-35.36002731323242,-12.844295501708984,-72.24716186523438,59.40286636352539
call_df75973c8794,synthetic,train,1,169,168.6,8000,2,PCM_16,WAV,5395244,d7a87330669a6968c315676a5a9410ba,-24.82599639892578,0.8240966796875,0.0,8.333425648743287e-05,0.0004596678529062871,-27.047046661376953,0.9490966796875,0.0,-6.321482942439616e-05,0.03256005338078292,-0.0001920071829373683,14,16,70.92000000000004,64.89999999999998,0.4206405693950181,5.0657142857142885,11.699999999999989,10.22,167.78,6.37,9.085563453375144,0.55,0.8199999999999932,10.120000000000001,0.7299999999999898,73.42999999999998,0.4355278766310794,15,4.8953333333333315,0.9642128180704858,0.9985907553551296,0.9811007268951194,24,72.20999999999997,1125.0,384.71012002758147,-35.32513427734375,-21.216201782226562,-72.24716186523438,51.03096008300781
call_e0a8703be347,synthetic,train,1,147,147.56,8000,2,PCM_16,WAV,4721964,3a44cae6d524d8dcf2eb05e72cd4d19d,-26.4332275390625,0.7303466796875,0.0,0.0001100756780942902,0.0009496137164543237,-26.15621566772461,0.8240966796875,0.0,-6.350431794999167e-05,0.031991223908918405,0.0008511582383828874,13,10,52.499999999999986,64.21999999999997,0.3557874762808348,4.038461538461537,10.200000000000003,11.06,146.78,7.700000000000003,4.586017854665809,0.32,0.7800000000000011,10.97,0.6800000000000068,54.88999999999992,0.37198427758200003,13,4.2223076923076865,0.9561179898033503,1.0,0.9775667876756958,18,54.689999999999934,1703.125,580.1690401308575,-41.088226318359375,-22.138545989990234,-72.24716186523438,50.10861587524414
call_e0c1f661d9ca,human,train,0,129,128.04,8000,2,PCM_16,WAV,4097324,1b69e6afdece56343b5179d416b4405d,-20.798160552978516,0.9803466796875,0.0,9.37466902541928e-05,0.0030488519212746017,-26.173805236816406,0.8240966796875,0.0,-5.464729474624619e-05,0.03017709309590753,2.7937008801013544e-05,18,13,47.81999999999999,50.919999999999995,0.373477038425492,2.6566666666666663,6.139999999999997,1.38,123.18,5.859999999999999,4.579071996160439,2.8000000000000003,4.859999999999985,1.27,4.780000000000001,50.5599999999999,0.3948766010621673,18,2.8088888888888834,0.9415135348745307,0.9962366715450554,0.9681023973994312,17,46.56999999999996,1109.375,653.663322282053,-35.64201736450195,-16.7628116607666,-72.24716186523438,55.48435020446777
call_e106a61086bb,synthetic,train,1,170,169.72,8000,2,PCM_16,WAV,5431084,619065edd3906f0cde94d47ad4d66a9e,-28.698566436767578,0.6990966796875,0.0,0.00013795295672025532,0.005888374970539713,-25.879919052124023,0.9490966796875,0.0,-6.510742969112471e-05,0.031917275512609006,0.0003039229527294397,15,19,34.179999999999986,76.01999999999995,0.2013905255715295,2.2786666666666657,6.1200000000000045,12.78,149.26,3.6799999999999997,1.8598762204930621,0.54,20.460000000000008,12.700000000000001,20.349999999999994,36.5399999999999,0.21529578128682478,15,2.4359999999999933,0.9250751982499317,0.9888921368021046,0.9559197513421871,13,32.20999999999999,1703.125,562.6345742602717,-41.1679801940918,-22.157697677612305,-72.2743911743164,50.1166934967041
call_e118b75d4937,human,train,0,150,149.92,8000,2,PCM_16,WAV,4797484,9b8b9c5577a6be342bfdd9d736768845,-23.837434768676758,0.9803466796875,0.0,-0.0003249486908316612,0.0006403415154749199,-25.166919708251953,0.7928466796875,0.0,-5.9113430324941874e-05,0.02354672491995731,0.0006071391374187398,27,24,47.919999999999995,79.97999999999996,0.31963713980789754,1.7748148148148146,7.240000000000002,1.02,148.5,1.85,2.7990612331605464,13.58,1.4199999999999875,0.92,1.3099999999999739,49.69999999999991,0.3315101387406611,24,2.0708333333333298,0.9203860072376358,0.9543464665415885,0.9370586429229352,21,46.189999999999884,2296.875,950.2643162653811,-22.915143966674805,-19.057329177856445,-70.785888671875,51.728559494018555
call_e2200941723b,synthetic,train,1,108,108.38,8000,2,PCM_16,WAV,3468204,db09acf4b0b082bd7397920a16fca25c,-17.89251136779785,0.9803466796875,0.0,-6.302563997451216e-05,0.0007150765823952759,-28.085153579711914,0.8865966796875,0.0,-6.202561053214595e-05,0.04385034139140063,-0.00013889598426661162,27,6,36.29999999999998,26.6,0.3349326443993355,1.3444444444444439,6.940000000000001,4.0,102.0,7.699999999999996,9.522153571540423,4.51,6.3799999999999955,3.89,6.27000000000001,43.6699999999999,0.4029341206864726,24,1.8195833333333293,0.831427264409881,1.0,0.9079555389034595,16,36.51999999999997,1281.25,344.4215360019392,-32.7059326171875,-13.980914115905762,-44.27491760253906,30.2940034866333
call_e2d538297f0c,human,val,0,206,206.46,8000,2,PCM_16,WAV,6606764,cdc179fa93f55bf3e712c944c8ad1c67,-23.791826248168945,0.8553466796875,0.0,-8.358913328265771e-05,0.0016716313087280828,-25.36699676513672,0.8553466796875,0.0,-5.773263183073141e-05,0.024731788239852757,-3.514271056944527e-05,24,29,59.060000000000045,99.54000000000005,0.28606025380218947,2.460833333333335,6.460000000000008,1.06,204.32,2.8400000000000034,4.920251734073577,3.5100000000000002,2.140000000000015,9.43,2.0500000000000114,62.0699999999999,0.3006393490264453,22,2.821363636363632,0.9420383191112542,0.9898494332600237,0.9653522521036133,23,59.33999999999991,1000.0,486.8742292462214,-33.20726776123047,-18.588916778564453,-72.24716186523438,53.65824508666992
call_e3064936e37a,synthetic,train,1,118,117.94,8000,2,PCM_16,WAV,3774124,04c841545d4c4093a42dc17811b84c97,-17.196348190307617,0.9803466796875,0.0,-0.00010772609675768763,0.0011647871799219942,-26.05546760559082,0.8865966796875,0.0,-6.230046710697934e-05,0.034530269628624724,-0.0021612377753748814,19,16,42.05999999999999,43.78000000000003,0.3566220111921315,2.2136842105263153,12.239999999999995,12.78,112.94,3.1799999999999997,3.8181850919149904,4.13,5.0,12.67,4.900000000000006,45.29999999999988,0.38409360691877126,19,2.3842105263157833,0.9188175601147143,0.9897813688212928,0.9529802082141632,15,39.88999999999995,1140.625,343.77045264381513,-33.357261657714844,-13.139719009399414,-45.508392333984375,32.36867332458496
call_e3084824935d,synthetic,train,1,141,141.46,8000,2,PCM_16,WAV,4526764,a7e7bc653afe6dc8a4b1e829faaebd42,-24.657699584960938,0.7928466796875,0.0,0.00013526357361115515,0.00241941184787219,-27.129653930664062,0.9803466796875,0.0,-6.218814087333158e-05,0.036852290400113105,-6.023363569984493e-05,10,15,31.939999999999984,52.760000000000005,0.22578820868089908,3.193999999999998,10.140000000000008,11.44,140.78,3.670000000000009,0.7600236838414979,1.16,0.6800000000000068,11.35,0.5900000000000034,33.93999999999993,0.23992648098402322,10,3.3939999999999926,0.9408127208480566,1.0,0.9695038689121529,13,32.58999999999993,875.0,559.5407757576087,-44.05140686035156,-18.458539962768555,-72.24716186523438,53.78862190246582
call_e31bf946a8fa,human,train,0,149,148.18,8000,2,PCM_16,WAV,4741804,5fac45f253d03199a0d7116344b0e49d,-24.99162483215332,0.9803466796875,0.0,7.019629993010312e-05,0.0009633553785936024,-26.075233459472656,0.7303466796875,0.0,-5.561858415603638e-05,0.027471656093939804,0.0006577366153255031,12,17,39.73999999999999,72.47999999999999,0.2681873397219597,3.3116666666666656,6.940000000000001,1.06,141.78,1.410000000000001,1.4238553297298127,0.72,6.400000000000006,0.9600000000000001,6.300000000000011,41.82999999999993,0.28229180726143827,14,2.9878571428571377,0.9438604873387482,0.9939622641509434,0.968263693174856,13,37.699999999999946,1000.0,456.50940385079065,-28.91770362854004,-19.498693466186523,-72.24716186523438,52.74846839904785
call_e329faf2b6a1,synthetic,val,1,153,153.6,8000,2,PCM_16,WAV,4915244,3de4575581c5ca0b32a6944b455c9aa6,-27.176549911499023,0.8240966796875,0.0,0.000128219326143153,0.0032161458333333334,-25.861400604248047,0.7615966796875,0.0,-6.623794615734369e-05,0.031139322916666667,0.00022306073167149842,16,21,36.40000000000001,65.01999999999998,0.23697916666666677,2.275000000000001,8.44,12.72,152.74,4.790000000000002,2.0368480552068666,1.07,0.8599999999999852,12.67,0.7699999999999818,38.42999999999989,0.2501953124999993,19,2.022631578947363,0.9323972958918356,0.9846238330587589,0.9577991452991453,16,33.91999999999993,1562.5,591.1315589240082,-40.079959869384766,-21.159454345703125,-72.24716186523438,51.08770751953125
call_e3f555297277,synthetic,val,1,125,124.52,8000,2,PCM_16,WAV,3984684,bd484c449b4d28b370aafc355575df6f,-24.33983039855957,0.9803466796875,0.0,0.00013476591266226023,0.0012728878894956634,-25.645435333251953,0.6990966796875,0.0,-6.417955592041835e-05,0.02756183745583039,0.00023668652764280012,11,14,25.100000000000016,67.96000000000001,0.2015740443302282,2.281818181818183,6.0,9.72,123.68,2.040000000000001,1.54220621189256,0.54,0.8399999999999892,9.620000000000001,0.7800000000000011,26.659999999999954,0.21410215226469606,13,2.050769230769227,0.9311119430924747,0.9904420549581839,0.9598610575067541,11,24.64999999999995,1703.125,631.7648608930975,-40.813045501708984,-17.64609718322754,-72.24716186523438,54.601064682006836
call_e4d9c2e0947a,human,train,0,118,118.48,8000,2,PCM_16,WAV,3791404,c97d7d55a102c6bceb77cb25c9f7feab,-24.59933853149414,0.9490966796875,0.0,8.50718715810217e-05,0.0007290259959486833,-25.252199172973633,0.9178466796875,0.0,-5.8423756854608655e-05,0.02807752363268062,-0.0007363074031933452,13,13,34.78,58.52000000000001,0.29355165428764346,2.6753846153846155,6.74,0.74,111.9,2.2299999999999986,3.294329724440669,1.22,6.579999999999998,0.63,6.470000000000013,37.209999999999965,0.3140614449696148,14,2.6578571428571403,0.9294527896995708,0.9956896551724138,0.9614317425083241,15,36.26999999999996,1234.375,482.7348323735941,-29.283580780029297,-19.569561004638672,-72.24716186523438,52.6776008605957
call_e58669998b76,human,val,0,125,124.92,8000,2,PCM_16,WAV,3997484,c31a1aa65d72c6cafd62a0602104c902,-30.524120330810547,0.7303466796875,0.0,0.00017648587527219206,0.0006203970541146334,-24.3112735748291,0.9490966796875,0.0,-5.8005141909234226e-05,0.021511767531219982,-0.000227836409290258,15,19,27.0,71.08,0.21613832853025935,1.8,5.059999999999995,0.58,101.28,1.4300000000000033,1.427148577137113,3.56,23.64,0.47,23.540000000000006,29.139999999999954,0.23326929234710178,14,2.0814285714285683,0.9140410958904109,0.9866913123844732,0.9489777777777778,10,24.969999999999963,1250.0,627.8095129484082,-29.635601043701172,-24.244503021240234,-72.24716186523438,48.00265884399414
call_e618b7b1fa5b,human,train,0,133,132.52,8000,2,PCM_16,WAV,4240684,dc42d3fa03ec10d0883f405d71b4fa0b,-30.741575241088867,0.8553466796875,0.0,0.00012282472744118422,0.000803652278901298,-23.935157775878906,0.9178466796875,0.0,-6.700775702483952e-05,0.022032523392695444,-0.00017670634514208115,20,16,33.66000000000001,81.77999999999999,0.25399939631753704,1.6830000000000005,5.980000000000004,0.48,123.46,1.7800000000000011,4.495359256794216,7.48,9.060000000000016,0.38,8.960000000000022,34.099999999999866,0.25731964986417044,16,2.1312499999999917,0.9252418645558487,0.9364985163204748,0.9308361598584279,10,27.709999999999948,2109.375,865.1031641834268,-34.93613815307617,-25.013023376464844,-72.24716186523438,47.23413848876953
call_e697765a4dfd,synthetic,train,1,154,153.1,8000,2,PCM_16,WAV,4899244,66f5f19edd428c4a9f71508129e3d433,-20.21244239807129,0.9803466796875,0.0,0.0001125231574405916,0.0008719790986283475,-25.47793197631836,0.7928466796875,0.0,-6.605241651413962e-05,0.030409046374918355,1.2458625418527312e-05,8,17,34.759999999999984,76.82000000000002,0.2270411495754408,4.344999999999998,7.679999999999998,12.38,134.6,3.0699999999999967,0.6740178039191558,0.0,18.5,12.27,18.399999999999977,36.40999999999991,0.2378184193337682,8,4.551249999999989,0.9538968166849616,1.0,0.9764044943820225,11,35.72999999999995,750.0,451.122778901373,-41.629276275634766,-13.974918365478516,-72.24716186523438,58.27224349975586
call_e69e8ba551e4,human,train,0,154,153.66,8000,2,PCM_16,WAV,4917164,bc0361036753cea25ee8f482faac0329,-32.19244384765625,0.7303466796875,0.0,0.0001088192148017697,0.0011738578680203047,-25.882423400878906,0.7928466796875,0.0,-6.400360143743455e-05,0.026967818560458153,-7.949216064517982e-05,21,20,41.519999999999996,82.64000000000003,0.2702069504099961,1.9771428571428569,7.260000000000005,1.02,152.98,2.4299999999999997,4.523325767618336,4.58,0.6800000000000068,9.19,0.7399999999999807,39.82999999999993,0.25920864245737296,17,2.342941176470584,0.943358395989975,0.9052429052429053,0.9239077074128621,14,35.11999999999993,1562.5,679.7858993314801,-34.26895523071289,-26.34092140197754,-72.24716186523438,45.906240463256836
call_e6c59d28e6d7,synthetic,train,1,119,118.54,8000,2,PCM_16,WAV,3793324,5b20eaa05369c87be575d29d80a96d94,-35.03647232055664,0.9803466796875,0.0,0.0001380643661832437,0.005710097857263371,-25.30552101135254,0.7928466796875,0.0,-6.635500903939828e-05,0.028377551881221527,-0.00012167565710432491,9,16,25.899999999999995,62.53999999999999,0.21849164838872948,2.8777777777777773,6.440000000000001,10.5,92.64,2.279999999999994,4.197834832857365,0.88,25.900000000000006,10.41,25.87000000000002,27.03999999999998,0.22810865530622557,8,3.3799999999999977,0.9472324723247233,0.9907371671169433,0.9684965100924354,8,24.249999999999996,781.25,388.94498276854375,-34.28541564941406,-28.64345359802246,-72.30179595947266,43.658342361450195
call_e9bd33cdb226,human,val,0,143,142.82,8000,2,PCM_16,WAV,4570284,fa4fbfdcfbf41250e26d11c98af95bbd,-28.373069763183594,0.5428466796875,0.0,2.6175201128353365e-05,0.0008200882229379638,-24.62994384765625,0.6990966796875,0.0,-6.196893082233146e-05,0.021307414927881248,0.0017135433302024273,21,23,26.61999999999997,85.79999999999995,0.18638846099985976,1.267619047619046,4.219999999999999,9.64,140.78,1.6400000000000006,2.5273398489356618,2.68,2.039999999999992,9.530000000000001,1.9299999999999784,28.6799999999999,0.20081221117490478,17,1.687058823529406,0.8750869867780098,0.9440690690690691,0.9082701336222463,9,23.02999999999993,796.875,348.37563730010476,-33.29956817626953,-21.44424057006836,-64.72669982910156,43.2824592590332
call_eb1c9a5a2c08,human,train,0,145,145.32,8000,2,PCM_16,WAV,4650284,1989096fd0ef67791683249d0c64f9e1,-29.130956649780273,0.9803466796875,0.0,-0.0004146815335843712,0.0006176025323424168,-24.886552810668945,0.8865966796875,0.0,-5.612154200207442e-05,0.02688205339939444,-9.413162373158494e-06,23,20,38.039999999999985,72.03999999999996,0.26176713459950446,1.6539130434782603,6.0,0.38,145.32,1.6900000000000013,2.709200729927799,9.75,0.0,0.27,0.0,39.17999999999992,0.2696118909991737,18,2.1766666666666623,0.9215486500254713,0.9501050420168067,0.9356089992242048,14,34.129999999999974,2859.375,848.2026632202109,-14.930840492248535,-23.44216537475586,-72.24716186523438,48.804996490478516
call_ec545493459e,synthetic,train,1,148,148.86,8000,2,PCM_16,WAV,4763564,49911bbf4f6987d84a41aa2c8c039135,-28.2426815032959,0.8865966796875,0.0,-2.4360657334909774e-05,0.0005273411258900981,-25.958833694458008,0.6678466796875,0.0,-6.560941255884245e-05,0.030932587666263604,0.00016564263640043888,16,18,24.160000000000007,71.25999999999998,0.1623001477898697,1.5100000000000005,2.6000000000000014,10.88,147.9,3.8100000000000023,1.7460092890646368,0.74,0.960000000000008,10.77,0.8700000000000045,26.879999999999928,0.18057234985892734,16,1.6799999999999955,0.8852580764946156,0.9863467107985106,0.9330724070450098,13,24.319999999999947,1156.25,392.8386418415279,-36.57707977294922,-20.93592071533203,-47.30369567871094,26.367774963378906
call_ec58505fc522,human,train,0,134,133.46,8000,2,PCM_16,WAV,4270764,9164cb690711baef24a6038c8dcdd09f,-21.954418182373047,0.9803466796875,0.0,0.00013071921421214938,0.000688408511913682,-25.499542236328125,0.9803466796875,0.0,-6.442842277465388e-05,0.02778360557470403,-0.0007641379236126157,16,17,32.89999999999997,70.44,0.24651580998051828,2.056249999999998,8.120000000000005,0.78,126.3,1.410000000000001,2.6076903534721754,2.39,7.160000000000011,0.81,7.070000000000022,35.84999999999993,0.26861981117937905,16,2.2406249999999956,0.9159008632692843,0.9990886998784934,0.955687926776115,13,32.519999999999946,2203.125,759.8390011572634,-28.74701499938965,-16.24583625793457,-72.24716186523438,56.001325607299805
call_ed020e30c242,synthetic,train,1,79,79.36,8000,2,PCM_16,WAV,2539564,b2d0fac3653f760c9f1981deb95b1516,-29.555034637451172,0.9178466796875,0.0,-2.8352391382213682e-05,0.0009765625,-28.913188934326172,0.9178466796875,0.0,-5.250534741207957e-05,0.03870652721774193,-0.0005984908568363965,15,5,24.899999999999995,15.12,0.31376008064516125,1.6599999999999997,6.920000000000002,4.2,72.22,11.560000000000002,13.69330970462096,1.96,7.140000000000001,4.090000000000001,7.040000000000006,28.130000000000024,0.3544606854838713,15,1.8753333333333349,0.8833746898263027,1.0,0.9380764163372859,9,23.310000000000013,1359.375,520.5818830332034,-38.91109848022461,-25.85437774658203,-43.28572082519531,17.43134307861328
call_ed041799aed9,human,train,0,156,155.94,8000,2,PCM_16,WAV,4990124,a79655fe0eb15914f93c82937e791277,-34.13266372680664,0.3006591796875,0.0,-2.75973306997912e-05,0.000762312427856868,-25.62340545654297,0.7928466796875,0.0,-6.586925883311778e-05,0.028567077080928562,-5.859624393534694e-05,22,25,42.2,78.75999999999998,0.27061690393741183,1.9181818181818182,8.299999999999997,10.46,155.94,1.5300000000000011,3.3687435429030854,4.57,0.0,10.360000000000001,0.0,43.99999999999987,0.2821598050532248,22,1.9999999999999942,0.9282307517601636,0.9673372781065088,0.9473806212331942,17,39.50999999999993,1343.75,502.3374979848929,-36.008460998535156,-28.71918487548828,-71.45535278320312,42.736167907714844
call_ed99e3ea3f0e,synthetic,train,1,160,159.46,8000,2,PCM_16,WAV,5102764,ce09ef5f91c5e9d9290abd4fd1da1c84,-19.575956344604492,0.9803466796875,0.0,0.00012225116370245814,0.0016148250344914085,-24.435060501098633,0.9178466796875,0.0,-6.830245547462255e-05,0.026370249592374263,-0.0007446018419606632,12,21,33.14000000000002,91.19999999999996,0.20782641414774877,2.7616666666666685,9.419999999999998,9.8,137.22,2.159999999999999,0.9728937363464851,1.55,22.24000000000001,9.700000000000001,22.129999999999995,35.34,0.22162297754922866,12,2.9450000000000003,0.9372881355932203,1.0,0.9676290463692039,11,32.18,2718.75,854.7731234204014,-34.94877624511719,-13.032121658325195,-72.24716186523438,59.21504020690918
call_ee227bc9d7ac,human,train,0,196,195.58,8000,2,PCM_16,WAV,6258604,5ebf6e0c169440a626d7f9e55007231a,-31.05745506286621,0.6365966796875,0.0,8.946231537265703e-05,0.0011855762347888332,-24.803712844848633,0.8865966796875,0.0,-5.731158307753503e-05,0.025163615911647407,0.001101559920995562,24,32,52.98000000000003,97.64000000000003,0.2708865937212395,2.2075000000000014,11.36,9.7,188.64,2.3400000000000047,2.219631945215741,11.47,6.940000000000026,9.59,6.840000000000003,41.26999999999992,0.2110133960527657,16,2.579374999999995,0.9484136594817147,0.7387285417845689,0.830540827147402,14,36.34999999999996,1093.75,557.1777682183658,-27.37270736694336,-24.302642822265625,-72.24716186523438,47.94451904296875
call_eed2c7389776,synthetic,val,1,184,184.0,8000,2,PCM_16,WAV,5888044,0f30e481b7f912bd81dad4204bc3484a,-20.45047378540039,0.9803466796875,0.0,9.693618630990386e-05,0.0019470108695652175,-25.88660430908203,0.9178466796875,0.0,-6.494538683909923e-05,0.03328192934782609,-0.0001653051558239463,14,21,43.01999999999997,78.93999999999996,0.23380434782608678,3.0728571428571407,8.5,11.98,183.26,4.13,2.1026169311559504,1.18,0.7400000000000091,11.88,0.6500000000000057,45.679999999999936,0.24826086956521703,14,3.2628571428571385,0.9409577957577083,1.0,0.969580892293826,14,41.92999999999998,1734.375,486.9879435794024,-34.1115837097168,-14.399577140808105,-72.24716186523438,57.84758472442627
call_f003741555a1,human,train,0,127,127.34,8000,2,PCM_16,WAV,4074924,8b6343ac559a6759b8503ae5c84cf93a,-27.139869689941406,0.8553466796875,0.0,0.00012380229600239545,0.0006969530391079001,-24.825897216796875,0.7928466796875,0.0,-5.861716272193007e-05,0.023241911418250355,-0.001448368668488819,14,18,28.019999999999982,72.83999999999997,0.22004083555834758,2.00142857142857,6.280000000000001,1.32,119.6,1.1999999999999993,2.414607420282403,2.06,7.740000000000009,8.41,7.65000000000002,29.709999999999958,0.2333123920213598,14,2.122142857142854,0.9270588235294117,0.9839457723867285,0.9546555901696089,10,24.86999999999997,1125.0,497.45913365879585,-25.62713623046875,-20.819551467895508,-72.24716186523438,51.42761039733887
call_f0ad1cf1aa6a,synthetic,train,1,128,127.94,8000,2,PCM_16,WAV,4094124,d172a0ed51481bcb1b4daabf59f58a28,-18.780473709106445,0.9803466796875,0.0,-3.562308120308444e-05,0.0006057526965765203,-25.153343200683594,0.8240966796875,0.0,-5.7313456636620685e-05,0.025125058621228703,0.0009000044707902697,17,20,31.080000000000034,66.5,0.24292637173675188,1.828235294117649,5.6,10.06,119.7,2.200000000000003,3.5789828637617633,2.94,8.239999999999995,9.950000000000001,8.14,34.20999999999993,0.2673909645146157,16,2.1381249999999956,0.9027737226277373,0.993573264781491,0.9459996940492581,16,33.349999999999945,1156.25,506.82264033450144,-42.617401123046875,-13.081872940063477,-46.09285354614258,33.0109806060791
call_f1372119b403,synthetic,train,1,241,240.38,8000,2,PCM_16,WAV,7692204,fc8939be929a8376de70dbd8238c8894,-30.12467384338379,0.9490966796875,0.0,-3.976337029598653e-05,0.001459668025626092,-26.91744041442871,0.8553466796875,0.0,-5.511413837666623e-05,0.031384162575921457,-0.000694614975808059,56,19,58.619999999999905,78.08000000000004,0.2438638821865376,1.0467857142857127,4.960000000000001,4.24,238.86,6.490000000000001,11.048658283812065,8.0,1.5199999999999818,4.130000000000001,1.4299999999999784,67.5499999999999,0.28101339545719234,55,1.2281818181818163,0.835203780271707,0.9638718473074301,0.8949367088607595,26,48.09999999999995,1515.625,555.1430746949515,-37.54874038696289,-26.487770080566406,-41.9444465637207,15.456676483154297
call_f1b82a4a46f6,human,val,0,134,133.9,8000,2,PCM_16,WAV,4284844,55394c1e515c5d82db68d6c8980a3277,-31.751766204833984,0.9803466796875,0.0,0.0001728713687043637,0.0006170649738610904,-23.903644561767578,0.7928466796875,0.0,-6.021124863764271e-05,0.022763256161314412,-0.00020552073289934695,14,17,30.079999999999995,75.46000000000002,0.22464525765496635,2.148571428571428,6.479999999999997,0.82,133.14,1.5200000000000005,2.3434824640205028,2.52,0.7600000000000193,0.72,0.6599999999999966,30.939999999999955,0.23106796116504819,13,2.3799999999999963,0.9312459651387992,0.9584717607973422,0.9446627373935822,10,27.939999999999984,1078.125,601.378364547089,-33.247562408447266,-25.392478942871094,-72.24716186523438,46.85468292236328
call_f202d4ff9f96,human,train,0,146,145.74,8000,2,PCM_16,WAV,4663724,6c98545076bb21183c36c9fdbbf6d5a4,-28.721389770507812,0.7928466796875,0.0,0.00011194332910235971,0.0007753533690133113,-23.87751579284668,0.9803466796875,0.0,-5.8895220718113706e-05,0.024287258130918074,0.0006384481893131338,30,22,52.800000000000054,76.60000000000005,0.3622890078221494,1.7600000000000018,11.599999999999994,0.4,139.84,1.519999999999996,4.382022510689042,10.97,5.900000000000006,0.29000000000000004,5.840000000000003,54.319999999999816,0.3727185398655126,28,1.9399999999999935,0.9236851783744023,0.9504257332071901,0.9368646833908422,24,49.64999999999981,1703.125,646.1256711743498,-32.14901351928711,-24.50153350830078,-72.24716186523438,47.745628356933594
call_f23bfe7d0e9e,synthetic,train,1,149,148.98,8000,2,PCM_16,WAV,4767404,8541567285390a8ceac8cc0bd16c2380,-24.54238510131836,0.9803466796875,0.0,0.00010523658420424908,0.0009137132501006847,-26.062744140625,0.8240966796875,0.0,-5.8357647503726184e-05,0.027877064035440997,-0.00021660751187032673,11,18,48.739999999999995,65.87999999999997,0.32715800778628,4.430909090909091,14.299999999999997,9.58,129.12,2.1200000000000045,1.838403907094367,0.4,19.859999999999985,9.48,19.769999999999982,50.74999999999994,0.34064975164451566,12,4.229166666666662,0.95786572159874,0.9981534673779237,0.9775946950668141,17,49.369999999999976,1484.375,432.6169553243686,-34.71211624145508,-19.865514755249023,-72.24716186523438,52.38164710998535
call_f27db4ab1f5a,synthetic,train,1,87,86.82,8000,2,PCM_16,WAV,2778284,34bb8ad6ffee9dab6bcec558eb2ebc1c,-26.481159210205078,0.9490966796875,0.0,0.00011847495625261217,0.002899677493665054,-25.774646759033203,0.8240966796875,0.0,-6.557060987688601e-05,0.033415399677493664,0.0019708005091949384,18,14,23.759999999999973,37.06000000000002,0.273669661368348,1.3199999999999985,3.6400000000000006,11.8,81.64,3.8100000000000005,3.1315944741644426,2.66,5.179999999999993,11.700000000000001,5.079999999999998,26.259999999999966,0.3024648698456573,19,1.382105263157893,0.877845220030349,0.9726775956284153,0.9228315054835493,9,19.049999999999976,1703.125,573.9320366610513,-35.921478271484375,-21.423492431640625,-72.24716186523438,50.82366943359375
call_f2ab1c408b36,synthetic,train,1,116,115.84,8000,2,PCM_16,WAV,3706924,07961e58a845f47abe2b81f8347420e5,-17.879852294921875,0.9803466796875,0.0,-0.00011911352339666337,0.0006690262430939227,-25.1168270111084,0.8865966796875,0.0,-6.681117520201951e-05,0.02706426968232044,-0.0011919257859789344,12,21,30.88000000000001,58.89999999999997,0.2665745856353592,2.573333333333334,12.12,9.94,114.96,2.039999999999999,3.914714407065845,3.49,0.8800000000000097,9.83,0.7800000000000153,32.809999999999924,0.2832354972375684,11,2.982727272727266,0.9335973195248248,0.9909473003556418,0.9614178168130489,10,29.509999999999955,921.875,323.56879160944084,-33.99039840698242,-12.493681907653809,-45.230960845947266,32.73727893829346
call_f331303c4fb8,human,train,0,127,126.82,8000,2,PCM_16,WAV,4058284,0b32e8861694e7b0eb85160879f8d1c5,-32.08222579956055,0.8240966796875,0.0,0.00010719991405494511,0.0008456868001892446,-24.68505859375,0.8553466796875,0.0,-6.675064651062712e-05,0.026627306418545972,2.030977697000582e-05,16,19,25.099999999999994,67.86000000000001,0.19791830941491875,1.5687499999999996,3.6799999999999997,1.14,121.08,1.5000000000000009,3.670972017811568,2.52,5.739999999999995,1.0399999999999998,5.700000000000003,26.169999999999884,0.20635546443778494,15,1.744666666666659,0.9062142584826535,0.9462579617834395,0.9258033106134372,10,22.959999999999933,2093.75,942.2793659345847,-26.79966926574707,-25.23016357421875,-72.24716186523438,47.016998291015625
call_f5251fb3b1d9,synthetic,train,1,132,132.64,8000,2,PCM_16,WAV,4244524,89d85be6bd7881cfd42ad56f0a56f394,-29.31572914123535,0.8553466796875,0.0,-2.4100696464302018e-05,0.000902819662243667,-24.911897659301758,0.8240966796875,0.0,-5.9315898397471756e-05,0.02398880428226779,0.0004445499375288481,14,18,15.280000000000008,71.96000000000001,0.11519903498190598,1.091428571428572,2.239999999999995,11.22,131.74,4.329999999999998,1.529871276431118,0.0,0.8999999999999773,11.110000000000001,0.8099999999999739,17.27999999999997,0.13027744270205044,13,1.3292307692307668,0.8285219399538106,0.9391361256544503,0.8803680981595092,8,13.279999999999973,1265.625,402.34910478426957,-34.344207763671875,-20.92290687561035,-47.25977325439453,26.33686637878418
call_f68d3459fdc7,synthetic,train,1,180,179.88,8000,2,PCM_16,WAV,5756204,dd5d8eb72f7a167cbe7dee3496330e06,-19.57152557373047,0.9803466796875,0.0,8.715994044905528e-05,0.0011049032688458973,-24.235544204711914,0.8553466796875,0.0,-5.663854244630784e-05,0.02773307204803202,-0.00034650567562714016,17,29,38.80000000000002,95.36,0.21569935512563942,2.282352941176472,5.200000000000003,10.38,153.32,2.4200000000000017,1.658020665115955,5.8,26.560000000000002,10.280000000000001,26.47,42.15999999999987,0.23437847453858054,17,2.4799999999999924,0.919924188580905,1.0,0.9582922013820335,17,41.4699999999999,515.625,266.8395728632302,-35.670997619628906,-13.270721435546875,-72.24716186523438,58.9764404296875
call_f6ce5de7ac09,synthetic,val,1,159,158.64,8000,2,PCM_16,WAV,5076524,86afe584db885df1e19f1f05e861ca1d,-22.172657012939453,0.9490966796875,0.0,8.489750325679779e-05,0.00452833459404942,-24.9025821685791,0.9803466796875,0.0,-5.747024988522753e-05,0.025966811649016642,0.0006588002182602939,15,21,37.81999999999998,76.68,0.23840141200201703,2.521333333333332,8.64,9.82,135.22,2.719999999999999,2.441910363265249,2.2600000000000002,23.419999999999987,9.72,23.329999999999984,40.13999999999988,0.2530257186081687,15,2.675999999999992,0.9327856609410008,0.9907456372289793,0.9608924221053982,15,38.03999999999992,1718.75,442.2401833675123,-33.398841857910156,-16.232816696166992,-72.24716186523438,56.01434516906738
call_f9fbabf70f7e,synthetic,val,1,104,104.38,8000,2,PCM_16,WAV,3340204,5ccb436b2443b75e2d1371869e6f0a12,-22.577495574951172,0.9803466796875,0.0,-3.81557438231539e-05,0.0009376796321134317,-26.12441062927246,0.6990966796875,0.0,-5.848583532497287e-05,0.02996742671009772,-0.0003174391845232611,14,8,32.79999999999998,45.77999999999999,0.3142364437631729,2.3428571428571416,8.66,9.46,103.46,3.8799999999999955,2.719987995171587,0.53,0.9200000000000017,9.35,0.8200000000000074,34.99999999999995,0.3353132784058244,15,2.33333333333333,0.9224408326204734,0.985679463741621,0.9530122256591546,13,31.979999999999983,1671.875,612.2906639761546,-39.456790924072266,-17.887968063354492,-47.69447708129883,29.806509017944336
call_fa26d1186721,human,val,0,125,125.06,8000,2,PCM_16,WAV,4001964,5787f3d563e00c2899f6cd0d86075008,-31.463909149169922,0.4725341796875,0.0,0.00014796644973102957,0.0006696785542939389,-25.163772583007812,0.7928466796875,0.0,-6.097902951296419e-05,0.025451783144090835,9.938316173685764e-05,9,17,26.14,67.79999999999998,0.2090196705581321,2.9044444444444446,6.920000000000002,9.66,118.86,1.2799999999999994,2.3469128658729526,0.38,6.200000000000003,9.55,6.110000000000014,27.31999999999996,0.2184551415320643,9,3.0355555555555513,0.9407678244972578,0.9835626911314985,0.9616894038497477,10,25.84999999999997,2328.125,703.5473524756284,-29.387083053588867,-24.858844757080078,-72.24716186523438,47.3883171081543
call_fa4d7f2897f4,human,train,0,209,209.6,8000,2,PCM_16,WAV,6707244,aa85a43e38a817db7f90230c3ffed571,-30.123432159423828,0.7303466796875,0.0,0.00012732614413835108,0.0004556297709923664,-25.360383987426758,0.9803466796875,0.0,-6.331931217573583e-05,0.026165911259541985,0.00010014878345533478,24,27,58.34000000000004,112.45999999999997,0.2783396946564887,2.430833333333335,10.419999999999987,3.4,183.8,1.230000000000011,2.567417639055504,4.0200000000000005,25.799999999999983,8.780000000000001,25.69999999999999,59.849999999999895,0.2855438931297705,21,2.849999999999995,0.9405874499332443,0.9657299520219328,0.9529928982076429,23,57.43999999999993,1281.25,482.51519704457326,-27.380996704101562,-24.707260131835938,-72.24716186523438,47.53990173339844
call_fa9e18dd83dd,synthetic,val,1,141,141.6,8000,2,PCM_16,WAV,4531244,c2084428cbd817d05a8d3dac6d036a9d,-26.850893020629883,0.6990966796875,0.0,0.00011668167280731723,0.001092867231638418,-25.750591278076172,0.7303466796875,0.0,-5.861918180016801e-05,0.02559675141242938,0.000688964587541842,14,20,40.1,70.55999999999996,0.28319209039548027,2.8642857142857143,10.98,9.68,109.42,2.6000000000000014,2.2870067774276484,1.42,32.17999999999999,9.58,32.08,42.30999999999992,0.298799435028248,14,3.022142857142851,0.9444706994328923,0.9967581047381546,0.9699102159669983,14,39.50999999999993,1562.5,587.407784667139,-38.88103485107422,-21.60478401184082,-72.24716186523438,50.642377853393555
call_fb1405943fed,human,val,0,178,177.6,8000,2,PCM_16,WAV,5683244,33cd7cd30a815119d764cc513d886a96,-30.531330108642578,0.7615966796875,0.0,0.00013435474829748273,0.0008002533783783783,-24.41239356994629,0.7928466796875,0.0,-6.604392547160387e-05,0.024493947072072073,-3.8558613844435906e-05,43,26,49.34000000000011,105.52000000000001,0.27781531531531595,1.1474418604651189,6.0800000000000125,5.34,177.46,3.780000000000001,2.7859293371329628,17.39,0.13999999999998636,5.25,0.09000000000000341,44.41999999999985,0.2501126126126118,28,1.5864285714285662,0.9109311740890689,0.8185125303152789,0.8622525015967639,13,31.849999999999977,1796.875,703.1770913855657,-29.046104431152344,-24.54996109008789,-72.24716186523438,47.697200775146484
call_fc8bda4b3374,synthetic,val,1,193,193.36,8000,2,PCM_16,WAV,6187564,11baab79692b7392702ddfbc15f91f5f,-23.921899795532227,0.9490966796875,0.0,0.0001344061311101541,0.0016310250310302026,-24.508243560791016,0.9803466796875,0.0,-6.328277959255502e-05,0.030048872569300784,-0.00027550960597990054,16,37,32.540000000000006,97.09999999999994,0.16828713280926771,2.0337500000000004,6.68,12.34,165.62,4.3100000000000005,1.1816401472106477,2.44,27.74000000000001,12.23,27.629999999999995,35.53999999999998,0.18380223417459648,16,2.2212499999999986,0.9123349255408822,0.997542242703533,0.9530378632227766,14,33.13999999999996,1750.0,447.93578083623123,-32.71759796142578,-16.569843292236328,-72.24716186523438,55.67731857299805
call_fce92bad5095,human,train,0,185,185.18,8000,2,PCM_16,WAV,5925804,12339a253080ab7f4923c4191f7a432d,-29.423616409301758,0.7303466796875,0.0,0.00015870525385253131,0.0007276703747704935,-24.584733963012695,0.9803466796875,0.0,-6.807391037000343e-05,0.0284034452964683,-0.00014280827934477975,17,26,53.14000000000001,97.16000000000005,0.28696403499297984,3.125882352941177,8.120000000000005,0.5,174.8,1.0900000000000034,2.9448575411214697,3.7800000000000002,10.379999999999995,0.4,10.280000000000001,55.22999999999991,0.2982503510098278,19,2.9068421052631535,0.946273516642547,0.9836404663407295,0.964595242485709,18,50.84999999999994,1953.125,711.843604661577,-31.61126708984375,-24.170448303222656,-72.24716186523438,48.07671356201172
call_fdc3a7dac09f,synthetic,train,1,153,153.3,8000,2,PCM_16,WAV,4905644,2b9fac21be7cfa38f91a53ade2b923f4,-24.590368270874023,0.7303466796875,0.0,0.00013878171739634126,0.0017620678408349641,-25.563194274902344,0.9490966796875,0.0,-6.622294313274324e-05,0.03071754729288976,0.0009860342957782845,7,18,28.619999999999983,71.25999999999993,0.1866927592954989,4.088571428571426,11.899999999999999,10.12,140.78,3.3799999999999955,1.4356567152636583,0.9500000000000001,12.52000000000001,10.02,12.430000000000007,29.54,0.1926940639269406,8,3.6925,0.9584319026698209,0.9902234636871509,0.9740683496479478,9,27.360000000000028,890.625,482.9884594195394,-42.88935852050781,-17.439115524291992,-72.24716186523438,54.80804634094238
call_fdc44f969ade,synthetic,train,1,167,167.5,8000,2,PCM_16,WAV,5360044,a562599077c5823ff3601115f8a5f16a,-17.361289978027344,0.9803466796875,0.0,8.672950207255781e-05,0.0006828358208955224,-27.227672576904297,0.7615966796875,0.0,-5.440047607407905e-05,0.03340820895522388,0.0007173240917981367,14,16,70.44000000000005,53.57999999999998,0.4205373134328361,5.031428571428576,27.58,12.3,158.46,4.080000000000005,2.744594687745351,1.99,9.039999999999992,12.200000000000001,8.949999999999989,72.85999999999996,0.4349850746268654,15,4.85733333333333,0.9650205761316872,0.9984388305421515,0.9814453125,23,70.53999999999995,984.375,490.3867312237221,-42.38796615600586,-13.77495002746582,-72.24716186523438,58.472211837768555
call_fe828697f60d,synthetic,train,1,142,142.42,8000,2,PCM_16,WAV,4557484,1fd95a8abcbd43692ca3314f724239ba,-26.383066177368164,0.8553466796875,0.0,0.00010624196875141934,0.023148960820109536,-26.54601287841797,0.8553466796875,0.0,-6.35415781289339e-05,0.03276664092121893,-0.0004772916817687709,12,16,47.879999999999995,60.46000000000005,0.3361887375368628,3.9899999999999998,12.64,11.08,135.3,1.9099999999999966,2.9838882165538445,1.6600000000000001,7.119999999999976,10.97,7.029999999999973,49.9899999999999,0.35100407246173226,14,3.5707142857142786,0.9530469530469531,0.9958246346555324,0.9739663093415007,16,46.40999999999996,1718.75,602.6562067400317,-41.244781494140625,-21.836259841918945,-72.24716186523438,50.41090202331543
call_fe8e4fc3ef69,synthetic,train,1,188,187.96,8000,2,PCM_16,WAV,6014764,e581b628e9be7bdf42872cf416e664fd,-22.872941970825195,0.9803466796875,0.0,-2.7047819457948208e-05,0.0007947169610555437,-26.2746639251709,0.8240966796875,0.0,-6.105886131990701e-05,0.03534728133645457,-0.00017461066081301882,36,18,41.32000000000001,62.20000000000003,0.21983400723558208,1.147777777777778,4.220000000000001,3.94,186.72,5.059999999999995,9.074903308671027,7.79,1.240000000000009,3.83,1.1299999999999955,48.3599999999999,0.2572887848478394,33,1.4654545454545425,0.8432789593227339,0.9874274661508704,0.9096781378772691,19,37.789999999999964,1046.875,578.3448046568194,-43.11430358886719,-17.15045928955078,-44.661678314208984,27.511219024658203
call_feaca5a8cd14,synthetic,train,1,212,211.72,8000,2,PCM_16,WAV,6775084,0c4b81d34e7d3314b7415b5a966d1400,-25.422260284423828,0.7615966796875,0.0,8.25707902549766e-05,0.0012268562252030985,-27.338409423828125,0.9178466796875,0.0,-5.507866444531828e-05,0.030440558284526735,-0.00014616325005063023,20,18,94.87999999999994,75.45999999999992,0.44813905157755496,4.743999999999997,17.900000000000006,9.12,210.9,3.0500000000000114,7.184261896673864,0.38,0.8199999999999932,9.02,0.7299999999999898,98.71999999999996,0.4662762138673718,21,4.700952380952379,0.9597043636731801,0.9987356442945948,0.9788310615448161,31,95.20999999999997,1640.625,556.445850289366,-40.934364318847656,-22.108741760253906,-72.24716186523438,50.13842010498047
call_ff4042587962,synthetic,train,1,76,76.3,8000,2,PCM_16,WAV,2441644,b5f86ed84a5ffa9532c5ab899f30e3cb,-22.088726043701172,0.9803466796875,0.0,0.00013422554184217006,0.001158256880733945,-25.992155075073242,0.7615966796875,0.0,-5.705947114620358e-05,0.030312909567496722,-0.0009913656560476855,12,14,19.019999999999992,34.47999999999999,0.24927916120576663,1.5849999999999993,4.3799999999999955,9.56,67.24,2.1199999999999957,2.0535389507438677,2.14,9.060000000000002,9.450000000000001,8.950000000000003,20.91,0.2740498034076016,11,1.9009090909090909,0.8931297709923665,0.9842271293375394,0.9364682341170585,6,16.250000000000014,906.25,558.1367575486197,-42.98093795776367,-16.739479064941406,-72.24716186523438,55.50768280029297
call_fff8cae57de7,human,train,0,160,160.2,8000,2,PCM_16,WAV,5126444,7719e75223f7de42a2dea81bfccc249a,-28.04305648803711,0.6678466796875,0.0,0.00010248029138892889,0.0018781210986267166,-25.885284423828125,0.7303466796875,0.0,-6.435417890315875e-05,0.030160736579275906,-0.0006817354356756649,16,22,64.25999999999999,71.26000000000002,0.40112359550561794,4.016249999999999,15.719999999999999,3.74,153.34,0.9900000000000002,2.9540520370331973,2.48,6.859999999999985,3.64,6.759999999999991,65.63999999999987,0.40973782771535505,20,3.281999999999994,0.959659004414675,0.9808619884860744,0.9701446598953524,22,62.72999999999992,1093.75,488.57451703940495,-25.634864807128906,-24.171024322509766,-72.24716186523438,48.07613754272461
