anon_id,label,split,n_off,off_s,t12_f1,t12_prec,t12_rec,t12_s,t12_n,t12_chunks,t12_m0_f1,t12_m0_prec,t12_m0_rec,t12_m0_s,t12_m0_n,t12_m0_chunks,t12_m3_f1,t12_m3_prec,t12_m3_rec,t12_m3_s,t12_m3_n,t12_m3_chunks,t12_m6_f1,t12_m6_prec,t12_m6_rec,t12_m6_s,t12_m6_n,t12_m6_chunks,t15_f1,t15_prec,t15_rec,t15_s,t15_n,t15_chunks,t15_m3_f1,t15_m3_prec,t15_m3_rec,t15_m3_s,t15_m3_n,t15_m3_chunks,t18_m3_f1,t18_m3_prec,t18_m3_rec,t18_m3_s,t18_m3_n,t18_m3_chunks
call_0181ce113ebe,synthetic,train,10,48.57999999999997,0.9786155873112394,0.9644426687974431,0.9932112734005348,50.0299999999999,12,16,0.9768527918781726,0.9643215073160954,0.989714050606871,49.839999999999925,12,16,0.9786155873112394,0.9644426687974431,0.9932112734005348,50.0299999999999,12,16,0.9786155873112394,0.9644426687974431,0.9932112734005348,50.0299999999999,12,16,0.9786155873112394,0.9644426687974431,0.9932112734005348,50.0299999999999,12,16,0.9786155873112394,0.9644426687974431,0.9932112734005348,50.0299999999999,12,16,0.9782013586129981,0.9644142343062775,0.9923883974490846,49.9899999999999,12,16
call_018c9d3823ac,synthetic,train,10,43.88000000000003,0.9719353390211046,0.9577433628318585,0.9865542388331814,45.159999999999926,13,16,0.9746707193515705,0.9630700778642937,0.9865542388331814,44.90999999999991,13,16,0.9742320243051649,0.9622138252945099,0.9865542388331814,44.9499999999999,13,16,0.9742320243051649,0.9622138252945099,0.9865542388331814,44.9499999999999,13,16,0.9719353390211046,0.9577433628318585,0.9865542388331814,45.159999999999926,13,16,0.9742320243051649,0.9622138252945099,0.9865542388331814,44.9499999999999,13,16,0.9722660653889516,0.962070504239179,0.9826800364630811,44.79999999999987,14,16
call_01bf49059daf,synthetic,train,10,73.37999999999997,0.9866881807180314,0.9737261146496815,1.0,75.33000000000001,10,20,0.9872804360993337,0.9752692461108895,0.9995911692559281,75.18,10,20,0.9873485868102289,0.9752725339005583,0.9997274461706187,75.19000000000003,10,20,0.9873485868102289,0.9752725339005583,0.9997274461706187,75.19000000000003,10,20,0.9866881807180314,0.9737261146496815,1.0,75.33000000000001,10,20,0.9873485868102289,0.9752725339005583,0.9997274461706187,75.19000000000003,10,20,0.9874150346591292,0.9754022071533041,0.9997274461706187,75.18000000000004,10,20
call_01c3806808d6,synthetic,train,10,24.380000000000006,0.9617357001972386,0.9262917933130699,1.0,26.279999999999923,10,7,0.9617357001972386,0.9262917933130699,1.0,26.279999999999923,10,7,0.9617357001972386,0.9262917933130699,1.0,26.279999999999923,10,7,0.9617357001972386,0.9262917933130699,1.0,26.279999999999923,10,7,0.9617357001972386,0.9262917933130699,1.0,26.279999999999923,10,7,0.9617357001972386,0.9262917933130699,1.0,26.279999999999923,10,7,0.962305111505822,0.9273488018257893,1.0,26.249999999999925,10,7
call_0294f969f98b,synthetic,val,14,17.200000000000006,0.9238197424892703,0.8584247258225324,1.0,20.0399999999999,14,6,0.9295546558704454,0.8683812405446294,1.0,19.809999999999892,14,6,0.9290531427029943,0.8675062972292191,1.0,19.829999999999888,14,6,0.9288025889967637,0.8670694864048338,1.0,19.839999999999893,14,6,0.9238197424892703,0.8584247258225324,1.0,20.0399999999999,14,6,0.9290531427029943,0.8675062972292191,1.0,19.829999999999888,14,6,0.9295546558704454,0.8683812405446294,1.0,19.809999999999892,14,6
call_02c249d2f89d,synthetic,train,16,28.020000000000024,0.9438202247191011,0.9035202086049544,0.9878831076265147,30.639999999999908,16,12,0.9460566746329805,0.9079292267365662,0.9875267284390592,30.479999999999897,16,12,0.9457337883959044,0.9073346430910282,0.9875267284390592,30.489999999999903,16,12,0.9452498720791404,0.906444226365718,0.9875267284390592,30.519999999999904,16,12,0.9438202247191011,0.9035202086049544,0.9878831076265147,30.639999999999908,16,12,0.9457337883959044,0.9073346430910282,0.9875267284390592,30.489999999999903,16,12,0.9462182004439132,0.9082268108816781,0.9875267284390592,30.4599999999999,16,12
call_02d28871d7b3,synthetic,train,11,36.36000000000001,0.9692703397861108,0.9544121567581978,0.9845984598459846,37.46999999999998,9,12,0.9692703397861108,0.9544121567581978,0.9845984598459846,37.46999999999998,9,12,0.9692703397861108,0.9544121567581978,0.9845984598459846,37.46999999999998,9,12,0.9692703397861108,0.9544121567581978,0.9845984598459846,37.46999999999998,9,12,0.9692703397861108,0.9544121567581978,0.9845984598459846,37.46999999999998,9,12,0.9692703397861108,0.9544121567581978,0.9845984598459846,37.46999999999998,9,12,0.9697954760937288,0.9554310114758473,0.9845984598459846,37.439999999999976,9,12
call_03680846967f,synthetic,train,10,75.30000000000003,0.9863355669425831,0.9762028608582575,0.9966808284652151,76.88999999999992,11,20,0.985781990521327,0.9775456919060053,0.9941582580987786,76.5899999999999,11,20,0.985781990521327,0.9775456919060053,0.9941582580987786,76.5899999999999,11,20,0.9858487461330876,0.9775486228951834,0.99429102496017,76.59999999999991,11,20,0.9863355669425831,0.9762028608582575,0.9966808284652151,76.88999999999992,11,20,0.985781990521327,0.9775456919060053,0.9941582580987786,76.5899999999999,11,20,0.9845119620378303,0.9774898573485146,0.991635687732342,76.39999999999992,12,20
call_04d682ac0cef,human,train,10,32.83999999999998,0.96916430805899,0.9489498249708285,0.9902587519025875,34.23999999999999,9,11,0.9695976154992548,0.9497810218978102,0.9902587519025875,34.219999999999985,9,11,0.9694531366413351,0.9495037945125511,0.9902587519025875,34.22999999999998,9,11,0.96916430805899,0.9489498249708285,0.9902587519025875,34.23999999999999,9,11,0.96916430805899,0.9489498249708285,0.9902587519025875,34.23999999999999,9,11,0.9694531366413351,0.9495037945125511,0.9902587519025875,34.22999999999998,9,11,0.9701759618252311,0.9508915521777258,0.9902587519025875,34.18999999999998,9,11
call_05d6615469e1,synthetic,train,27,63.41999999999998,0.9599818443150011,0.9230433517602561,1.0,68.70999999999977,27,25,0.9599818443150011,0.9230433517602561,1.0,68.70999999999977,27,25,0.9599818443150011,0.9230433517602561,1.0,68.70999999999977,27,25,0.9599818443150011,0.9230433517602561,1.0,68.70999999999977,27,25,0.9599818443150011,0.9230433517602561,1.0,68.70999999999977,27,25,0.9599818443150011,0.9230433517602561,1.0,68.70999999999977,27,25,0.9605631670577549,0.9241188464899505,1.0,68.63999999999976,27,25
call_0615c3630150,human,train,28,50.17999999999997,0.9179963643708342,0.931161647203442,0.9051981676956782,48.75999999999977,26,15,0.7983193277310925,0.9641950944460107,0.6811392152957578,35.429999999999914,15,12,0.8154584953121427,0.9573154362416108,0.7102170882294364,37.21999999999987,18,12,0.8197654559945349,0.9569377990430622,0.716988647679745,37.589999999999904,17,13,0.9179963643708342,0.931161647203442,0.9051981676956782,48.75999999999977,26,15,0.8154584953121427,0.9573154362416108,0.7102170882294364,37.21999999999987,18,12,0.8118583458299689,0.9646381578947368,0.7008564031069509,36.44999999999987,17,12
call_064d8dd77899,synthetic,train,12,23.6,0.9450726978998385,0.9034749034749034,0.9906858594411516,25.889999999999937,10,8,0.9466019417475728,0.9062742060418281,0.9906858594411516,25.80999999999994,10,8,0.9462191670036393,0.9055727554179567,0.9906858594411516,25.829999999999934,10,8,0.9460278956943602,0.9052224371373307,0.9906858594411516,25.83999999999994,10,8,0.9485204702067288,0.9097978227060654,0.9906858594411516,25.70999999999994,10,8,0.949290060851927,0.9112149532710281,0.9906858594411516,25.669999999999934,10,8,0.9448754593711719,0.9124605678233438,0.9796782387806944,25.349999999999923,12,10
call_06b5a78ea12e,synthetic,train,12,51.60000000000001,0.9772857415537316,0.963130173062453,0.9918636187524216,53.129999999999946,10,16,0.9697911607576494,0.972530683810637,0.967067028283611,51.28999999999994,9,15,0.9799043062200957,0.9682299546142209,0.9918636187524216,52.83999999999996,10,16,0.9794356767097083,0.9673153221235594,0.9918636187524216,52.87999999999999,10,16,0.9772857415537316,0.963130173062453,0.9918636187524216,53.129999999999946,10,16,0.9799043062200957,0.9682299546142209,0.9918636187524216,52.83999999999996,10,16,0.9779397659696911,0.9684650455927052,0.9876017047655947,52.58999999999994,12,17
call_0847d7417bb1,synthetic,val,12,26.83999999999999,0.958594730238394,0.9246196403872753,0.9951618905842947,28.849999999999962,13,12,0.9582062780269058,0.9248614958448753,0.9940454037960551,28.81999999999997,13,12,0.9587665830046612,0.9249394673123487,0.9951618905842947,28.83999999999997,13,12,0.958594730238394,0.9246196403872753,0.9951618905842947,28.849999999999962,13,12,0.958594730238394,0.9246196403872753,0.9951618905842947,28.849999999999962,13,12,0.9587665830046612,0.9249394673123487,0.9951618905842947,28.83999999999997,13,12,0.9594254937163376,0.9268123482483525,0.9944175660588016,28.759999999999977,13,12
call_092aef8d1243,human,train,27,44.68000000000003,0.9070915619389587,0.910770617395223,0.9034421099687081,44.26999999999996,26,12,0.7734691212952083,0.9299843014128728,0.6620473848904783,31.719999999999978,20,9,0.7810436358927878,0.9282856263465682,0.6741171211443898,32.369999999999976,20,9,0.8121533030761473,0.9314632735685368,0.7199374161823872,34.43,22,9,0.9070915619389587,0.910770617395223,0.9034421099687081,44.26999999999996,26,12,0.7810436358927878,0.9282856263465682,0.6741171211443898,32.369999999999976,20,9,0.776154448212888,0.9320175438596491,0.6649530621367904,31.809999999999974,20,8
call_098d8081babe,synthetic,train,9,34.840000000000025,0.9756507136859782,0.9524590163934427,1.0,36.579999999999956,9,12,0.9778401122019635,0.9566410537870472,1.0,36.41999999999993,9,11,0.9775659001682557,0.9561162918266594,1.0,36.439999999999955,9,11,0.9774288518155054,0.9558541266794626,1.0,36.44999999999996,9,11,0.9756507136859782,0.9524590163934427,1.0,36.579999999999956,9,12,0.9775659001682557,0.9561162918266594,1.0,36.439999999999955,9,11,0.9779772759152756,0.9569036508372221,1.0,36.41999999999993,9,11
call_099dffdf8486,synthetic,train,12,28.439999999999984,0.9550964657674578,0.9283106538333886,0.9834739803094233,30.08999999999991,13,10,0.9564028038981023,0.9307820299500832,0.9834739803094233,30.009999999999913,13,10,0.9564028038981023,0.9307820299500832,0.9834739803094233,30.009999999999913,13,10,0.9564028038981023,0.9307820299500832,0.9834739803094233,30.009999999999913,13,10,0.9550964657674578,0.9283106538333886,0.9834739803094233,30.08999999999991,13,10,0.9564028038981023,0.9307820299500832,0.9834739803094233,30.009999999999913,13,10,0.9568936024632227,0.9317121918720853,0.9834739803094233,29.979999999999905,13,10
call_0a9c546208d1,human,train,7,19.32000000000002,0.9696969696969697,0.9411764705882353,1.0,20.539999999999964,7,8,0.9696969696969697,0.9411764705882353,1.0,20.539999999999964,7,8,0.9696969696969697,0.9411764705882353,1.0,20.539999999999964,7,8,0.9696969696969697,0.9411764705882353,1.0,20.539999999999964,7,8,0.9696969696969697,0.9411764705882353,1.0,20.539999999999964,7,8,0.9696969696969697,0.9411764705882353,1.0,20.539999999999964,7,8,0.969939879759519,0.9416342412451362,1.0,20.51999999999996,7,8
call_0ab7d2a0c0f5,human,train,17,31.08,0.8790349983010534,0.9315808426359381,0.8321003538115149,27.739999999999966,12,9,0.8643390654854959,0.9395770392749244,0.800257317465423,26.439999999999976,12,10,0.8637862224535832,0.9378296910324039,0.8005789642972017,26.50999999999996,12,10,0.8747637862910153,0.9387905604719764,0.8189128337085879,27.089999999999964,13,10,0.8790349983010534,0.9315808426359381,0.8321003538115149,27.739999999999966,12,9,0.8637862224535832,0.9378296910324039,0.8005789642972017,26.50999999999996,12,10,0.854239663629993,0.9380530973451328,0.7841749758764877,25.95999999999996,11,10
call_0cf2f4a71328,synthetic,val,17,51.52000000000001,0.9710391822827938,0.9477184555699243,0.9955365806326412,54.11999999999984,18,22,0.9718563441675353,0.9496296296296296,0.9951484572093926,53.98999999999984,18,22,0.971677559912854,0.9491117690599555,0.9953425189210169,54.029999999999845,18,22,0.9716829245193673,0.9489456159822419,0.9955365806326412,54.04999999999985,18,22,0.9710391822827938,0.9477184555699243,0.9955365806326412,54.11999999999984,18,22,0.971677559912854,0.9491117690599555,0.9953425189210169,54.029999999999845,18,22,0.9712605520250404,0.9499072356215214,0.9935959635163982,53.879999999999875,18,22
call_0e101713ee94,synthetic,train,15,75.68000000000004,0.979868395335201,0.9669538382409669,0.9931325937665082,77.73999999999994,18,23,0.9662846923229781,0.9693023255813954,0.9632857897517169,75.20999999999995,19,22,0.9739644970414201,0.9697564807541241,0.9782091917591125,76.34999999999994,19,22,0.9804432855280313,0.9680741503604532,0.9931325937665082,77.64999999999995,18,23,0.979868395335201,0.9669538382409669,0.9931325937665082,77.73999999999994,18,23,0.9739644970414201,0.9697564807541241,0.9782091917591125,76.34999999999994,19,22,0.9732472324723247,0.9711993687532877,0.9753037506603275,76.00999999999993,21,22
call_0e1e2f29bfdc,human,val,12,23.960000000000008,0.9518956379942927,0.9310207336523126,0.9737281067556297,25.059999999999924,11,9,0.9360452925141539,0.9413749472796289,0.9307756463719766,23.68999999999993,10,7,0.9360721022846363,0.9410029498525073,0.9311926605504587,23.709999999999926,10,7,0.9360721022846363,0.9410029498525073,0.9311926605504587,23.709999999999926,10,7,0.9518956379942927,0.9310207336523126,0.9737281067556297,25.059999999999924,11,9,0.9360721022846363,0.9410029498525073,0.9311926605504587,23.709999999999926,10,7,0.9362683438155136,0.9413996627318718,0.9311926605504587,23.69999999999992,10,7
call_10aa0d1d33f0,human,val,16,25.00000000000003,0.9397081413210445,0.9046210720887246,0.9776268477826608,27.029999999999955,14,8,0.8901854553031882,0.9303135888501742,0.8533759488613664,22.949999999999953,10,7,0.8894901144640999,0.9283231972198088,0.853775469436676,23.009999999999966,10,7,0.8894901144640999,0.9283231972198088,0.853775469436676,23.009999999999966,10,7,0.9397081413210445,0.9046210720887246,0.9776268477826608,27.029999999999955,14,8,0.8894901144640999,0.9283231972198088,0.853775469436676,23.009999999999966,10,7,0.8898605038517593,0.9291304347826087,0.853775469436676,22.98999999999996,10,7
call_10ceaf16fbbf,synthetic,train,9,37.39999999999998,0.9772310913373462,0.9574358974358974,0.9978621058257616,38.96999999999993,10,12,0.977870891711405,0.9586649550706033,0.9978621058257616,38.91999999999993,10,12,0.977870891711405,0.9586649550706033,0.9978621058257616,38.91999999999993,10,12,0.977870891711405,0.9586649550706033,0.9978621058257616,38.91999999999993,10,12,0.9772310913373462,0.9574358974358974,0.9978621058257616,38.96999999999993,10,12,0.977870891711405,0.9586649550706033,0.9978621058257616,38.91999999999993,10,12,0.9767929723351252,0.9588159588159588,0.9954569748797435,38.819999999999936,11,13
call_11d3230256a1,human,train,13,26.180000000000007,0.9369300911854104,0.93267776096823,0.9412213740458015,26.41999999999998,11,10,0.9183000194061711,0.9340702724042638,0.9030534351145039,25.309999999999967,11,9,0.9195580538864121,0.9342260732571879,0.9053435114503817,25.36999999999997,11,9,0.9212308883297852,0.9344326658814291,0.9083969465648855,25.449999999999967,11,9,0.9369300911854104,0.93267776096823,0.9412213740458015,26.41999999999998,11,10,0.9195580538864121,0.9342260732571879,0.9053435114503817,25.36999999999997,11,9,0.9193485847227607,0.9342001576044129,0.9049618320610687,25.35999999999997,11,9
call_120d6007bcc1,synthetic,val,16,52.72,0.9713548862485033,0.9443051575931232,1.0,55.81999999999991,16,18,0.9702750254653209,0.9480636988780311,0.9935520576521905,55.23999999999991,15,18,0.9700953615405981,0.9477206946454414,0.9935520576521905,55.259999999999906,15,18,0.9700953615405981,0.9477206946454414,0.9935520576521905,55.259999999999906,15,18,0.9713548862485033,0.9443051575931232,1.0,55.81999999999991,16,18,0.9700953615405981,0.9477206946454414,0.9935520576521905,55.259999999999906,15,18,0.9705446461652464,0.9485786710121311,0.9935520576521905,55.20999999999991,15,18
call_1612f093f8b5,human,train,45,71.79999999999997,0.8433282478582326,0.729099025974026,1.0,98.46999999999976,41,30,0.8450626254238461,0.840467997247075,0.8497077650988032,72.58999999999959,45,21,0.8498644986449865,0.8280961182994455,0.8728082382410242,75.6499999999996,46,21,0.8554303211935631,0.804238637755727,0.9135819649318119,81.54999999999967,43,26,0.9069647905422771,0.8424444974934352,0.982187586974673,83.64999999999982,43,28,0.8548797325775743,0.8946007604562738,0.818536042304481,65.65999999999971,43,23,0.8194672291227247,0.9341050756901158,0.729891455608127,56.07999999999974,37,20
call_16581bcbc272,human,train,15,31.420000000000012,0.9400660689004248,0.9302615193026152,0.9500794912559618,32.09999999999994,13,10,0.9294913071474565,0.941310727094881,0.9179650238473768,30.649999999999945,13,9,0.926829268292683,0.9355361192095886,0.9182829888712242,30.849999999999945,13,9,0.927345629510826,0.9355987055016182,0.9192368839427663,30.879999999999942,13,9,0.9400660689004248,0.9302615193026152,0.9500794912559618,32.09999999999994,13,10,0.926829268292683,0.9355361192095886,0.9182829888712242,30.849999999999945,13,9,0.927275646171135,0.9364461738002594,0.9182829888712242,30.819999999999947,13,9
call_1761edbd6952,human,train,36,112.42,0.8657488771724272,0.9600476396708532,0.7883179231863442,92.27999999999977,39,32,0.7144232402740812,0.9839338636718141,0.5608108108108109,64.05999999999979,29,19,0.7291655006436447,0.9841365765221333,0.5791251778093883,66.14999999999976,30,20,0.7403547671840355,0.9832155477031802,0.593705547652916,67.8299999999998,32,21,0.8657488771724272,0.9600476396708532,0.7883179231863442,92.27999999999977,39,32,0.7291655006436447,0.9841365765221333,0.5791251778093883,66.14999999999976,30,20,0.7291759964173757,0.9844316807738815,0.5790362731152204,66.11999999999975,30,20
call_181a5049ecae,synthetic,val,16,30.180000000000014,0.9384789278217343,0.9161412358133669,0.9619331347236014,31.669999999999895,18,13,0.9395907762260474,0.9222186802677718,0.9576299238662694,31.32999999999989,18,12,0.9408140100535106,0.9221233312142403,0.9602780536246276,31.419999999999895,18,12,0.9402041808458921,0.920952380952381,0.9602780536246276,31.449999999999896,18,12,0.9384789278217343,0.9161412358133669,0.9619331347236014,31.669999999999895,18,13,0.9408140100535106,0.9221233312142403,0.9602780536246276,31.419999999999895,18,12,0.9414056159714332,0.9235668789808917,0.9599470374048328,31.36999999999987,18,12
call_185e958a253b,human,val,18,30.21999999999999,0.9389671361502347,0.919175911251981,0.9596293845135672,31.48999999999997,14,12,0.9384413883431565,0.9287103046014258,0.9483785572468564,30.799999999999965,13,12,0.9384413883431565,0.9287103046014258,0.9483785572468564,30.809999999999963,13,12,0.9384413883431565,0.9287103046014258,0.9483785572468564,30.809999999999963,13,12,0.9389671361502347,0.919175911251981,0.9596293845135672,31.48999999999997,14,12,0.9384413883431565,0.9287103046014258,0.9483785572468564,30.809999999999963,13,12,0.9392102244797641,0.9302174618630314,0.9483785572468564,30.759999999999973,13,12
call_186e9d6ee732,synthetic,train,11,16.499999999999993,0.9293554742471151,0.8680336487907466,1.0,18.970000000000006,11,5,0.9340876944837341,0.8763269639065817,1.0,18.809999999999995,11,5,0.9335595137121855,0.8753976670201484,1.0,18.82,11,5,0.9335595137121855,0.8753976670201484,1.0,18.82,11,5,0.9351458510337015,0.8781914893617021,1.0,18.75999999999999,11,5,0.9367375886524822,0.8810032017075774,1.0,18.69999999999999,11,5,0.9366076527698458,0.8860075634792004,0.9933373712901272,18.469999999999988,12,6
call_189410107163,synthetic,train,40,70.08000000000001,0.8175301591001807,0.6913750616067028,1.0,101.33999999999982,50,33,0.8750640697078421,0.7946241563881778,0.9736241802110066,85.83999999999979,38,24,0.8591469906682533,0.7661119177929185,0.9779013401767893,89.42999999999977,42,28,0.8451714911213817,0.7369034994697773,0.9907328200741374,94.20999999999982,43,29,0.9216214440575521,0.8546362860972341,1.0,81.95999999999972,39,27,0.9174224989847028,0.8733247422680412,0.9662104362703166,77.48999999999977,35,24,0.905521110126956,0.9387817569635751,0.8745366410037069,65.27999999999984,24,19
call_18bd3c505fd5,synthetic,train,12,35.379999999999995,0.9648905410987195,0.9411764705882353,0.9898305084745763,37.199999999999946,12,13,0.9670208362080861,0.945238737523604,0.9898305084745763,37.03999999999996,12,13,0.9667540350393158,0.9447290374764087,0.9898305084745763,37.05999999999996,12,13,0.9664873810508895,0.9442198868229588,0.9898305084745763,37.06999999999996,12,13,0.9648905410987195,0.9411764705882353,0.9898305084745763,37.199999999999946,12,13,0.9667540350393158,0.9447290374764087,0.9898305084745763,37.05999999999996,12,13,0.9672787518983846,0.9459897380502296,0.9895480225988701,36.99999999999997,12,13
call_198ef413fe4a,human,val,11,31.080000000000016,0.9699048807110556,0.9415682712685437,1.0,32.99999999999997,11,10,0.9618271841558856,0.9555696604252618,0.9681672025723472,31.489999999999963,9,10,0.9615200383202938,0.9549635267998732,0.9681672025723472,31.50999999999996,9,10,0.9612130885873903,0.9543581616481775,0.9681672025723472,31.529999999999955,9,10,0.9699048807110556,0.9415682712685437,1.0,32.99999999999997,11,10,0.9615200383202938,0.9549635267998732,0.9681672025723472,31.50999999999996,9,10,0.9627498001598721,0.9573926868044516,0.9681672025723472,31.449999999999932,9,10
call_1a2f3635b411,synthetic,train,9,34.56,0.9773819621147866,0.9557644456732098,1.0,36.15999999999995,9,12,0.9773819621147866,0.9557644456732098,1.0,36.15999999999995,9,12,0.9773819621147866,0.9557644456732098,1.0,36.15999999999995,9,12,0.9773819621147866,0.9557644456732098,1.0,36.15999999999995,9,12,0.9773819621147866,0.9557644456732098,1.0,36.15999999999995,9,12,0.9773819621147866,0.9557644456732098,1.0,36.15999999999995,9,12,0.9776520509193777,0.9565458068087462,0.9997107318484235,36.10999999999995,9,12
call_1ad99899456c,synthetic,train,15,70.22000000000001,0.9792728034056808,0.9605695509309967,0.9987188612099644,72.9899999999999,16,23,0.9802305274187915,0.9624142661179699,0.9987188612099644,72.83999999999992,16,23,0.9801620564403465,0.9622822658071595,0.9987188612099644,72.84999999999991,16,23,0.9801620564403465,0.9622822658071595,0.9987188612099644,72.8599999999999,16,23,0.9792728034056808,0.9605695509309967,0.9987188612099644,72.9899999999999,16,23,0.9801620564403465,0.9622822658071595,0.9987188612099644,72.84999999999991,16,23,0.9807100922560805,0.9633392832623918,0.9987188612099644,72.76999999999991,16,23
call_1ba56b3cce45,synthetic,train,8,55.260000000000026,0.9870454748503529,0.9751103265666372,0.9992764109985528,56.62999999999995,8,16,0.9837478674687977,0.9766446781957568,0.9909551374819102,56.069999999999965,7,16,0.9836595439037529,0.9764705882352941,0.9909551374819102,56.07999999999997,7,16,0.9836595439037529,0.9764705882352941,0.9909551374819102,56.07999999999997,7,16,0.9870454748503529,0.9751103265666372,0.9992764109985528,56.62999999999995,8,16,0.9836595439037529,0.9764705882352941,0.9909551374819102,56.07999999999997,7,16,0.9842781421255952,0.9776905229341424,0.9909551374819102,56.00999999999997,7,16
call_1bf0aa4d4324,human,train,12,40.93999999999998,0.9713600958657879,0.9538714991762768,0.989501953125,42.45999999999992,12,14,0.9713600958657879,0.9538714991762768,0.989501953125,42.45999999999992,12,14,0.9713600958657879,0.9538714991762768,0.989501953125,42.45999999999992,12,14,0.9713600958657879,0.9538714991762768,0.989501953125,42.45999999999992,12,14,0.9713600958657879,0.9538714991762768,0.989501953125,42.45999999999992,12,14,0.9713600958657879,0.9538714991762768,0.989501953125,42.45999999999992,12,14,0.9715929521754765,0.9543206969625618,0.989501953125,42.4399999999999,12,14
call_1c1c0cce9fb5,human,val,26,32.12000000000005,0.8569133984740999,0.7533537302894798,0.9934823091247672,42.39999999999983,30,13,0.8667953667953668,0.8997995991983968,0.8361266294227188,29.909999999999926,16,10,0.866655943381052,0.8994991652754591,0.8361266294227188,29.91999999999993,16,10,0.8668382116436153,0.8995327102803738,0.8364369956548727,29.92999999999995,16,10,0.9032161555721765,0.8717874675137164,0.9369956548727498,34.54999999999991,22,12,0.8559751512179172,0.9043177892918826,0.8125387957790192,28.89999999999995,15,10,0.8539325842696629,0.9130742049469964,0.8019863438857853,28.26999999999996,14,10
call_1cc930924760,synthetic,train,25,33.020000000000024,0.7300011033873993,0.5748045178105995,1.0,57.45999999999981,37,19,0.7434747614119811,0.5999257747262943,0.9773276904474002,53.79999999999982,34,19,0.7449611530233082,0.5935761708236138,1.0,55.62999999999983,35,19,0.7353562298543959,0.5814730181051151,1.0,56.78999999999982,36,19,0.9119688975284643,0.8433487416538265,0.992744860943168,38.88999999999983,25,15,0.9074308189352437,0.8475465757019155,0.9764207980652962,38.05999999999983,24,15,0.8521432011558838,0.9085929476206779,0.8022974607013301,29.159999999999943,18,10
call_1ee2936b46a7,synthetic,train,10,30.940000000000012,0.9697729052466719,0.9413195500152022,1.0,32.86999999999994,10,10,0.970440251572327,0.9454656862745098,0.9967700258397932,32.609999999999914,11,9,0.9720565149136577,0.9456322541233965,1.0,32.70999999999994,10,10,0.9720565149136577,0.9456322541233965,1.0,32.719999999999935,10,10,0.9697729052466719,0.9413195500152022,1.0,32.86999999999994,10,10,0.9720565149136577,0.9456322541233965,1.0,32.70999999999994,10,10,0.9726672950047125,0.9467889908256881,1.0,32.669999999999945,10,10
call_224586045e67,human,train,19,45.64000000000002,0.9483038907553918,0.9390427130285469,0.9577495621716288,46.49999999999987,20,16,0.9382252182561609,0.9473331845570185,0.9292907180385289,44.71999999999991,18,15,0.9384598386918572,0.9473566807941111,0.9297285464098074,44.73999999999991,18,15,0.940683572216097,0.9475788538427365,0.9338879159369528,44.92999999999991,18,16,0.9483038907553918,0.9390427130285469,0.9577495621716288,46.49999999999987,20,16,0.9384598386918572,0.9473566807941111,0.9297285464098074,44.73999999999991,18,15,0.932662192393736,0.9535681610247027,0.9126532399299475,43.57999999999991,21,17
call_22d0f235a47e,human,train,18,34.83999999999999,0.9289507679058419,0.9301523426271917,0.9277522935779816,34.759999999999984,14,13,0.9123831775700935,0.9297619047619048,0.8956422018348624,33.57,13,12,0.9119836520216027,0.9289325007433838,0.8956422018348624,33.59999999999999,13,12,0.9119836520216027,0.9289325007433838,0.8956422018348624,33.59999999999999,13,12,0.9289507679058419,0.9301523426271917,0.9277522935779816,34.759999999999984,14,13,0.9119836520216027,0.9289325007433838,0.8956422018348624,33.59999999999999,13,12,0.9123831775700935,0.9297619047619048,0.8956422018348624,33.559999999999995,13,12
call_22eacbc23d18,human,train,18,38.08000000000001,0.9258332235542089,0.9296296296296296,0.9220676987667279,37.719999999999885,18,14,0.9117766635045399,0.9428251121076233,0.8827079506691157,35.63999999999988,16,14,0.9119241192411924,0.9428411319697394,0.8829703489897665,35.64999999999988,16,14,0.9125135427952329,0.9429051217464316,0.8840199422723695,35.689999999999884,16,14,0.9258332235542089,0.9296296296296296,0.9220676987667279,37.719999999999885,18,14,0.9119241192411924,0.9428411319697394,0.8829703489897665,35.64999999999988,16,14,0.9087943455212723,0.9427523970671179,0.87719758593545,35.4099999999999,16,14
call_23991b635849,human,train,16,52.13999999999996,0.9695196753798245,0.9550102249488752,0.9844768110387121,53.74999999999995,13,19,0.9676746611053181,0.9574188707559558,0.9781525488692986,53.24999999999995,14,18,0.9683652206857359,0.9573033707865168,0.9796857033346109,53.359999999999935,13,18,0.9683712121212121,0.9571321602396107,0.979877347642775,53.379999999999946,13,18,0.9695196753798245,0.9550102249488752,0.9844768110387121,53.74999999999995,13,19,0.9683652206857359,0.9573033707865168,0.9796857033346109,53.359999999999935,13,18,0.9685486926866237,0.9576620457100038,0.9796857033346109,53.339999999999954,13,18
call_24e1989c4d6d,synthetic,train,35,35.19999999999999,0.6575882794891059,0.49136842105263157,0.9937553221686063,71.04999999999968,59,28,0.718674635629653,0.5698370468905887,0.9727504967357365,60.02999999999967,48,25,0.6976791530944625,0.5438819235042057,0.9727504967357365,62.88999999999967,51,27,0.6897303727200634,0.5299314546839299,0.9875106443372126,65.50999999999965,52,28,0.8941897654584222,0.8427530771163024,0.9523133692875391,39.70999999999985,28,15,0.8753470294280955,0.856560717196414,0.8949758728356514,36.72999999999986,24,15,0.7795172863666014,0.9160597930241472,0.6783990916832245,26.039999999999893,16,13
call_253156878935,synthetic,train,11,22.80000000000002,0.950965824665676,0.9221902017291066,0.9815950920245399,24.27999999999988,10,9,0.9492036160137753,0.932741116751269,0.9662576687116564,23.629999999999875,10,8,0.9547974413646055,0.9298172757475083,0.9811568799298861,24.069999999999887,10,9,0.9550202515455127,0.9298464092984641,0.9815950920245399,24.07999999999989,10,9,0.950965824665676,0.9221902017291066,0.9815950920245399,24.27999999999988,10,9,0.9547974413646055,0.9298172757475083,0.9811568799298861,24.069999999999887,10,9,0.9534188034188035,0.9303586321934946,0.9776511831726555,23.9599999999999,11,9
call_26be2ced1f65,synthetic,train,10,47.16000000000001,0.9796511627906976,0.9601139601139601,1.0,49.12999999999996,10,16,0.9803636363636363,0.9614835948644793,1.0,49.05999999999997,10,16,0.9803636363636363,0.9614835948644793,1.0,49.05999999999997,10,16,0.980261790982755,0.9612876935615322,1.0,49.06999999999996,10,16,0.9796511627906976,0.9601139601139601,1.0,49.12999999999996,10,16,0.9803636363636363,0.9614835948644793,1.0,49.05999999999997,10,16,0.9803636363636363,0.9614835948644793,1.0,49.04999999999997,10,16
call_2741c273bfcc,synthetic,train,24,60.63999999999993,0.9619509095241878,0.9279693486590038,0.9985158311345647,65.24999999999977,25,25,0.9634815816691861,0.9308224442736357,0.9985158311345647,65.02999999999979,25,24,0.9634049323786794,0.9306793728865662,0.9985158311345647,65.04999999999977,25,24,0.9629452926208651,0.9298218673218673,0.9985158311345647,65.11999999999978,25,24,0.9619509095241878,0.9279693486590038,0.9985158311345647,65.24999999999977,25,25,0.9634049323786794,0.9306793728865662,0.9985158311345647,65.04999999999977,25,24,0.9639417336623418,0.9316817971995691,0.9985158311345647,64.97999999999976,25,24
call_290aacdf95ca,synthetic,train,11,20.259999999999998,0.9489700374531835,0.9028953229398664,1.0,22.419999999999973,11,10,0.9489700374531835,0.9028953229398664,1.0,22.419999999999973,11,10,0.9489700374531835,0.9028953229398664,1.0,22.419999999999973,11,10,0.9489700374531835,0.9028953229398664,1.0,22.419999999999973,11,10,0.9489700374531835,0.9028953229398664,1.0,22.419999999999973,11,10,0.9489700374531835,0.9028953229398664,1.0,22.419999999999973,11,10,0.9498594189315839,0.9045069165551093,1.0,22.389999999999958,11,10
call_29a23dea3118,synthetic,train,15,38.98000000000004,0.9604923076923076,0.9239876864788066,1.0,42.1799999999999,15,15,0.9604923076923076,0.9239876864788066,1.0,42.1799999999999,15,15,0.9604923076923076,0.9239876864788066,1.0,42.1799999999999,15,15,0.9604923076923076,0.9239876864788066,1.0,42.1799999999999,15,15,0.9654660230226513,0.9336844625329184,0.9994874423372629,41.72999999999987,15,15,0.9654660230226513,0.9336844625329184,0.9994874423372629,41.72999999999987,15,15,0.9709729662389436,0.9447272727272727,0.9987186058431573,41.19999999999992,15,15
call_29e423c5b8aa,human,train,35,43.93999999999993,0.9061386968363713,0.8402953176607733,0.9831779949988634,51.32999999999994,31,16,0.8435658153241651,0.9172229639519359,0.7808592862014094,37.379999999999924,16,12,0.8420022029127402,0.911983032873807,0.7819959081609457,37.66999999999992,16,13,0.8488964346349746,0.9097998440343125,0.7956353716753808,38.39999999999992,17,13,0.9225736095965104,0.8866065814294697,0.9615821777676745,47.59999999999993,29,15,0.8469513700320909,0.9265460437483122,0.7799499886337804,36.97999999999994,17,12,0.8337343294922123,0.9411092052601486,0.7483518981586724,34.93999999999991,17,11
call_29f2b21b3d8a,synthetic,train,9,49.260000000000005,0.9787747711497837,0.970283207020343,0.9874162776537446,50.11999999999995,10,17,0.9769223017232692,0.9701761409127302,0.9837629389080577,49.93999999999993,11,17,0.9770253929866989,0.9701821092655594,0.9839659021717069,49.94999999999993,11,17,0.9771284634760705,0.970188075230092,0.9841688654353562,49.95999999999994,11,17,0.9787747711497837,0.970283207020343,0.9874162776537446,50.11999999999995,10,17,0.9770253929866989,0.9701821092655594,0.9839659021717069,49.94999999999993,11,17,0.976716056849108,0.9701641970364437,0.9833570123807591,49.91999999999994,11,17
call_29fddbedd6a4,human,train,18,44.90000000000003,0.9636186980459894,0.9354433032907148,0.9935440783615316,47.64999999999996,17,16,0.9608914135896875,0.9433719433719434,0.9790739091718611,46.55999999999999,15,16,0.9608999563128003,0.9431818181818182,0.9792965271593945,46.58,15,16,0.9608999563128003,0.9431818181818182,0.9792965271593945,46.58,15,16,0.9636186980459894,0.9354433032907148,0.9935440783615316,47.64999999999996,17,16,0.9608999563128003,0.9431818181818182,0.9792965271593945,46.58,15,16,0.9611013986013986,0.9437768240343347,0.9790739091718611,46.55,15,16
call_2a34be1bd407,human,train,20,32.42,0.9383418138281951,0.9131954558695019,0.9649122807017544,34.2899999999999,16,14,0.9292531434631116,0.9149761336515513,0.9439827639273622,33.479999999999905,15,14,0.9288310115081768,0.9141579731743666,0.9439827639273622,33.4999999999999,15,14,0.9288310115081768,0.9141579731743666,0.9439827639273622,33.5099999999999,15,14,0.9383418138281951,0.9131954558695019,0.9649122807017544,34.2899999999999,16,14,0.9288310115081768,0.9141579731743666,0.9439827639273622,33.4999999999999,15,14,0.9298165832954374,0.9160692951015532,0.9439827639273622,33.4399999999999,15,14
call_2cd6a0b37e59,synthetic,train,6,18.079999999999995,0.9663281667557456,0.9348500517063082,1.0,19.329999999999984,6,7,0.9622950819672131,0.9508639308855291,0.974004424778761,18.509999999999984,5,7,0.9689174705251876,0.9397089397089398,1.0,19.23999999999998,6,7,0.9678800856531049,0.9377593360995851,1.0,19.269999999999985,6,7,0.9663281667557456,0.9348500517063082,1.0,19.329999999999984,6,7,0.9689174705251876,0.9397089397089398,1.0,19.23999999999998,6,7,0.9694369973190349,0.9406867845993756,1.0,19.219999999999985,6,7
call_2d2c74bdeb7b,human,train,11,38.14000000000002,0.9670555057043969,0.946312092323131,0.9887287024901704,39.8299999999999,12,12,0.9641157556270097,0.9464646464646465,0.982437745740498,39.569999999999865,13,11,0.9640010285420416,0.9460005046681806,0.982699868938401,39.59999999999988,13,11,0.96426735218509,0.9460277427490542,0.9832241153342071,39.61999999999989,13,11,0.9670555057043969,0.946312092323131,0.9887287024901704,39.8299999999999,12,12,0.9640010285420416,0.9460005046681806,0.982699868938401,39.59999999999988,13,11,0.9643729903536977,0.9467171717171717,0.982699868938401,39.56999999999988,13,11
call_2d4374d86df7,synthetic,val,44,46.85999999999991,0.6074851074851075,0.43625034873988655,1.0,107.35999999999973,52,38,0.6426102585372597,0.4754987212276215,0.9908335109784694,97.60999999999969,54,35,0.6326654523375835,0.46279115673114884,0.9995736516734172,101.15999999999967,55,37,0.6244590906064843,0.45401742497579867,0.9997868258367086,103.1499999999997,55,37,0.8292945611200861,0.7161680359634165,0.98486463440631,64.35999999999973,47,23,0.8400262098661425,0.7488317757009346,0.9565124706885525,59.779999999999674,43,20,0.8312101910828026,0.8910021945866862,0.7789383926668088,40.92999999999985,32,18
call_30c4f6565eec,synthetic,train,10,37.65999999999998,0.9743722495469842,0.9509853461344113,0.9989384288747346,39.52999999999994,10,12,0.9698472784231823,0.954276907269458,0.9859341825902336,38.87999999999994,9,12,0.9695941537256949,0.9537869062901155,0.9859341825902336,38.89999999999994,9,12,0.9746113989637306,0.9519230769230769,0.9984076433121019,39.459999999999944,10,12,0.9743722495469842,0.9509853461344113,0.9989384288747346,39.52999999999994,10,12,0.9695941537256949,0.9537869062901155,0.9859341825902336,38.89999999999994,9,12,0.9697206995562516,0.9540318438623523,0.9859341825902336,38.889999999999944,9,12
call_312805f2b67f,synthetic,train,16,25.459999999999976,0.9400479616306955,0.8868778280542986,1.0,28.679999999999907,16,14,0.9400479616306955,0.8868778280542986,1.0,28.669999999999916,16,14,0.9400479616306955,0.8868778280542986,1.0,28.679999999999907,16,14,0.9400479616306955,0.8868778280542986,1.0,28.679999999999907,16,14,0.9400479616306955,0.8868778280542986,1.0,28.679999999999907,16,14,0.9400479616306955,0.8868778280542986,1.0,28.679999999999907,16,14,0.9407421081779582,0.8881143255489717,1.0,28.63999999999988,16,14
call_3332ecee2806,human,train,37,54.699999999999996,0.8992523364485981,0.9204132389515974,0.879042572629271,52.16999999999987,28,16,0.827699241958615,0.9419445092096059,0.7381691942262013,42.789999999999914,21,12,0.8385074325007584,0.938858695652174,0.7575369998172848,44.0999999999999,21,12,0.8429087987143431,0.9359803702877537,0.7666727571715696,44.75999999999991,22,12,0.8992523364485981,0.9204132389515974,0.879042572629271,52.16999999999987,28,16,0.8385074325007584,0.938858695652174,0.7575369998172848,44.0999999999999,21,12,0.8367699339766379,0.942131747483989,0.7526036908459711,43.679999999999886,21,12
call_349b9fddaff0,human,train,16,33.38,0.9404462834343136,0.9285088999124599,0.9526946107784431,34.21999999999997,16,12,0.902363184079602,0.9385510996119016,0.8688622754491018,30.879999999999963,14,10,0.9024541783162473,0.9377017430600387,0.8697604790419161,30.939999999999948,14,10,0.9016266460108443,0.9341894060995185,0.8712574850299402,31.09999999999996,14,10,0.9404462834343136,0.9285088999124599,0.9526946107784431,34.21999999999997,16,12,0.9024541783162473,0.9377017430600387,0.8697604790419161,30.939999999999948,14,10,0.9030152315822194,0.9389140271493213,0.8697604790419161,30.899999999999935,14,10
call_34f4c668dbe8,human,train,63,126.14000000000006,0.9005300135584864,0.9353875042676681,0.8681771369721936,117.06999999999977,59,41,0.7185927144067374,0.9685652874798495,0.5711795928067813,74.37999999999982,32,24,0.7291121749000642,0.9668848167539267,0.5852016160975996,76.35999999999984,33,24,0.7402197802197802,0.9651044319918493,0.6003327259763923,78.48999999999978,35,26,0.9005300135584864,0.9353875042676681,0.8681771369721936,117.06999999999977,59,41,0.7291121749000642,0.9668848167539267,0.5852016160975996,76.35999999999984,33,24,0.7175732217573222,0.9664564604857104,0.5706250495127941,74.48999999999982,33,24
call_35966c559fcc,human,train,19,36.17999999999999,0.9448818897637795,0.945273631840796,0.9444904722452361,36.139999999999944,15,11,0.8358719303699098,0.9559189477426235,0.7426125379729357,28.099999999999987,8,9,0.8358719303699098,0.9559189477426235,0.7426125379729357,28.099999999999987,8,9,0.8455610357583231,0.956749215207534,0.7575255454294394,28.629999999999995,9,9,0.9448818897637795,0.945273631840796,0.9444904722452361,36.139999999999944,15,11,0.8358719303699098,0.9559189477426235,0.7426125379729357,28.099999999999987,8,9,0.8353288757580469,0.9558718861209965,0.7417840375586855,28.069999999999986,8,9
call_36640e327eaf,human,train,44,60.69999999999997,0.8877524929685502,0.921443736730361,0.8564380858411446,56.47999999999964,39,18,0.7450039968025579,0.9493251846193023,0.613057062983062,39.25999999999985,22,13,0.7506702412868632,0.9473684210526315,0.6216082881105082,39.87999999999983,23,13,0.7776590577950462,0.9499288087327954,0.6582798881762868,42.10999999999979,26,13,0.8877524929685502,0.921443736730361,0.8564380858411446,56.47999999999964,39,18,0.7506702412868632,0.9473684210526315,0.6216082881105082,39.87999999999983,23,13,0.7447615246457793,0.9469677746764781,0.613714849531327,39.3799999999998,24,12
call_36d72e4b1aef,synthetic,val,12,38.46000000000001,0.9696358825752803,0.9410613842015163,1.0,40.86999999999994,12,14,0.969758064516129,0.9412915851272016,1.0,40.85999999999994,12,14,0.9696358825752803,0.9410613842015163,1.0,40.86999999999994,12,14,0.9696358825752803,0.9410613842015163,1.0,40.86999999999994,12,14,0.9696358825752803,0.9410613842015163,1.0,40.86999999999994,12,14,0.9696358825752803,0.9410613842015163,1.0,40.86999999999994,12,14,0.969880277252678,0.9415218987032052,1.0,40.85999999999992,12,14
call_373750027ccd,synthetic,train,13,47.95999999999999,0.9731155523993101,0.9476388065599683,1.0,50.579999999999885,13,14,0.9669148056244831,0.9589827727645611,0.9749791492910759,48.739999999999924,10,14,0.9666149870801034,0.9583931133428981,0.9749791492910759,48.769999999999925,10,14,0.9706063720452209,0.9570328334008917,0.9845704753961635,49.289999999999935,11,14,0.9731155523993101,0.9476388065599683,1.0,50.579999999999885,13,14,0.9666149870801034,0.9583931133428981,0.9749791492910759,48.769999999999925,10,14,0.9674149167270094,0.9599671525354136,0.9749791492910759,48.68999999999993,10,14
call_374f870c8124,synthetic,train,24,28.320000000000014,0.6922795462861324,0.5293788472299944,1.0,53.5099999999998,39,20,0.7257777168699465,0.5938551244673693,0.9330514446793516,44.5199999999998,30,18,0.7238372093023255,0.5790697674418605,0.9651162790697675,47.239999999999796,33,19,0.729803564459477,0.5784697875850691,0.9883720930232558,48.43999999999979,33,19,0.9117935315256452,0.8498781973203411,0.9834390415785764,32.75999999999986,22,11,0.8686118479221927,0.8718494852680156,0.8653981677237491,28.129999999999853,17,8,0.7976970418900139,0.9135970895861756,0.707892882311487,21.94999999999992,13,6
call_37e63dcc8185,synthetic,train,10,41.72,0.9784121741182022,0.9632984901277584,0.9940076701821668,43.04999999999995,9,14,0.9821195973949083,0.9705125204774163,0.9940076701821668,42.72999999999991,9,14,0.9818870604948502,0.9700584795321637,0.9940076701821668,42.74999999999992,9,14,0.9815384615384616,0.969378214118747,0.9940076701821668,42.77999999999992,9,14,0.9784121741182022,0.9632984901277584,0.9940076701821668,43.04999999999995,9,14,0.9818870604948502,0.9700584795321637,0.9940076701821668,42.74999999999992,9,14,0.98068033661254,0.9699882766705744,0.9916107382550335,42.6399999999999,10,14
call_387c5493a07f,synthetic,train,12,39.699999999999996,0.9696673189823874,0.9429115128449096,0.9979859013091642,41.99999999999996,13,14,0.9697859327217125,0.9431358553414227,0.9979859013091642,41.98999999999995,13,14,0.9696673189823874,0.9429115128449096,0.9979859013091642,41.99999999999996,13,14,0.9696673189823874,0.9429115128449096,0.9979859013091642,41.99999999999996,13,14,0.9696673189823874,0.9429115128449096,0.9979859013091642,41.99999999999996,13,14,0.9696673189823874,0.9429115128449096,0.9979859013091642,41.99999999999996,13,14,0.9700232472776215,0.9435848607474411,0.9979859013091642,41.95999999999994,13,14
call_39880aff21ed,synthetic,train,19,63.36000000000003,0.9644979430138656,0.9326653897156328,0.9985802176999526,67.81999999999994,18,22,0.9644979430138656,0.9326653897156328,0.9985802176999526,67.81999999999994,18,22,0.9644979430138656,0.9326653897156328,0.9985802176999526,67.81999999999994,18,22,0.9644979430138656,0.9326653897156328,0.9985802176999526,67.81999999999994,18,22,0.9705566630884833,0.9442040877219156,0.9984224641110585,66.9799999999999,20,21,0.9705566630884833,0.9442040877219156,0.9984224641110585,66.9799999999999,20,21,0.9715163147792706,0.94630571343105,0.9981069569332702,66.81999999999994,20,21
call_3adbf4ac0f30,human,train,24,60.639999999999986,0.9576298184135075,0.9266337854500617,0.990771259063942,64.83999999999986,23,24,0.9541092023550286,0.9342915811088296,0.9747857613711273,63.269999999999904,22,23,0.954453849254333,0.9341959917942244,0.975609756097561,63.3299999999999,22,23,0.9543842682140554,0.9339116719242903,0.9757745550428477,63.35999999999989,22,23,0.9483124082830588,0.9383672152307196,0.958470665787739,61.959999999999816,24,22,0.9434521359782698,0.9424436770268048,0.9444627554383652,60.78999999999984,23,21,0.9205056418087724,0.9485924112607099,0.8940342781806196,57.11999999999987,23,22
call_3b1bf9fab29d,human,train,11,22.519999999999996,0.9410485098977595,0.9223880597014925,0.9604795737122558,23.38999999999995,12,9,0.9027431421446384,0.9221861973135711,0.8841030195381883,21.52999999999995,10,8,0.916256157635468,0.924119241192412,0.9085257548845471,22.07999999999995,11,8,0.9164987687486008,0.9241534988713318,0.9089698046181173,22.08999999999995,11,8,0.9410485098977595,0.9223880597014925,0.9604795737122558,23.38999999999995,12,9,0.916256157635468,0.924119241192412,0.9085257548845471,22.07999999999995,11,8,0.9162186379928315,0.924502712477396,0.9080817051509769,22.059999999999953,11,8
call_3b9afdd4a2df,human,val,25,29.039999999999985,0.9156429156429157,0.8742571160462934,0.9611416781292985,31.879999999999963,23,11,0.8812072293384804,0.8996775349337155,0.8634800550206327,27.829999999999963,20,8,0.8887735685867497,0.8941872607030978,0.8834250343878954,28.66999999999988,21,8,0.8873943783410932,0.890003459010723,0.8848005502063274,28.829999999999913,21,9,0.9156429156429157,0.8742571160462934,0.9611416781292985,31.879999999999963,23,11,0.8887735685867497,0.8941872607030978,0.8834250343878954,28.66999999999988,21,8,0.8816940847042352,0.8977191732002852,0.8662310866574966,27.989999999999903,20,8
call_3ca96b2dd5c4,human,train,25,57.179999999999964,0.9542896128261982,0.9318787475016655,0.9778049632995456,59.95999999999991,26,21,0.9279142474318892,0.9490224739630916,0.9077245718280321,54.679999999999914,23,20,0.937477922995408,0.9475187433059622,0.9276476756378889,55.969999999999914,24,20,0.942939784380752,0.9458413926499033,0.9400559245019224,56.809999999999874,24,20,0.9542896128261982,0.9318787475016655,0.9778049632995456,59.95999999999991,26,21,0.937477922995408,0.9475187433059622,0.9276476756378889,55.969999999999914,24,20,0.9373840854897112,0.9475093733261918,0.9274729115693814,55.959999999999894,24,20
call_3cd08cbaf55c,synthetic,train,14,40.860000000000014,0.9655254398478365,0.9393939393939394,0.9931523599902177,43.18999999999993,13,14,0.9629009095260891,0.94281696742442,0.9838591342626559,42.629999999999924,12,14,0.9629009095260891,0.94281696742442,0.9838591342626559,42.629999999999924,12,14,0.9629009095260891,0.94281696742442,0.9838591342626559,42.629999999999924,12,14,0.9655254398478365,0.9393939393939394,0.9931523599902177,43.18999999999993,13,14,0.9629009095260891,0.94281696742442,0.9838591342626559,42.629999999999924,12,14,0.9629009095260891,0.94281696742442,0.9838591342626559,42.629999999999924,12,14
call_3d69be34ef44,human,train,17,37.87999999999996,0.9404808829325976,0.9369109947643979,0.9440780796623582,38.15999999999992,17,17,0.9238043771953526,0.9468291332040986,0.9018728567660248,36.03999999999992,17,15,0.9255462638251956,0.9470052442727022,0.9050382484832498,36.17999999999991,16,14,0.9367930805056554,0.9452201933404941,0.9285149037193353,37.199999999999896,17,15,0.9404808829325976,0.9369109947643979,0.9440780796623582,38.15999999999992,17,17,0.9255462638251956,0.9470052442727022,0.9050382484832498,36.17999999999991,16,14,0.926201760324983,0.9515859766277128,0.9021366394091269,35.85999999999994,16,14
call_3f3ac4984431,human,train,21,53.859999999999985,0.9631779430437148,0.9421575585521647,0.9851576994434137,56.2799999999999,22,20,0.9635274904735982,0.9428267045454546,0.9851576994434137,56.23999999999991,22,20,0.963265306122449,0.9423247559893523,0.9851576994434137,56.26999999999991,22,20,0.9631779430437148,0.9421575585521647,0.9851576994434137,56.2799999999999,22,20,0.9631779430437148,0.9421575585521647,0.9851576994434137,56.2799999999999,22,20,0.963265306122449,0.9423247559893523,0.9851576994434137,56.26999999999991,22,20,0.9594952912133126,0.9459167117360735,0.9734693877551021,55.39999999999985,22,20
call_415d987a1504,synthetic,train,15,18.939999999999998,0.9240568348848603,0.862368541380887,0.9952506596306069,21.83999999999989,16,9,0.9237931879441313,0.8623055809698079,0.9947229551451188,21.829999999999885,16,9,0.9240568348848603,0.862368541380887,0.9952506596306069,21.83999999999989,16,9,0.9240568348848603,0.862368541380887,0.9952506596306069,21.83999999999989,16,9,0.9240568348848603,0.862368541380887,0.9952506596306069,21.83999999999989,16,9,0.9240568348848603,0.862368541380887,0.9952506596306069,21.83999999999989,16,9,0.90734662963898,0.8697967086156825,0.9482849604221636,20.6299999999999,15,9
call_41fc5fd779c9,synthetic,train,8,12.7,0.9386548410938654,0.8844011142061281,1.0,14.320000000000045,8,5,0.9452773613193404,0.902002861230329,0.9929133858267717,13.950000000000033,8,5,0.9446522064323112,0.8995726495726496,0.9944881889763779,14.010000000000028,8,5,0.9446522064323112,0.8995726495726496,0.9944881889763779,14.020000000000026,8,5,0.9386548410938654,0.8844011142061281,1.0,14.320000000000045,8,5,0.9446522064323112,0.8995726495726496,0.9944881889763779,14.010000000000028,8,5,0.9446522064323112,0.8995726495726496,0.9944881889763779,14.00000000000003,8,5
call_450b4e13468b,synthetic,train,12,45.820000000000036,0.972463302260795,0.955770850884583,0.9897491821155944,47.44999999999996,14,15,0.9728802658377104,0.9565767284991569,0.9897491821155944,47.39999999999996,14,15,0.9727759914255091,0.9563751317175975,0.9897491821155944,47.41999999999996,14,15,0.9726717393634123,0.956173619890434,0.9897491821155944,47.42999999999995,14,15,0.972463302260795,0.955770850884583,0.9897491821155944,47.44999999999996,14,15,0.9727759914255091,0.9563751317175975,0.9897491821155944,47.41999999999996,14,15,0.9733676975945017,0.9587476200550031,0.9884405670665213,47.22999999999996,14,15
call_4789ebd9b148,synthetic,train,22,33.82,0.9272138533014219,0.885691231845078,0.972821270310192,37.10999999999993,20,12,0.920807675784047,0.8935519733185103,0.9497784342688331,35.90999999999994,19,11,0.9244152880775813,0.8935759580920871,0.9574593796159527,36.199999999999946,19,12,0.9279977455262787,0.8871228448275862,0.972821270310192,37.04999999999994,20,12,0.9340909090909091,0.8995896032831737,0.971344165435746,36.43999999999995,20,12,0.9308212282467999,0.9069506726457399,0.9559822747415067,35.56999999999996,19,12,0.9358064048688596,0.9183731513083049,0.9539143279172821,35.049999999999955,19,11
call_47bef2f628eb,human,val,14,28.54000000000005,0.864406779661017,0.7611940298507462,1.0,37.45999999999996,20,14,0.928476380572189,0.8843472750316856,0.9772408963585434,31.529999999999948,13,11,0.9278726579340076,0.881259842519685,0.9796918767507002,31.72999999999995,13,12,0.9277188328912467,0.8809823677581864,0.9796918767507002,31.73999999999995,13,12,0.9504159733777038,0.9055168040583386,1.0,31.50999999999995,14,11,0.9439045183290707,0.9199069458291791,0.969187675070028,30.08999999999994,12,11,0.9464865789023765,0.9248245907116606,0.969187675070028,29.90999999999996,12,11
call_486215b37ca1,human,train,46,83.63999999999996,0.8508502356074575,0.744665590819437,0.9923536439665472,111.47999999999975,28,32,0.7941379094382163,0.8345399499802554,0.7574671445639187,75.84999999999985,31,25,0.8231382978723404,0.8330070956691951,0.8135005973715651,81.61999999999982,33,28,0.8307857654645331,0.8303891143470995,0.8311827956989247,83.64999999999982,32,28,0.895622531248309,0.8185144891702106,0.9887694145758662,101.0599999999997,32,33,0.8495776068591603,0.899359316604378,0.8050179211469534,74.82999999999983,32,26,0.854251012145749,0.9419642857142857,0.7814814814814814,69.29999999999987,36,25
call_488e7b893457,human,train,19,32.70000000000006,0.9359414663282066,0.915303738317757,0.9575313168347083,34.179999999999964,18,13,0.9262644728823888,0.9237313886356731,0.9288114879315612,32.859999999999964,16,13,0.9262644728823888,0.9237313886356731,0.9288114879315612,32.859999999999964,16,13,0.9329710144927537,0.9221128021486124,0.9440879926672777,33.44999999999997,17,13,0.9359414663282066,0.915303738317757,0.9575313168347083,34.179999999999964,18,13,0.9262644728823888,0.9237313886356731,0.9288114879315612,32.859999999999964,16,13,0.9237832874196511,0.9254829806807727,0.922089825847846,32.56999999999993,17,13
call_4ac92327c83b,human,train,17,54.72000000000004,0.9715555555555555,0.9461565096952909,0.9983558640847643,57.689999999999955,17,17,0.9725708139117963,0.9547694473776839,0.9910485933503836,56.73999999999995,16,17,0.9727744939996418,0.9541461700632466,0.9921446839605408,56.84999999999995,16,17,0.972687382466195,0.9539785701738978,0.9921446839605408,56.85999999999994,16,17,0.9715555555555555,0.9461565096952909,0.9983558640847643,57.689999999999955,17,17,0.9727744939996418,0.9541461700632466,0.9921446839605408,56.84999999999995,16,17,0.9730359222431246,0.9546493232554052,0.9921446839605408,56.819999999999965,16,17
call_4affad158a4c,synthetic,val,20,28.18,0.9277528649725959,0.8722673329169269,0.9907768712309329,31.969999999999867,19,11,0.9296055916125812,0.8755485893416928,0.9907768712309329,31.849999999999877,19,11,0.9282153539381854,0.8730853391684902,0.9907768712309329,31.93999999999988,19,11,0.9280611397242067,0.8728125,0.9907768712309329,31.94999999999987,19,11,0.928130732032683,0.8757079924480805,0.987229514012061,31.699999999999896,20,12,0.9284403669724771,0.8762594458438288,0.987229514012061,31.6799999999999,20,12,0.9309823677581864,0.8839285714285714,0.9833274210713019,31.279999999999852,21,13
call_4b1bec58d02d,synthetic,train,42,59.740000000000045,0.7429706411768358,0.5910527355322931,1.0,101.17999999999972,65,39,0.7676212893945338,0.6305725641851971,0.9807852965747702,93.02999999999975,57,34,0.7587446248636159,0.615985827428095,0.9876357560568086,95.87999999999974,61,34,0.75507237216358,0.607259048393656,0.9979949874686717,98.27999999999975,62,37,0.9261755610181588,0.8813763960156957,0.9757727652464494,66.14999999999984,39,23,0.9157384987893462,0.8857142857142857,0.9478696741854636,63.94999999999984,37,22,0.8532515558762515,0.9270874166993336,0.7903091060985797,50.92999999999993,24,19
call_4baef170cf46,human,train,17,45.45999999999999,0.9620853080568721,0.9431890179514255,0.9817542316992746,47.289999999999935,16,16,0.9184745375656542,0.9555713946305536,0.8841503627170807,42.059999999999945,14,15,0.9351581781467355,0.9548682703321879,0.9162453286436579,43.61999999999993,15,16,0.9355164292923629,0.9548992673992674,0.916904814244889,43.64999999999992,15,16,0.9620853080568721,0.9431890179514255,0.9817542316992746,47.289999999999935,16,16,0.9351581781467355,0.9548682703321879,0.9162453286436579,43.61999999999993,15,16,0.9340819764177428,0.9547750229568411,0.9142668718399648,43.51999999999994,16,15
call_4c278007298d,human,train,14,43.5,0.9573674092502544,0.9421322056532384,0.973103448275862,44.889999999999944,18,18,0.9340505144995322,0.9504997620180866,0.9181609195402299,41.95999999999995,18,15,0.9354499824909537,0.9502015650936685,0.9211494252873563,42.11999999999995,17,15,0.9401114206128134,0.9493670886075949,0.9310344827586207,42.60999999999994,17,16,0.9573674092502544,0.9421322056532384,0.973103448275862,44.889999999999944,18,18,0.9354499824909537,0.9502015650936685,0.9211494252873563,42.11999999999995,17,15,0.9354198294990074,0.9506290054592926,0.9206896551724137,42.06999999999995,17,15
call_4c8c40f7c2fd,human,train,16,29.779999999999987,0.9252776842813868,0.927775902801215,0.9227928835179591,29.55999999999995,14,13,0.9255892255892256,0.9284025667004391,0.9227928835179591,29.54999999999993,14,13,0.9252776842813868,0.927775902801215,0.9227928835179591,29.55999999999995,14,13,0.9252776842813868,0.927775902801215,0.9227928835179591,29.55999999999995,14,13,0.9252776842813868,0.927775902801215,0.9227928835179591,29.55999999999995,14,13,0.9252776842813868,0.927775902801215,0.9227928835179591,29.55999999999995,14,13,0.9255641630178512,0.9286921257181481,0.9224572004028198,29.51999999999998,14,13
call_4cd5b14fbe3c,synthetic,train,13,43.51999999999998,0.969893676552882,0.9456569183762549,0.9954054674936825,45.73000000000001,12,16,0.970328070764752,0.9464831804281345,0.9954054674936825,45.70000000000001,12,16,0.970328070764752,0.9464831804281345,0.9954054674936825,45.70000000000001,12,16,0.970328070764752,0.9464831804281345,0.9954054674936825,45.70000000000001,12,16,0.969893676552882,0.9456569183762549,0.9954054674936825,45.73000000000001,12,16,0.970328070764752,0.9464831804281345,0.9954054674936825,45.70000000000001,12,16,0.9705454138201366,0.9468968531468531,0.9954054674936825,45.67000000000001,12,16
call_4d8129939686,synthetic,train,9,27.959999999999987,0.9707786526684165,0.9506511309115833,0.9917769038255273,29.159999999999933,8,10,0.9711977520196698,0.9544356230583362,0.9885591705398641,28.949999999999925,8,10,0.971027216856892,0.9541062801932367,0.9885591705398641,28.95999999999993,8,10,0.9712078651685393,0.9541221110727838,0.9889166964604934,28.969999999999935,8,10,0.9707786526684165,0.9506511309115833,0.9917769038255273,29.159999999999933,8,10,0.971027216856892,0.9541062801932367,0.9885591705398641,28.95999999999993,8,10,0.971027216856892,0.9541062801932367,0.9885591705398641,28.95999999999993,8,10
call_4e60206f7e8a,human,train,13,33.12,0.9512449679439392,0.9398939304655274,0.9628735285239963,33.90999999999994,12,13,0.9420861127956337,0.9463904964971063,0.9378207063084817,32.79999999999996,11,13,0.9433676559660812,0.9465208143421452,0.9402354361605796,32.87999999999996,11,13,0.9435276305828918,0.9465370595382746,0.9405372773920918,32.89999999999996,11,13,0.9512449679439392,0.9398939304655274,0.9628735285239963,33.90999999999994,12,13,0.9433676559660812,0.9465208143421452,0.9402354361605796,32.87999999999996,11,13,0.9435105255187036,0.9468085106382979,0.9402354361605796,32.86999999999997,11,13
call_4e9cec0da4ea,synthetic,train,13,33.93999999999996,0.963383479988646,0.9293537787513692,1.0,36.479999999999954,13,13,0.9647226173541963,0.9326182618261826,0.9991160872127284,36.31999999999996,13,13,0.9647326507394767,0.9323804288070369,0.9994107248084856,36.339999999999954,13,13,0.9646055437100213,0.9318868442735512,0.9997053624042428,36.369999999999955,13,13,0.963383479988646,0.9293537787513692,1.0,36.479999999999954,13,13,0.9647326507394767,0.9323804288070369,0.9994107248084856,36.339999999999954,13,13,0.9648698620395392,0.9326367885620016,0.9994107248084856,36.329999999999956,13,13
call_4f0dad5104b3,human,train,36,76.16000000000004,0.8513330963384287,0.9296583850931677,0.7851803278688525,64.26999999999985,38,20,0.7281537450722734,0.9740716326082179,0.5813770491803278,45.4099999999999,20,15,0.7398486451297909,0.9746998284734134,0.5961967213114754,46.529999999999916,22,15,0.767177694812932,0.9728041901692184,0.633311475409836,49.51999999999992,26,16,0.8513330963384287,0.9296583850931677,0.7851803278688525,64.26999999999985,38,20,0.7398486451297909,0.9746998284734134,0.5961967213114754,46.529999999999916,22,15,0.7319190760914079,0.974694589877836,0.5859672131147541,45.7499999999999,21,15
call_51851f91f064,human,train,22,29.58,0.9229505503532117,0.8997437540038437,0.9473861720067454,31.18999999999981,19,10,0.8835257082896117,0.9175444969124591,0.8519392917369308,27.499999999999886,14,10,0.8930861202564547,0.9183891660727014,0.8691399662731872,28.02999999999988,15,10,0.9004966603870526,0.9147529575504524,0.8866779089376053,28.709999999999873,16,10,0.9229505503532117,0.8997437540038437,0.9473861720067454,31.18999999999981,19,10,0.8930861202564547,0.9183891660727014,0.8691399662731872,28.02999999999988,15,10,0.8821037769149311,0.9252128841169938,0.8428330522765599,26.979999999999922,14,10
call_5273f6be303c,human,train,20,34.42000000000005,0.9396332863187589,0.9141053787047201,0.9666279744631456,36.39999999999989,19,16,0.9213941957124107,0.9261213720316622,0.916715031921068,34.06999999999989,16,15,0.9220230287130156,0.926207906295754,0.9178757980266976,34.11999999999987,16,15,0.92188866219761,0.9259367681498829,0.9178757980266976,34.12999999999989,16,15,0.9396332863187589,0.9141053787047201,0.9666279744631456,36.39999999999989,19,16,0.9220230287130156,0.926207906295754,0.9178757980266976,34.11999999999987,16,15,0.9221574344023323,0.9264792032806093,0.9178757980266976,34.109999999999864,16,15
call_52ba7c3bd761,synthetic,train,11,37.34000000000003,0.969901401141671,0.9415617128463476,1.0,39.69999999999994,11,12,0.9700272479564033,0.9417989417989417,1.0,39.68999999999994,11,12,0.969901401141671,0.9415617128463476,1.0,39.69999999999994,11,12,0.969901401141671,0.9415617128463476,1.0,39.69999999999994,11,12,0.9691927726504614,0.9426042983565107,0.9973247726056714,39.51999999999996,12,12,0.9691927726504614,0.9426042983565107,0.9973247726056714,39.51999999999996,12,12,0.9703279541905258,0.9447541814495691,0.9973247726056714,39.429999999999964,12,12
call_52bfee0220ab,synthetic,train,25,48.719999999999985,0.952418172936004,0.9091587390412237,1.0,53.51999999999982,25,19,0.9486345262742778,0.9130764851015373,0.9870742716454657,52.59999999999982,25,18,0.954563258911085,0.9130760584488572,1.0,53.28999999999982,25,19,0.9541895066562255,0.912392362411082,1.0,53.32999999999982,25,19,0.952418172936004,0.9091587390412237,1.0,53.51999999999982,25,19,0.954563258911085,0.9130760584488572,1.0,53.28999999999982,25,19,0.9547502448579823,0.9134182908545727,1.0,53.269999999999825,25,19
call_54a09817b7e2,synthetic,train,11,24.97999999999999,0.9560333139647492,0.9267743146826887,0.9872,26.619999999999923,10,8,0.9567745687148672,0.9281684843926288,0.9872,26.589999999999915,10,8,0.9564037977136214,0.9274708756106727,0.9872,26.59999999999992,10,8,0.9564037977136214,0.9274708756106727,0.9872,26.59999999999992,10,8,0.9560333139647492,0.9267743146826887,0.9872,26.619999999999923,10,8,0.9564037977136214,0.9274708756106727,0.9872,26.59999999999992,10,8,0.9565891472868217,0.9278195488721804,0.9872,26.589999999999915,10,8
call_565b6523733e,human,train,15,29.719999999999988,0.9367806505421185,0.9298013245033112,0.9438655462184874,30.189999999999905,15,11,0.9118760757314974,0.9343915343915344,0.8904201680672269,28.329999999999913,15,10,0.9119972499140598,0.9331691874780161,0.8917647058823529,28.409999999999926,15,10,0.9120274914089347,0.9328646748681898,0.8921008403361345,28.429999999999925,15,10,0.9367806505421185,0.9298013245033112,0.9438655462184874,30.189999999999905,15,11,0.9119972499140598,0.9331691874780161,0.8917647058823529,28.409999999999926,15,10,0.9125946317962835,0.9347902714134649,0.8914285714285715,28.349999999999923,15,10
call_568b5e814bc3,human,train,23,37.660000000000025,0.9387442572741195,0.9041297935103245,0.9761146496815286,40.609999999999886,21,15,0.9355216881594373,0.9186492709132771,0.9530254777070064,39.019999999999854,19,15,0.9354166666666667,0.918200408997955,0.9532908704883227,39.049999999999855,19,15,0.9351731319968758,0.9177312212570261,0.9532908704883227,39.06999999999988,19,15,0.9387442572741195,0.9041297935103245,0.9761146496815286,40.609999999999886,21,15,0.9354166666666667,0.918200408997955,0.9532908704883227,39.049999999999855,19,15,0.9355216881594373,0.9186492709132771,0.9530254777070064,39.019999999999854,19,15
call_569ffb0869eb,human,val,23,36.66000000000002,0.9291530944625407,0.9251351351351351,0.933206106870229,36.93999999999994,15,13,0.906294502990601,0.9487179487179487,0.8675027262813523,33.529999999999916,11,12,0.9061166429587483,0.947352766210589,0.8683206106870229,33.61999999999991,11,12,0.9056013647995451,0.9462269756387404,0.8683206106870229,33.64999999999991,11,12,0.9291530944625407,0.9251351351351351,0.933206106870229,36.93999999999994,15,13,0.9061166429587483,0.947352766210589,0.8683206106870229,33.61999999999991,11,12,0.9062455541328781,0.9476346325498364,0.8683206106870229,33.60999999999991,11,12
call_56f58de34ea0,synthetic,train,15,27.600000000000016,0.9444539394975218,0.8947538860103627,1.0,30.839999999999925,15,11,0.9447768849375962,0.8953337653920933,1.0,30.819999999999915,15,11,0.9446153846153846,0.8950437317784257,1.0,30.82999999999992,15,11,0.9446153846153846,0.8950437317784257,1.0,30.82999999999992,15,11,0.9467192050710982,0.8988288874430709,1.0,30.72999999999989,15,11,0.9467192050710982,0.8988288874430709,1.0,30.72999999999989,15,11,0.9458008658008658,0.9067065073041168,0.9884183858125226,30.07999999999995,14,11
call_578504f9f39e,synthetic,train,8,37.8,0.9782608695652174,0.9574468085106383,1.0,39.44999999999993,8,11,0.978988326848249,0.9603053435114504,0.9984126984126984,39.269999999999925,8,11,0.9788613668784852,0.9600610531671331,0.9984126984126984,39.27999999999993,8,11,0.9785141082060574,0.9579320831221491,1.0,39.429999999999936,8,11,0.9782608695652174,0.9574468085106383,1.0,39.44999999999993,8,11,0.9788613668784852,0.9600610531671331,0.9984126984126984,39.27999999999993,8,11,0.9793694044375243,0.961038961038961,0.9984126984126984,39.24999999999993,8,11
call_57f113803718,human,train,23,34.02000000000007,0.9133903960539678,0.9032998565279771,0.9237089201877934,34.76999999999998,18,11,0.8896925858951176,0.9144981412639405,0.8661971830985915,32.20999999999995,15,11,0.8897258210304309,0.9142414860681115,0.8664906103286385,32.22999999999996,15,11,0.8898930561831602,0.9142680284741566,0.8667840375586855,32.23999999999995,15,11,0.8918388897269574,0.9177274138466315,0.8673708920187794,32.14999999999996,15,11,0.8910771095288592,0.9210773567178202,0.8629694835680751,31.869999999999962,15,11,0.8858895705521472,0.9280205655526992,0.8474178403755869,31.04999999999998,15,11
call_5823cd70919d,synthetic,train,10,31.6,0.9693043344130804,0.9461005721168323,0.9936748893105629,33.17999999999994,11,13,0.9701469450889404,0.9494399031183772,0.9917773561037319,32.999999999999936,11,12,0.9701469450889404,0.9494399031183772,0.9917773561037319,32.999999999999936,11,12,0.9701561775166229,0.9491679273827534,0.9920936116382036,33.019999999999946,11,12,0.9693043344130804,0.9461005721168323,0.9936748893105629,33.17999999999994,11,13,0.9701469450889404,0.9494399031183772,0.9917773561037319,32.999999999999936,11,12,0.9705608924697862,0.951397326852977,0.9905123339658444,32.88999999999991,11,12
call_58a0f7394bc3,synthetic,train,12,44.16,0.9734945103693025,0.954337899543379,0.9934359438660028,45.94999999999993,13,16,0.974034620505992,0.9553765781454071,0.9934359438660028,45.909999999999926,13,16,0.9734945103693025,0.954337899543379,0.9934359438660028,45.94999999999993,13,16,0.9734945103693025,0.954337899543379,0.9934359438660028,45.94999999999993,13,16,0.9734945103693025,0.954337899543379,0.9934359438660028,45.94999999999993,13,16,0.9734945103693025,0.954337899543379,0.9934359438660028,45.94999999999993,13,16,0.9739265505381116,0.9551686615886833,0.9934359438660028,45.919999999999916,13,16
call_58ed2170e352,human,val,19,29.100000000000012,0.9369012223323423,0.9026098026734564,0.9739010989010989,31.339999999999954,18,12,0.913588730458684,0.914059814369199,0.9131181318681318,28.98999999999996,16,10,0.913961875321999,0.9141188594984542,0.913804945054945,29.02999999999995,16,10,0.9141483516483516,0.9141483516483516,0.9141483516483516,29.039999999999957,16,10,0.9369012223323423,0.9026098026734564,0.9739010989010989,31.339999999999954,18,12,0.913961875321999,0.9141188594984542,0.913804945054945,29.02999999999995,16,10,0.9145122371596002,0.917993079584775,0.9110576923076923,28.81999999999995,16,10
call_5a6307557d57,human,train,17,35.44,0.957039911308204,0.940359477124183,0.9743227990970654,36.63999999999994,18,13,0.9486890329856217,0.9478873239436619,0.9494920993227991,35.42999999999994,16,13,0.9485553206483439,0.9476203886229231,0.9494920993227991,35.43999999999995,16,13,0.9485553206483439,0.9476203886229231,0.9494920993227991,35.43999999999995,16,13,0.957039911308204,0.940359477124183,0.9743227990970654,36.63999999999994,18,13,0.9485553206483439,0.9476203886229231,0.9494920993227991,35.43999999999995,16,13,0.9467842914058053,0.9549368541905855,0.9387697516930023,34.789999999999964,16,13
call_5a7a7e3c9588,synthetic,train,21,42.69999999999999,0.9484259879437374,0.9061433447098977,0.994847775175644,46.839999999999925,19,19,0.9498043599776411,0.9086631016042781,0.994847775175644,46.70999999999993,19,18,0.9492737430167598,0.9076923076923077,0.994847775175644,46.75999999999993,19,19,0.9492737430167598,0.9076923076923077,0.994847775175644,46.75999999999993,19,19,0.9481116216519108,0.9090909090909091,0.990632318501171,46.4499999999999,22,21,0.9489624228827819,0.9106566200215285,0.990632318501171,46.369999999999905,22,21,0.952069471072516,0.9182075266478138,0.9885245901639345,45.9099999999999,22,20
call_5c9d19646f57,human,train,21,28.959999999999987,0.8448722695298038,0.9109780439121756,0.7877114256127028,24.95000000000005,16,8,0.7361729179910999,0.9533479692645445,0.5995857783914395,18.160000000000032,11,5,0.7449748743718593,0.9467802022352315,0.6140835346910597,18.74000000000003,11,5,0.748643006263048,0.9471737982039091,0.6189161201242664,18.900000000000027,11,6,0.8448722695298038,0.9109780439121756,0.7877114256127028,24.95000000000005,16,8,0.7449748743718593,0.9467802022352315,0.6140835346910597,18.74000000000003,11,5,0.7401177460050462,0.9467455621301775,0.6075250258888505,18.53000000000003,12,6
call_5d86f0ca06aa,synthetic,train,9,22.019999999999996,0.9567673256571801,0.9171178675551853,1.0,23.94999999999997,9,8,0.9567673256571801,0.9171178675551853,1.0,23.94999999999997,9,8,0.9567673256571801,0.9171178675551853,1.0,23.94999999999997,9,8,0.9567673256571801,0.9171178675551853,1.0,23.94999999999997,9,8,0.9596862061451297,0.922496857980729,1.0,23.839999999999957,9,8,0.9596862061451297,0.922496857980729,1.0,23.839999999999957,9,8,0.9542541436464088,0.9294016358157555,0.98047229791099,23.219999999999963,9,7
call_5e4539a471f6,synthetic,val,24,24.919999999999995,0.6175195143104943,0.4466750313676286,1.0,55.709999999999866,30,21,0.6255805196435296,0.45515981735159816,1.0,54.65999999999988,31,21,0.6237016643724189,0.45317330423713403,1.0,54.90999999999987,30,21,0.6221445512420422,0.45153107447001267,1.0,55.09999999999987,30,21,0.8265339966832504,0.7043527416619559,1.0,35.28999999999993,29,13,0.8245144005358339,0.707471264367816,0.9879614767255217,34.71999999999993,28,13,0.8067190226876091,0.8838432122370937,0.7419743178170144,20.839999999999982,15,8
call_5f7a4b3e8ca9,human,train,30,38.139999999999986,0.906877347493848,0.8965428937259923,0.9174528301886793,39.00999999999985,23,15,0.7940957208886238,0.9211345555171221,0.6978511530398323,28.889999999999965,14,11,0.7937406855439643,0.9201796821008984,0.6978511530398323,28.909999999999975,14,11,0.8074041427941825,0.9187562688064193,0.720125786163522,29.879999999999953,15,11,0.906877347493848,0.8965428937259923,0.9174528301886793,39.00999999999985,23,15,0.7937406855439643,0.9201796821008984,0.6978511530398323,28.909999999999975,14,11,0.7937406855439643,0.9201796821008984,0.6978511530398323,28.899999999999977,14,11
call_6058d9c5c82f,synthetic,val,13,30.52000000000001,0.9630914826498422,0.9288104654700334,1.0,32.8299999999999,13,10,0.9650592885375494,0.9327628361858191,0.9996724533245988,32.6699999999999,13,10,0.9649067341131837,0.9324778490681332,0.9996724533245988,32.6799999999999,13,10,0.964765365776584,0.931929181929182,1.0,32.709999999999894,13,10,0.9630914826498422,0.9288104654700334,1.0,32.8299999999999,13,10,0.9649067341131837,0.9324778490681332,0.9996724533245988,32.6799999999999,13,10,0.9656699889258029,0.9339045287637698,0.9996724533245988,32.6399999999999,13,10
call_60ffdefc5f5a,human,train,19,28.03999999999997,0.9293450232078391,0.897410358565737,0.9636363636363636,30.049999999999926,17,12,0.9216962871722681,0.9100069492703267,0.9336898395721925,28.70999999999993,16,11,0.9205623901581722,0.9077989601386481,0.9336898395721925,28.779999999999916,16,11,0.9205623901581722,0.9077989601386481,0.9336898395721925,28.789999999999914,16,11,0.9293450232078391,0.897410358565737,0.9636363636363636,30.049999999999926,17,12,0.9205623901581722,0.9077989601386481,0.9336898395721925,28.779999999999916,16,11,0.9215341308937368,0.9096908648836401,0.9336898395721925,28.719999999999917,16,11
call_624a4731ab56,human,train,24,81.29999999999998,0.9084004452301447,0.9717047205490965,0.8528399311531841,71.3299999999999,23,26,0.8843281071260346,0.9768098706704326,0.807843619375461,67.18999999999996,22,22,0.8921555525858613,0.9771662763466042,0.8207523973444799,68.24999999999993,22,22,0.8941834154132836,0.9747533372025536,0.8259159085320875,68.85999999999989,23,22,0.9084004452301447,0.9717047205490965,0.8528399311531841,71.3299999999999,23,26,0.8921555525858613,0.9771662763466042,0.8207523973444799,68.24999999999993,22,22,0.8834545944489356,0.9771982116244411,0.8061224489795918,67.0399999999999,22,22
call_63a156c6b8d9,human,train,11,20.119999999999983,0.9474689589302769,0.9117647058823529,0.9860834990059643,21.709999999999972,10,9,0.9439229843561974,0.9150723285114326,0.9746520874751491,21.369999999999973,10,9,0.9474689589302769,0.9117647058823529,0.9860834990059643,21.709999999999972,10,9,0.9474689589302769,0.9117647058823529,0.9860834990059643,21.709999999999972,10,9,0.9474689589302769,0.9117647058823529,0.9860834990059643,21.709999999999972,10,9,0.9474689589302769,0.9117647058823529,0.9860834990059643,21.709999999999972,10,9,0.9481481481481482,0.9130234698573401,0.9860834990059643,21.689999999999976,10,9
call_64637c20ee66,human,val,38,55.300000000000026,0.8950971322849214,0.9175042670206713,0.8737583528986816,52.62999999999981,30,18,0.7792620865139949,0.9435173299101413,0.6637168141592921,38.87999999999991,19,13,0.8030350275439143,0.9458863858961802,0.6976702185298899,40.74999999999991,21,14,0.8214795190544121,0.9424830488660276,0.7280115586057432,42.66999999999984,23,14,0.8950971322849214,0.9175042670206713,0.8737583528986816,52.62999999999981,30,18,0.8030350275439143,0.9458863858961802,0.6976702185298899,40.74999999999991,21,14,0.802786152406695,0.945859872611465,0.6973090121004154,40.72999999999991,21,14
call_65a7cdefc22d,human,train,27,36.93999999999998,0.9250945775535939,0.866524923222301,0.9921558020016229,42.2799999999999,27,18,0.8207491082045184,0.9109204882876938,0.7468217473627266,30.28999999999995,18,12,0.8336272780717225,0.9127775989700676,0.7671084663240465,31.029999999999948,19,12,0.8351680610597387,0.9130295250320924,0.7695428725994049,31.12999999999995,19,12,0.9244845360824743,0.8828451882845189,0.9702461455233974,40.53999999999991,27,16,0.8307600950118765,0.920697597894044,0.7568298620503111,30.309999999999963,19,11,0.8173860549351042,0.9245476271765107,0.7324857992967271,29.219999999999946,19,10
call_6756c4a91509,synthetic,train,13,41.98000000000001,0.9701940850277264,0.9421135292797846,1.0,44.54999999999996,13,18,0.9709524360606411,0.9443944169293111,0.9990473922362467,44.39999999999996,13,18,0.9709658762290341,0.9439946018893387,0.9995236961181234,44.439999999999976,13,18,0.9707548260316726,0.9431716082659479,1.0,44.49999999999998,13,18,0.9701940850277264,0.9421135292797846,1.0,44.54999999999996,13,18,0.9709658762290341,0.9439946018893387,0.9995236961181234,44.439999999999976,13,18,0.9711905588337383,0.9444194419441945,0.9995236961181234,44.39999999999998,13,18
call_678ee1dd2242,human,val,15,49.11999999999997,0.9615306330144514,0.9615306330144514,0.9615306330144514,49.08999999999992,13,16,0.9615306330144514,0.9615306330144514,0.9615306330144514,49.08999999999992,13,16,0.9615306330144514,0.9615306330144514,0.9615306330144514,49.08999999999992,13,16,0.9615306330144514,0.9615306330144514,0.9615306330144514,49.08999999999992,13,16,0.9615306330144514,0.9615306330144514,0.9615306330144514,49.08999999999992,13,16,0.9615306330144514,0.9615306330144514,0.9615306330144514,49.08999999999992,13,16,0.9621181262729124,0.9627063378846545,0.9615306330144514,49.03999999999991,13,16
call_68544c09a58b,synthetic,train,7,11.999999999999982,0.9452971271153089,0.8962686567164179,1.0,13.389999999999969,7,6,0.9452971271153089,0.8962686567164179,1.0,13.389999999999969,7,6,0.9452971271153089,0.8962686567164179,1.0,13.389999999999969,7,6,0.9452971271153089,0.8962686567164179,1.0,13.389999999999969,7,6,0.9452971271153089,0.8962686567164179,1.0,13.389999999999969,7,6,0.9452971271153089,0.8962686567164179,1.0,13.389999999999969,7,6,0.9456692913385827,0.8969380134428678,1.0,13.369999999999973,7,6
call_6971b2685c1d,human,val,10,19.540000000000006,0.9439158738107161,0.9249263984298332,0.9637014314928425,20.340000000000003,9,8,0.9446254071661238,0.9262899262899262,0.9637014314928425,20.319999999999997,9,8,0.9439158738107161,0.9249263984298332,0.9637014314928425,20.340000000000003,9,8,0.9439158738107161,0.9249263984298332,0.9637014314928425,20.340000000000003,9,8,0.9439158738107161,0.9249263984298332,0.9637014314928425,20.340000000000003,9,8,0.9439158738107161,0.9249263984298332,0.9637014314928425,20.340000000000003,9,8,0.9443609022556391,0.9262536873156342,0.9631901840490797,20.299999999999994,9,8
call_6afd8cabf618,synthetic,train,11,33.46000000000001,0.9663732140279983,0.9349343758726613,1.0,35.77999999999992,11,9,0.9665127020785219,0.9351955307262569,1.0,35.76999999999992,11,9,0.9665127020785219,0.9351955307262569,1.0,35.76999999999992,11,9,0.9665127020785219,0.9351955307262569,1.0,35.76999999999992,11,9,0.9693109438332368,0.9404494382022472,1.0,35.559999999999945,11,9,0.9693109438332368,0.9404494382022472,1.0,35.559999999999945,11,9,0.9647783974170825,0.9483554529717253,0.9817801672640383,34.61999999999992,12,11
call_6b0cc9c966a1,human,train,17,37.67999999999998,0.9487179487179487,0.935741935483871,0.962058901565402,38.65999999999997,15,11,0.9238702673361379,0.9455555555555556,0.9031573361634386,35.93999999999997,12,11,0.9237449118046133,0.9452929741738406,0.9031573361634386,35.94999999999996,12,11,0.9288793103448276,0.9433652530779754,0.9148315202971611,36.48999999999996,13,11,0.9487179487179487,0.935741935483871,0.962058901565402,38.65999999999997,15,11,0.9237449118046133,0.9452929741738406,0.9031573361634386,35.94999999999996,12,11,0.9243720298710115,0.946607341490545,0.9031573361634386,35.88999999999997,12,11
call_6b31fbd81fc3,synthetic,train,34,37.67999999999999,0.677445578538524,0.5137690094533498,0.9941675503711559,72.7799999999999,56,28,0.71496002311916,0.5615070358601907,0.9838282078472959,65.8899999999999,50,26,0.7107833748324076,0.5563718140929536,0.9838282078472959,66.50999999999988,51,26,0.696612390043047,0.5383280300838877,0.986744432661718,68.92999999999992,53,26,0.9040079168728352,0.8474025974025974,0.9687168610816543,43.00999999999989,31,16,0.8962050766524252,0.851887243191591,0.9453870625662778,41.749999999999915,30,15,0.7730886850152905,0.9132947976878613,0.6702014846235419,27.61999999999993,19,10
call_6b6499e4474f,synthetic,train,8,38.739999999999995,0.9776422764227642,0.9627220415311484,0.9930322580645161,39.949999999999974,11,12,0.9728274801332991,0.9663865546218487,0.9793548387096774,39.24999999999999,10,12,0.972959118287838,0.9663951120162932,0.9796129032258064,39.25999999999999,10,12,0.9791295495036905,0.9658548832538287,0.9927741935483871,39.809999999999974,11,12,0.9776422764227642,0.9627220415311484,0.9930322580645161,39.949999999999974,11,12,0.972959118287838,0.9663951120162932,0.9796129032258064,39.25999999999999,10,12,0.9729452493909475,0.9668705402650357,0.9790967741935483,39.219999999999985,10,12
call_6c8d4490f8d7,synthetic,val,8,44.279999999999966,0.9809143364403018,0.9644337770019638,0.9979679385865884,45.809999999999974,9,13,0.9770616537988139,0.9685004436557232,0.9857755701061187,45.059999999999974,9,12,0.9770616537988139,0.9685004436557232,0.9857755701061187,45.059999999999974,9,12,0.9808676307007786,0.9666739750054812,0.9954843079701964,45.58999999999995,10,12,0.9809143364403018,0.9644337770019638,0.9979679385865884,45.809999999999974,9,13,0.9770616537988139,0.9685004436557232,0.9857755701061187,45.059999999999974,9,12,0.9772803581421377,0.9689303151353751,0.9857755701061187,45.039999999999964,9,12
call_6d88a2e95795,human,train,43,48.419999999999966,0.8595662443633241,0.8973324366733916,0.8248506078714197,44.45999999999998,31,18,0.7295457358583983,0.9135151890886547,0.6072532454152071,32.199999999999974,19,13,0.7302176063303659,0.9128284389489953,0.6084895940655265,32.28999999999999,19,13,0.7459116426653649,0.9146961987428913,0.6297135792293427,33.349999999999966,20,14,0.8595662443633241,0.8973324366733916,0.8248506078714197,44.45999999999998,31,18,0.7302176063303659,0.9128284389489953,0.6084895940655265,32.28999999999999,19,13,0.724684729679111,0.9195183776932826,0.5979806305378117,31.489999999999988,18,12
call_6dfa70c50ea5,synthetic,train,24,41.47999999999998,0.7800376647834275,0.6402844334518473,0.9978318477475308,64.5599999999998,38,23,0.7991465425273979,0.6688311688311688,0.9925319200192725,61.47999999999982,36,20,0.7969052224371374,0.6656972047180482,0.9925319200192725,61.769999999999825,36,21,0.7891778603410499,0.6526946107784432,0.9978318477475308,63.359999999999786,36,22,0.9399614118715243,0.8886266094420601,0.9975909419417008,46.51999999999987,25,16,0.9376353893512712,0.8900432900432901,0.9906046735726332,46.12999999999987,25,16,0.8804709495776811,0.9391209391209391,0.8287159720549265,36.559999999999945,16,12
call_6e83cb807322,human,train,16,49.23999999999998,0.9683419074000792,0.9444230027016596,0.9935038570848559,51.769999999999904,15,16,0.96321608040201,0.9538216560509554,0.9727974015428339,50.16999999999992,14,15,0.9632234726688103,0.9536410664544369,0.9730004060089322,50.199999999999925,14,15,0.9632530120481928,0.9529201430274136,0.9738124238733252,50.279999999999966,14,15,0.9683419074000792,0.9444230027016596,0.9935038570848559,51.769999999999904,15,16,0.9632234726688103,0.9536410664544369,0.9730004060089322,50.199999999999925,14,15,0.9632234726688103,0.9536410664544369,0.9730004060089322,50.199999999999925,14,15
call_70101b573bb2,synthetic,train,25,46.260000000000026,0.9483220094708668,0.90633608815427,0.9943868739205527,50.75999999999986,24,20,0.9507689132005367,0.9108166897369983,0.9943868739205527,50.519999999999854,24,19,0.9501805054151624,0.909737309895319,0.9943868739205527,50.589999999999854,24,20,0.949592825481909,0.9086604853028211,0.9943868739205527,50.64999999999985,24,20,0.9483220094708668,0.90633608815427,0.9943868739205527,50.75999999999986,24,20,0.9501805054151624,0.909737309895319,0.9943868739205527,50.589999999999854,24,20,0.9511515026334814,0.911700653335973,0.9941709844559585,50.459999999999866,24,20
call_70de89818ee5,synthetic,train,26,54.32000000000002,0.9499736703528173,0.9083585095669687,0.9955849889624724,59.519999999999875,24,23,0.9509752240379546,0.9101917255297679,0.9955849889624724,59.399999999999885,24,23,0.9505576534644771,0.9094269870609981,0.9955849889624724,59.44999999999988,24,23,0.9503072870939421,0.9089687604971448,0.9955849889624724,59.47999999999987,24,23,0.9523977122745271,0.9128014842300557,0.9955849889624724,59.21999999999985,24,23,0.9527330340639029,0.9134177215189874,0.9955849889624724,59.17999999999984,24,23,0.9554670208056663,0.9209762758149855,0.9926416482707874,58.519999999999875,26,24
call_716d56beca2a,human,train,32,52.85999999999993,0.9213142694820566,0.922449753507774,0.9201815774541328,52.649999999999885,28,16,0.8183167267330931,0.930793344586448,0.7300926801588803,41.389999999999944,24,12,0.8243712511838367,0.9290796963946869,0.740873841498014,42.09999999999993,24,12,0.8305988086529418,0.9280709948622139,0.7516550028371477,42.74999999999994,24,12,0.9213142694820566,0.922449753507774,0.9201815774541328,52.649999999999885,28,16,0.8243712511838367,0.9290796963946869,0.740873841498014,42.09999999999993,24,12,0.8244210526315789,0.9295039164490861,0.7406846983166256,42.069999999999936,24,12
call_71fec5a6b017,synthetic,train,12,24.020000000000028,0.9544822102961638,0.9139703083365055,0.9987520798668885,26.249999999999954,12,10,0.9564696485623003,0.9197388632872504,0.9962562396006656,26.019999999999957,12,10,0.9564696485623003,0.9197388632872504,0.9962562396006656,26.019999999999957,12,10,0.9553250897487037,0.9176245210727969,0.9962562396006656,26.059999999999956,12,10,0.9544822102961638,0.9139703083365055,0.9987520798668885,26.249999999999954,12,10,0.9564696485623003,0.9197388632872504,0.9962562396006656,26.019999999999957,12,10,0.9568517778665602,0.920445810914681,0.9962562396006656,25.999999999999954,12,10
call_743448b8a861,synthetic,val,13,26.36,0.9513162639740353,0.9071526822558459,1.0,29.059999999999928,13,12,0.9610200364298725,0.9249649368863955,1.0,28.489999999999924,13,10,0.9601455868971792,0.9233461673083654,1.0,28.53999999999992,13,10,0.9592727272727273,0.9217330538085255,1.0,28.589999999999904,13,10,0.9513162639740353,0.9071526822558459,1.0,29.059999999999928,13,12,0.9601455868971792,0.9233461673083654,1.0,28.53999999999992,13,10,0.9603203494721514,0.9236694677871149,1.0,28.529999999999916,13,10
call_74b20933dd43,human,val,32,44.24000000000001,0.8715650430475292,0.9118953603158934,0.8346510051953919,40.45999999999985,24,13,0.8267438932258877,0.9339971550497866,0.7415857239665687,35.109999999999864,17,12,0.8275254749025035,0.9338444065871664,0.7429410435961148,35.16999999999989,17,12,0.8288582183186951,0.9322607959356477,0.7461034560650553,35.3899999999999,17,12,0.8715650430475292,0.9118953603158934,0.8346510051953919,40.45999999999985,24,13,0.8275254749025035,0.9338444065871664,0.7429410435961148,35.16999999999989,17,12,0.821785940468651,0.9354094579008074,0.73277614637452,34.629999999999875,18,11
call_750153d8eb40,human,train,26,38.11999999999999,0.7521451819706085,0.6027505532722099,1.0,63.18999999999985,29,22,0.7968099035829068,0.7295117698343505,0.8777865198006819,45.829999999999856,25,17,0.8177808727948004,0.7334998958983968,0.9239444007343299,47.96999999999987,27,17,0.8131318868567534,0.7172344689378758,0.9386309992132179,49.80999999999987,26,18,0.9270820481184454,0.875349487418453,0.985313401521112,42.85999999999989,25,18,0.8928664072632945,0.8832435206569156,0.9027012850773669,38.909999999999904,25,16,0.8303747534516766,0.8971080669710807,0.7728822449514817,32.76999999999991,22,15
call_7519d635bbbb,synthetic,train,14,29.240000000000002,0.9583743035070469,0.920075519194462,1.0,31.719999999999928,14,11,0.9553128103277061,0.9255933290570879,0.9870041039671683,31.10999999999993,13,11,0.9596324253363965,0.922397476340694,1.0,31.619999999999933,14,11,0.9594749794913864,0.9221065909807632,1.0,31.63999999999993,14,11,0.9583743035070469,0.920075519194462,1.0,31.719999999999928,14,11,0.9596324253363965,0.922397476340694,1.0,31.619999999999933,14,11,0.959789922862301,0.9226885452824235,1.0,31.60999999999993,14,11
call_7601ac7d4fbf,synthetic,train,10,50.19999999999996,0.9768672809253087,0.9617834394904459,0.9924317864967138,51.77999999999993,12,16,0.9775380088278568,0.9630846540394279,0.9924317864967138,51.70999999999993,12,16,0.9774421341702628,0.9628985507246377,0.9924317864967138,51.71999999999993,12,16,0.9773462783171522,0.9627125193199382,0.9924317864967138,51.72999999999993,12,16,0.9768672809253087,0.9617834394904459,0.9924317864967138,51.77999999999993,12,16,0.9774421341702628,0.9628985507246377,0.9924317864967138,51.71999999999993,12,16,0.9777298145786324,0.9634570765661253,0.9924317864967138,51.68999999999993,12,16
call_76856257e3ef,synthetic,train,13,19.679999999999986,0.9392423159399571,0.8854447439353099,1.0,22.190000000000047,13,8,0.9450707603741905,0.8962693357597816,0.9994926433282597,21.910000000000046,13,8,0.9439386679444178,0.8942351339083069,0.9994926433282597,21.950000000000053,13,8,0.9439386679444178,0.8942351339083069,0.9994926433282597,21.97000000000005,13,8,0.9392423159399571,0.8854447439353099,1.0,22.190000000000047,13,8,0.9439386679444178,0.8942351339083069,0.9994926433282597,21.950000000000053,13,8,0.9441648693985143,0.8946412352406903,0.9994926433282597,21.900000000000055,13,8
call_7744ab92baa3,human,train,44,51.67999999999995,0.9027335071959819,0.9026463202627004,0.9028207109737248,51.70999999999993,30,20,0.8145494028230185,0.929846306395637,0.7246908809891809,40.31999999999994,18,15,0.8197605436306763,0.927960927960928,0.7341576506955177,40.929999999999964,18,15,0.8425388108564791,0.929187048683904,0.7706723338485317,42.88999999999995,21,15,0.9027335071959819,0.9026463202627004,0.9028207109737248,51.70999999999993,30,20,0.8197605436306763,0.927960927960928,0.7341576506955177,40.929999999999964,18,15,0.8204019883293711,0.9308484551250613,0.7333848531684699,40.74999999999997,18,15
call_794031bf2233,synthetic,train,40,31.91999999999998,0.605475040257649,0.4341801385681293,1.0,73.47999999999963,55,27,0.6309701864592682,0.46304697790136107,0.9899874843554443,68.22999999999968,50,26,0.6214278699793774,0.45284099041076287,0.9899874843554443,69.75999999999969,52,26,0.6118147539398627,0.4427032321253673,0.9899874843554443,71.35999999999963,54,26,0.8459712330680073,0.7639344262295082,0.9477471839799749,39.57999999999974,36,15,0.836911701976397,0.7670054730258014,0.9208385481852316,38.30999999999973,34,15,0.5309267004182259,0.8953229398663697,0.37734668335419275,13.43999999999983,19,0
call_7a250598cb8b,synthetic,train,21,38.60000000000001,0.9397324168405548,0.8933488914819137,0.9911962713619886,42.76999999999988,20,16,0.9401940316836547,0.8941836019621584,0.9911962713619886,42.729999999999876,20,16,0.939963167587477,0.8937660518328274,0.9911962713619886,42.749999999999886,20,16,0.939847778050577,0.8935574229691877,0.9911962713619886,42.75999999999988,20,16,0.9421836228287841,0.9044783230109577,0.9831693423096841,41.90999999999991,20,17,0.9423005335649585,0.9046938289254229,0.9831693423096841,41.89999999999992,20,17,0.9426576913487908,0.9088942307692308,0.979026411185914,41.54999999999988,20,17
call_7a345e2b0f37,synthetic,train,11,29.440000000000005,0.9602104570864847,0.9305289993626513,0.9918478260869565,31.33999999999997,10,10,0.9602104570864847,0.9305289993626513,0.9918478260869565,31.33999999999997,10,10,0.9602104570864847,0.9305289993626513,0.9918478260869565,31.33999999999997,10,10,0.9602104570864847,0.9305289993626513,0.9918478260869565,31.33999999999997,10,10,0.9594460929772503,0.9320948110185778,0.9884510869565217,31.189999999999955,11,10,0.9594460929772503,0.9320948110185778,0.9884510869565217,31.189999999999955,11,10,0.9605415222057124,0.934468358496627,0.9881114130434783,31.099999999999945,11,10
call_7ae75e4aa32f,synthetic,train,27,62.63999999999997,0.9587257829849146,0.9218082756589604,0.9987236758136566,67.81999999999987,27,23,0.9592510168060778,0.9241460890137513,0.9971282705807275,67.54999999999986,27,23,0.9592399632240269,0.9227594339622641,0.9987236758136566,67.74999999999989,27,23,0.9591664751398146,0.922623434045689,0.9987236758136566,67.75999999999988,27,23,0.9587257829849146,0.9218082756589604,0.9987236758136566,67.81999999999987,27,23,0.9592399632240269,0.9227594339622641,0.9987236758136566,67.74999999999989,27,23,0.9584100675260896,0.923270254287404,0.9963305679642629,67.55999999999986,28,24
call_7b14e69a57bd,synthetic,train,17,10.140000000000033,0.42361255456246105,0.26872362869198313,1.0,37.82999999999995,27,16,0.4257981018119068,0.2728780757533868,0.9685966633954858,36.07999999999995,27,15,0.4255227419702522,0.27265193370165747,0.9685966633954858,36.09999999999995,27,15,0.4280613316530141,0.27231427044361306,1.0,37.31999999999995,28,15,0.7368421052631579,0.6026200873362445,0.9479882237487733,15.939999999999948,18,7,0.7006420545746388,0.5926680244399185,0.8567222767419038,14.639999999999947,17,7,0.4695290858725762,0.7976470588235294,0.3326790971540726,4.219999999999987,6,1
call_7b1e73c133f8,synthetic,val,11,22.74000000000001,0.9532592747851604,0.9106928313976772,1.0,24.939999999999973,11,10,0.9443852546345621,0.9160810252170318,0.9744942832014072,24.159999999999986,10,10,0.9443852546345621,0.9160810252170318,0.9744942832014072,24.159999999999986,10,10,0.9568693456764149,0.9173053650665591,1.0,24.759999999999966,11,10,0.9532592747851604,0.9106928313976772,1.0,24.939999999999973,11,10,0.9443852546345621,0.9160810252170318,0.9744942832014072,24.159999999999986,10,10,0.9445865302642796,0.9164598842018197,0.9744942832014072,24.149999999999988,10,10
call_7d4f3b80384e,synthetic,train,8,35.6,0.9768794129862938,0.963407973784817,0.9907329401853412,36.59999999999997,8,12,0.9768794129862938,0.963407973784817,0.9907329401853412,36.59999999999997,8,12,0.9768794129862938,0.963407973784817,0.9907329401853412,36.59999999999997,8,12,0.9768794129862938,0.963407973784817,0.9907329401853412,36.59999999999997,8,12,0.9768794129862938,0.963407973784817,0.9907329401853412,36.59999999999997,8,12,0.9768794129862938,0.963407973784817,0.9907329401853412,36.59999999999997,8,12,0.9771436487048067,0.9641880809185347,0.9904521201909576,36.55999999999996,8,12
call_7d5b26105bb5,synthetic,train,9,32.06,0.9758557457212714,0.9565608148591971,0.9959451029320024,33.349999999999945,9,10,0.9758557457212714,0.9565608148591971,0.9959451029320024,33.349999999999945,9,10,0.9758557457212714,0.9565608148591971,0.9959451029320024,33.349999999999945,9,10,0.9758557457212714,0.9565608148591971,0.9959451029320024,33.349999999999945,9,10,0.9758557457212714,0.9565608148591971,0.9959451029320024,33.349999999999945,9,10,0.9758557457212714,0.9565608148591971,0.9959451029320024,33.349999999999945,9,10,0.9758557457212714,0.9565608148591971,0.9959451029320024,33.349999999999945,9,10
call_7f82debeb19b,human,train,16,29.500000000000014,0.949323773830862,0.9145996860282575,0.9867886178861789,31.799999999999933,15,11,0.9346012679346013,0.92077580539119,0.9488482384823849,30.379999999999953,13,11,0.9446457990115321,0.9194996792815907,0.9712059620596206,31.139999999999954,14,11,0.944819634327129,0.9195254889387624,0.9715447154471545,31.149999999999956,14,11,0.949323773830862,0.9145996860282575,0.9867886178861789,31.799999999999933,15,11,0.9446457990115321,0.9194996792815907,0.9712059620596206,31.139999999999954,14,11,0.9451129058842921,0.9203852327447833,0.9712059620596206,31.109999999999943,14,11
call_802282383eb2,synthetic,train,8,26.78000000000003,0.9706521739130435,0.9429778247096093,1.0,28.38999999999997,8,11,0.9706521739130435,0.9429778247096093,1.0,28.37999999999997,8,11,0.9706521739130435,0.9429778247096093,1.0,28.38999999999997,8,11,0.9706521739130435,0.9429778247096093,1.0,28.38999999999997,8,11,0.9706521739130435,0.9429778247096093,1.0,28.38999999999997,8,11,0.9706521739130435,0.9429778247096093,1.0,28.38999999999997,8,11,0.9708280485595217,0.9433098591549296,1.0,28.379999999999963,8,11
call_810c24005ecc,synthetic,val,17,30.000000000000014,0.939595192915876,0.8940716220282877,0.9900033322225925,33.159999999999926,16,12,0.9413814955640051,0.8973119903352461,0.9900033322225925,33.039999999999935,16,12,0.9409342834520982,0.8964996982498491,0.9900033322225925,33.069999999999936,16,12,0.9404874960430516,0.8956888754899005,0.9900033322225925,33.09999999999992,16,12,0.9391665336100911,0.901594114040466,0.9800066644451849,32.53999999999995,17,12,0.9398976982097187,0.9032258064516129,0.979673442185938,32.48999999999995,17,12,0.9334628460417679,0.9077455919395466,0.9606797734088637,31.69999999999994,17,12
call_810e3066a7b4,synthetic,val,13,25.239999999999988,0.9516034985422741,0.935064935064935,0.9687376335575781,26.149999999999956,14,8,0.9522317932654659,0.9422704378148005,0.9624060150375939,25.769999999999964,14,8,0.9513006062976725,0.9404485692188709,0.9624060150375939,25.81999999999996,14,8,0.9515246286161063,0.9401313248358439,0.963197467352592,25.839999999999964,14,8,0.9516034985422741,0.935064935064935,0.9687376335575781,26.149999999999956,14,8,0.9513006062976725,0.9404485692188709,0.9624060150375939,25.81999999999996,14,8,0.9508902367442771,0.9404024767801857,0.9616145627225959,25.789999999999964,14,8
call_81b12145be34,synthetic,train,16,29.080000000000005,0.9458924447377103,0.9098698825769597,0.9848849192717279,31.43999999999997,17,13,0.9532834580216126,0.9236469072164949,0.9848849192717279,30.979999999999954,17,13,0.9523334994187012,0.9218649517684887,0.9848849192717279,31.039999999999957,17,13,0.951859229747676,0.920976549951815,0.9848849192717279,31.079999999999956,17,13,0.9458924447377103,0.9098698825769597,0.9848849192717279,31.43999999999997,17,13,0.9523334994187012,0.9218649517684887,0.9848849192717279,31.039999999999957,17,13,0.952966594648496,0.9230521571152608,0.9848849192717279,30.989999999999966,17,13
call_81b98c77cf99,human,train,16,44.30000000000001,0.9638793770020988,0.9445767482138991,0.9839873703202526,46.139999999999944,16,15,0.9645107794361526,0.9459986987638256,0.9837618403247632,46.06999999999993,16,15,0.9643054481158139,0.9453954496208017,0.9839873703202526,46.099999999999945,16,15,0.9643054481158139,0.9453954496208017,0.9839873703202526,46.099999999999945,16,15,0.9638793770020988,0.9445767482138991,0.9839873703202526,46.139999999999944,16,15,0.9643054481158139,0.9453954496208017,0.9839873703202526,46.099999999999945,16,15,0.9648307896483079,0.9466145833333334,0.9837618403247632,46.019999999999946,16,15
call_850d796d23a7,synthetic,train,13,36.240000000000016,0.9634997316156736,0.9383167799268165,0.9900717043574186,38.16999999999993,15,14,0.9639978506179473,0.9397590361445783,0.9895201323772752,38.09999999999992,15,14,0.963758389261745,0.9388075313807531,0.9900717043574186,38.149999999999935,15,14,0.9634997316156736,0.9383167799268165,0.9900717043574186,38.16999999999993,15,14,0.9634997316156736,0.9383167799268165,0.9900717043574186,38.16999999999993,15,14,0.963758389261745,0.9388075313807531,0.9900717043574186,38.149999999999935,15,14,0.965034965034965,0.9417322834645669,0.9895201323772752,38.00999999999994,15,14
call_8570ae0e7d61,synthetic,train,14,63.74000000000003,0.9758535835127653,0.9571579423744154,0.9952941176470588,66.24999999999999,17,22,0.9728685166576486,0.9590064004876562,0.9871372549019608,65.57999999999998,17,22,0.9727933219972175,0.9588602773122048,0.9871372549019608,65.58999999999999,17,22,0.9760787631720637,0.9575913069725325,0.9952941176470588,66.21999999999998,17,22,0.9758535835127653,0.9571579423744154,0.9952941176470588,66.24999999999999,17,22,0.9727933219972175,0.9588602773122048,0.9871372549019608,65.58999999999999,17,22,0.9729437229437229,0.9591525682060662,0.9871372549019608,65.57999999999998,17,22
call_8834a90f11cd,human,train,10,30.22,0.9684547638110489,0.9388388699161752,1.0,32.16999999999992,10,10,0.9684547638110489,0.9388388699161752,1.0,32.16999999999992,10,10,0.9684547638110489,0.9388388699161752,1.0,32.16999999999992,10,10,0.9684547638110489,0.9388388699161752,1.0,32.16999999999992,10,10,0.9684547638110489,0.9388388699161752,1.0,32.16999999999992,10,10,0.9684547638110489,0.9388388699161752,1.0,32.16999999999992,10,10,0.9696969696969697,0.9411764705882353,1.0,32.08999999999992,10,10
call_8893de2fe204,synthetic,train,8,61.97999999999999,0.9878884462151395,0.9760667611399779,1.0,63.47999999999996,8,17,0.9879016104478808,0.9813753581661891,0.9945152443942571,62.809999999999945,7,17,0.9879016104478808,0.9813753581661891,0.9945152443942571,62.809999999999945,7,17,0.987822464348662,0.9812191628203087,0.9945152443942571,62.819999999999936,7,17,0.9878884462151395,0.9760667611399779,1.0,63.47999999999996,8,17,0.9879016104478808,0.9813753581661891,0.9945152443942571,62.809999999999945,7,17,0.98821832171195,0.9820006371455877,0.9945152443942571,62.74999999999996,7,17
call_88cd54e1e505,synthetic,train,9,30.760000000000005,0.9687650168188371,0.9554502369668246,0.9824561403508771,31.62999999999998,7,10,0.969386119570444,0.9566592850363809,0.9824561403508771,31.589999999999982,7,10,0.969386119570444,0.9566592850363809,0.9824561403508771,31.589999999999982,7,10,0.9692307692307692,0.9563567362428842,0.9824561403508771,31.59999999999998,7,10,0.9687650168188371,0.9554502369668246,0.9824561403508771,31.62999999999998,7,10,0.969386119570444,0.9566592850363809,0.9824561403508771,31.589999999999982,7,10,0.969386119570444,0.9566592850363809,0.9824561403508771,31.589999999999982,7,10
call_88d7858b7921,synthetic,train,8,50.46000000000002,0.9851707317073171,0.9707748509901942,1.0,51.98999999999997,8,16,0.9861328125,0.9726449624349837,1.0,51.88999999999997,8,16,0.9860365198711063,0.972457627118644,1.0,51.89999999999998,8,16,0.9859402460456942,0.9722703639514731,1.0,51.90999999999997,8,16,0.9851707317073171,0.9707748509901942,1.0,51.98999999999997,8,16,0.9860365198711063,0.972457627118644,1.0,51.89999999999998,8,16,0.9861328125,0.9726449624349837,1.0,51.88999999999997,8,16
call_893d552b156a,human,train,16,37.63999999999998,0.9513513513513514,0.9445026178010472,0.9583001328021248,38.13999999999997,17,14,0.9494329553035357,0.953887399463807,0.9450199203187251,37.24999999999997,16,14,0.9497132186207816,0.9539121114683816,0.9455511288180611,37.26999999999998,16,14,0.9497132186207816,0.9539121114683816,0.9455511288180611,37.26999999999998,16,14,0.9513513513513514,0.9445026178010472,0.9583001328021248,38.13999999999997,17,14,0.9497132186207816,0.9539121114683816,0.9455511288180611,37.26999999999998,16,14,0.9504739020157522,0.9554482018250134,0.9455511288180611,37.229999999999976,16,14
call_8a3996f823e4,human,train,17,43.40000000000007,0.9566404916353705,0.9461954074741108,0.9673187571921749,44.369999999999905,14,15,0.9424912689173458,0.9535924617196702,0.9316455696202531,42.41999999999991,12,15,0.9478672985781991,0.9521597770552717,0.9436133486766398,43.00999999999989,13,15,0.9473319473319474,0.9508462786923255,0.943843498273878,43.07999999999992,13,15,0.9566404916353705,0.9461954074741108,0.9673187571921749,44.369999999999905,14,15,0.9478672985781991,0.9521597770552717,0.9436133486766398,43.00999999999989,13,15,0.9490504863362668,0.9550221393614542,0.9431530494821634,42.86999999999989,13,15
call_8a570a10920b,synthetic,train,14,58.19999999999998,0.9765959231608087,0.9542622950819672,1.0,60.95999999999995,14,19,0.9769211260461578,0.9617177097203728,0.9926129531008417,60.05999999999993,14,20,0.977286160601199,0.9609764197940883,0.9941590791960144,60.189999999999955,13,19,0.9768737339635382,0.960179193628671,0.9941590791960144,60.230000000000004,13,19,0.9765959231608087,0.9542622950819672,1.0,60.95999999999995,14,19,0.977286160601199,0.9609764197940883,0.9941590791960144,60.189999999999955,13,19,0.9774512287813529,0.9612956810631229,0.9941590791960144,60.179999999999936,13,19
call_8a61615c9927,human,train,35,41.19999999999996,0.9082024432809773,0.8731543624161073,0.9461818181818182,44.59999999999987,32,17,0.849248790425261,0.8943416465540359,0.8084848484848485,37.21999999999989,24,15,0.8586150559256001,0.8914405010438413,0.8281212121212121,38.2399999999999,26,15,0.873312693498452,0.8926582278481012,0.8547878787878788,39.40999999999991,28,15,0.9082024432809773,0.8731543624161073,0.9461818181818182,44.59999999999987,32,17,0.8586150559256001,0.8914405010438413,0.8281212121212121,38.2399999999999,26,15,0.8524382520582647,0.8925729442970822,0.8157575757575758,37.61999999999989,26,14
call_8a9391c1823b,human,train,30,52.360000000000035,0.9402930402930403,0.9038732394366197,0.9797709923664122,56.749999999999815,29,20,0.8523799538687356,0.945788738948348,0.7757633587786259,42.949999999999946,16,15,0.8583932478899656,0.9453752582051871,0.7860687022900763,43.52999999999997,17,15,0.8653567735263702,0.944469525959368,0.7984732824427481,44.249999999999964,18,15,0.942452656738371,0.9091876551968783,0.9782442748091603,56.31999999999981,29,20,0.8601880877742947,0.9505773672055428,0.7854961832061069,43.25999999999996,17,15,0.8465146024301855,0.9587155963302753,0.757824427480916,41.38999999999997,15,14
call_8ade6f74aa33,synthetic,train,17,34.28000000000002,0.9566680689945309,0.9221411192214112,0.9938811188811189,36.91999999999996,18,15,0.9577425242173242,0.9241397995123273,0.9938811188811189,36.85999999999996,18,15,0.9573393207970811,0.923389279913373,0.9938811188811189,36.87999999999995,18,15,0.9573393207970811,0.923389279913373,0.9938811188811189,36.87999999999995,18,15,0.9566680689945309,0.9221411192214112,0.9938811188811189,36.91999999999996,18,15,0.9573393207970811,0.923389279913373,0.9938811188811189,36.87999999999995,18,15,0.9576080853453116,0.9238894907908992,0.9938811188811189,36.849999999999966,18,15
call_8ae3fce602f3,synthetic,train,16,28.279999999999994,0.9476704929101958,0.9069466882067851,0.9922234004948746,30.91999999999993,15,13,0.9467796610169491,0.909475740801042,0.9872746553552492,30.689999999999927,15,13,0.9475287745429926,0.9090613835660929,0.9893955461293743,30.75999999999992,15,13,0.9477068877982738,0.9090909090909091,0.9897490279250618,30.769999999999925,15,13,0.9476704929101958,0.9069466882067851,0.9922234004948746,30.91999999999993,15,13,0.9475287745429926,0.9090613835660929,0.9893955461293743,30.75999999999992,15,13,0.9480101608806096,0.9099479843953185,0.9893955461293743,30.739999999999917,15,13
call_8c2ebe3761bb,synthetic,train,10,42.58000000000001,0.9794276519940237,0.9596846846846847,1.0,44.36999999999997,10,12,0.9797235023041475,0.9622086444897036,0.9978878197606196,44.15999999999996,10,12,0.9798456754577911,0.9620081411126187,0.9983571931471485,44.17999999999997,10,12,0.9802162410858063,0.9612000902323483,1.0,44.28999999999997,10,12,0.9794276519940237,0.9596846846846847,1.0,44.36999999999997,10,12,0.9798456754577911,0.9620081411126187,0.9983571931471485,44.17999999999997,10,12,0.9798456754577911,0.9620081411126187,0.9983571931471485,44.16999999999997,10,12
call_8c6b33721067,synthetic,train,9,65.4,0.9882921670821059,0.9768553083470211,1.0,66.94999999999997,9,18,0.9885614726157109,0.9798768583871452,0.9974014062977683,66.56999999999996,9,18,0.9885614726157109,0.9798768583871452,0.9974014062977683,66.57999999999997,9,18,0.9885614726157109,0.9798768583871452,0.9974014062977683,66.57999999999997,9,18,0.9882921670821059,0.9768553083470211,1.0,66.94999999999997,9,18,0.9885614726157109,0.9798768583871452,0.9974014062977683,66.57999999999997,9,18,0.9888611047965447,0.980465815176559,0.9974014062977683,66.51999999999997,9,18
call_8cafd2754e55,synthetic,val,15,45.52000000000004,0.9636998624193036,0.9299428104575164,1.0,48.92999999999995,13,15,0.9639038848311633,0.9303228442991418,1.0,48.919999999999945,13,15,0.9636998624193036,0.9299428104575164,1.0,48.92999999999995,13,15,0.9636998624193036,0.9299428104575164,1.0,48.92999999999995,13,15,0.9645510507323286,0.9332511809406449,0.9980232813529542,48.649999999999956,14,16,0.9645510507323286,0.9332511809406449,0.9980232813529542,48.649999999999956,14,16,0.9676251331203408,0.9392185238784371,0.9978036459477267,48.34999999999994,16,17
call_8d3ea77f4bb4,synthetic,train,16,26.04000000000002,0.9424291644107562,0.8911262798634813,1.0,29.209999999999944,16,11,0.9370295575546173,0.8998589562764457,0.9774032937571812,28.26999999999996,15,11,0.9370295575546173,0.8998589562764457,0.9774032937571812,28.26999999999996,15,11,0.9372246696035242,0.899894254494184,0.9777862887782459,28.27999999999995,15,11,0.9424291644107562,0.8911262798634813,1.0,29.209999999999944,16,11,0.9370295575546173,0.8998589562764457,0.9774032937571812,28.26999999999996,15,11,0.9377181701267683,0.9011299435028248,0.9774032937571812,28.239999999999966,15,11
call_8d6cd93e02b8,human,train,15,32.94000000000001,0.9545655050727834,0.9263698630136986,0.9845313921747043,35.019999999999904,15,12,0.9346504559270516,0.9366433140420347,0.9326660600545951,32.80999999999995,12,12,0.934508433368789,0.9363580998781973,0.9326660600545951,32.81999999999994,12,12,0.934508433368789,0.9363580998781973,0.9326660600545951,32.81999999999994,12,12,0.9545655050727834,0.9263698630136986,0.9845313921747043,35.019999999999904,15,12,0.934508433368789,0.9363580998781973,0.9326660600545951,32.81999999999994,12,12,0.9297197978870004,0.9387755102040817,0.9208371246587808,32.31999999999994,12,11
call_8d75a71e6126,synthetic,val,12,45.45999999999998,0.9747052518756699,0.9506585824796153,1.0,47.80999999999991,12,14,0.9750187627318537,0.951255230125523,1.0,47.76999999999991,12,14,0.9750187627318537,0.951255230125523,1.0,47.76999999999991,12,14,0.9750187627318537,0.951255230125523,1.0,47.76999999999991,12,14,0.9747052518756699,0.9506585824796153,1.0,47.80999999999991,12,14,0.9750187627318537,0.951255230125523,1.0,47.76999999999991,12,14,0.9753324753324754,0.9518526271718651,1.0,47.74999999999991,12,14
call_8da8b9947630,human,val,14,30.500000000000036,0.9466537342386033,0.9339712918660287,0.95968534906588,31.319999999999926,12,11,0.9452997052079921,0.9446808510638298,0.9459193706981318,30.519999999999925,11,11,0.9448354886233427,0.9437540876389797,0.9459193706981318,30.549999999999926,11,11,0.9446808510638298,0.9434455704478588,0.9459193706981318,30.559999999999924,11,11,0.9466537342386033,0.9339712918660287,0.95968534906588,31.319999999999926,12,11,0.9448354886233427,0.9437540876389797,0.9459193706981318,30.549999999999926,11,11,0.945144915670542,0.944371727748691,0.9459193706981318,30.529999999999944,11,11
call_8e6c9fa78a21,synthetic,train,10,31.100000000000055,0.9720705258230613,0.945658773527626,1.0,32.939999999999884,10,11,0.9730997810447294,0.9487648673376029,0.9987158908507223,32.7799999999999,10,10,0.9729476153244723,0.9484756097560976,0.9987158908507223,32.78999999999989,10,10,0.9729476153244723,0.9484756097560976,0.9987158908507223,32.78999999999989,10,10,0.9720705258230613,0.945658773527626,1.0,32.939999999999884,10,11,0.9729476153244723,0.9484756097560976,0.9987158908507223,32.78999999999989,10,10,0.9735565639180097,0.9496336996336996,0.9987158908507223,32.7499999999999,10,10
call_8ed994ce484f,synthetic,train,12,46.060000000000024,0.9726114649681529,0.9523908523908524,0.9937093275488069,48.040000000000006,11,14,0.9728516460025652,0.9589127686472819,0.9872017353579176,47.429999999999964,10,13,0.9721243191284845,0.9575005259835893,0.9872017353579176,47.49999999999996,10,14,0.9719167111585691,0.9570977917981073,0.9872017353579176,47.50999999999998,10,14,0.9726114649681529,0.9523908523908524,0.9937093275488069,48.040000000000006,11,14,0.9721243191284845,0.9575005259835893,0.9872017353579176,47.49999999999996,10,14,0.9722281563768426,0.9577020202020202,0.9872017353579176,47.48999999999997,10,14
call_8ee1e10130a2,synthetic,train,11,36.90000000000002,0.9734933403666095,0.9483556012332991,1.0,38.89999999999992,11,13,0.9756810631229236,0.9574856546687532,0.9945814142508805,38.31999999999992,11,12,0.9759787657597877,0.9565556711758585,0.9962069899756164,38.419999999999916,11,12,0.9758620689655172,0.9558326838139777,0.9967488485505284,38.469999999999914,11,12,0.9734933403666095,0.9483556012332991,1.0,38.89999999999992,11,13,0.9759787657597877,0.9565556711758585,0.9962069899756164,38.419999999999916,11,12,0.9767565413733563,0.9580510682647212,0.9962069899756164,38.359999999999914,11,12
call_8f8e2145bc91,synthetic,train,8,40.19999999999999,0.9800146234462588,0.9608124253285544,1.0,41.83999999999992,8,12,0.9782848730217151,0.9653753026634383,0.9915443919423029,41.289999999999935,7,12,0.9801340645947593,0.9610420650095602,1.0,41.82999999999991,8,12,0.9801340645947593,0.9610420650095602,1.0,41.82999999999991,8,12,0.9800146234462588,0.9608124253285544,1.0,41.83999999999992,8,12,0.9801340645947593,0.9610420650095602,1.0,41.82999999999991,8,12,0.9802535348610434,0.9612718144872101,1.0,41.81999999999992,8,12
call_9083846f078a,synthetic,train,9,48.820000000000014,0.9821033581339231,0.964836033188463,1.0,50.58999999999994,9,15,0.983289712099859,0.9671287128712871,1.0,50.46999999999995,9,15,0.9830917874396136,0.9667458432304038,1.0,50.489999999999945,9,15,0.9827950498038032,0.9661721068249258,1.0,50.519999999999946,9,15,0.9821033581339231,0.964836033188463,1.0,50.58999999999994,9,15,0.9830917874396136,0.9667458432304038,1.0,50.489999999999945,9,15,0.9830917874396136,0.9667458432304038,1.0,50.489999999999945,9,15
call_91a25cd95998,synthetic,train,13,32.25999999999999,0.9615613825983313,0.9259684361549498,1.0,34.80999999999989,13,12,0.9634273772204807,0.9294354838709677,1.0,34.6899999999999,13,12,0.9629961205610266,0.9286330935251799,1.0,34.709999999999894,13,12,0.9628524541250186,0.9283659378596087,1.0,34.7299999999999,13,12,0.9615613825983313,0.9259684361549498,1.0,34.80999999999989,13,12,0.9629961205610266,0.9286330935251799,1.0,34.709999999999894,13,12,0.9629961205610266,0.9286330935251799,1.0,34.709999999999894,13,12
call_924e8a27e4de,human,train,15,26.759999999999973,0.9275735294117647,0.9134685010861694,0.9421209858103062,27.589999999999932,14,10,0.9182484495395602,0.9243284146802876,0.9122479462285288,26.409999999999936,12,10,0.9182484495395602,0.9243284146802876,0.9122479462285288,26.409999999999936,12,10,0.9182484495395602,0.9243284146802876,0.9122479462285288,26.409999999999936,12,10,0.9275735294117647,0.9134685010861694,0.9421209858103062,27.589999999999932,14,10,0.9182484495395602,0.9243284146802876,0.9122479462285288,26.409999999999936,12,10,0.9170272812793979,0.9241562381494122,0.9100074682598954,26.32999999999994,12,10
call_925ba94f05a4,synthetic,val,43,64.10000000000002,0.7235675980807226,0.567318757192175,0.9985976939856653,112.90999999999963,68,41,0.760339666442666,0.6253642849964828,0.9696167030227485,99.44999999999965,65,34,0.7503436734205965,0.6086492776107825,0.9780305391087566,103.06999999999962,67,36,0.7448163074586764,0.5957208259366533,0.9934559052664381,106.96999999999969,70,38,0.9303576621110788,0.8720359771054783,0.9970395761919602,73.2899999999998,44,25,0.9122062168309325,0.8883638511518015,0.9373636646930508,67.62999999999985,39,22,0.843276555679192,0.9356125356125357,0.7675288251791835,52.59999999999994,24,17
call_927c1f5f2007,synthetic,train,12,54.220000000000034,0.9799494219653179,0.9606870904905259,1.0,56.4499999999999,12,15,0.9805312954876274,0.968025866714568,0.9933640552995392,55.659999999999904,11,15,0.9801746089487087,0.9673308203195118,0.9933640552995392,55.69999999999991,11,15,0.9799963629750864,0.9669836712722053,0.9933640552995392,55.7199999999999,11,15,0.9799494219653179,0.9606870904905259,1.0,56.4499999999999,12,15,0.9801746089487087,0.9673308203195118,0.9933640552995392,55.69999999999991,11,15,0.9806205076881085,0.968199784405318,0.9933640552995392,55.649999999999906,11,15
call_9491f635b944,synthetic,train,8,15.040000000000013,0.9517502365184485,0.907942238267148,1.0,16.599999999999916,8,6,0.9565768621236133,0.916767922235723,1.0,16.439999999999912,8,6,0.9562737642585551,0.9162112932604736,1.0,16.459999999999912,8,6,0.9556681443951869,0.9151000606428138,1.0,16.47999999999992,8,6,0.9517502365184485,0.907942238267148,1.0,16.599999999999916,8,6,0.9562737642585551,0.9162112932604736,1.0,16.459999999999912,8,6,0.9518889247659025,0.9282115869017632,0.9768058316766071,15.869999999999937,7,6
call_94a8c8502249,human,train,31,47.859999999999985,0.9201225740551583,0.9017017017017017,0.9393117831074036,49.86999999999989,27,19,0.8763189383226367,0.9158708503865394,0.8400417101147029,43.91999999999985,25,18,0.8882447665056361,0.9152654867256638,0.8627737226277372,45.13999999999986,25,18,0.8994697773064687,0.9149946062567422,0.8844629822732013,46.27999999999986,26,19,0.9201225740551583,0.9017017017017017,0.9393117831074036,49.86999999999989,27,19,0.8882447665056361,0.9152654867256638,0.8627737226277372,45.13999999999986,25,18,0.8893671975893241,0.9188347787413832,0.8617309697601668,44.90999999999984,25,18
call_957a8384caff,synthetic,val,10,53.680000000000014,0.9810074318744839,0.9672516736023159,0.9951600893521966,55.239999999999945,12,16,0.9804972733154635,0.9737470167064439,0.9873417721518988,54.43999999999992,11,16,0.9803233256351039,0.9730423620025674,0.9877140729709606,54.49999999999992,11,16,0.9801422370000924,0.9726856095325389,0.9877140729709606,54.519999999999904,11,16,0.9810074318744839,0.9672516736023159,0.9951600893521966,55.239999999999945,12,16,0.9803233256351039,0.9730423620025674,0.9877140729709606,54.49999999999992,11,16,0.979463459759482,0.9735196763515999,0.9854802680565897,54.3499999999999,12,17
call_95ccefc6e4ce,human,val,22,55.87999999999998,0.9572859905079979,0.9410748228788665,0.9740654623502056,57.819999999999936,21,20,0.9584878996643702,0.9467806665503402,0.9704882847433375,57.25999999999998,22,20,0.9579876434245367,0.9456351280710925,0.9706671436236809,57.33999999999996,22,20,0.959287980260839,0.9454577036651034,0.9735288857091755,57.50999999999998,21,20,0.9572859905079979,0.9410748228788665,0.9740654623502056,57.819999999999936,21,20,0.9579876434245367,0.9456351280710925,0.9706671436236809,57.33999999999996,22,20,0.9584732284855981,0.9470927187008905,0.9701305669826507,57.20999999999996,22,19
call_9741efdd34af,human,train,12,27.720000000000024,0.9608290883541191,0.9372858122001371,0.9855855855855856,29.179999999999936,10,11,0.9549485633203264,0.9402724414949354,0.9700900900900901,28.62999999999994,10,10,0.9626891939457938,0.9408324733402132,0.9855855855855856,29.069999999999936,10,11,0.9621811785400176,0.9398625429553265,0.9855855855855856,29.099999999999937,10,11,0.9608290883541191,0.9372858122001371,0.9855855855855856,29.179999999999936,10,11,0.9626891939457938,0.9408324733402132,0.9855855855855856,29.069999999999936,10,11,0.9630281690140845,0.9414802065404475,0.9855855855855856,29.049999999999933,10,11
call_97701e543c60,synthetic,train,33,33.419999999999995,0.6290171020484872,0.45880740233036327,1.0,72.79999999999977,42,27,0.6573732948322214,0.49298088410991636,0.9862563489692262,66.80999999999977,43,23,0.6529457666796723,0.4847212165097755,1.0,68.88999999999976,44,26,0.6430973196272457,0.4739450580572076,1.0,70.45999999999975,45,28,0.8536060279870828,0.7764993880048959,0.9477143710785778,40.77999999999984,29,17,0.8602033898305085,0.7874875868917577,0.9477143710785778,40.21999999999982,28,17,0.8039412157648631,0.9113971980310488,0.7191514789363609,26.33999999999991,18,11
call_989dad5aa1af,human,train,15,30.099999999999998,0.9456503998694303,0.9309125964010283,0.9608623548922056,31.069999999999986,13,12,0.9467320261437908,0.9330112721417069,0.9608623548922056,30.999999999999993,13,12,0.9464227376674289,0.9324106855487608,0.9608623548922056,31.01999999999999,13,12,0.9462681691981055,0.9321106821106822,0.9608623548922056,31.029999999999994,13,12,0.9456503998694303,0.9309125964010283,0.9608623548922056,31.069999999999986,13,12,0.9464227376674289,0.9324106855487608,0.9608623548922056,31.01999999999999,13,12,0.9467320261437908,0.9330112721417069,0.9608623548922056,30.99999999999998,13,12
call_9a3d5b0a64a3,human,val,25,61.27999999999996,0.9559365486300272,0.9390838973713206,0.9734051231848588,63.44999999999993,25,25,0.9559365486300272,0.9390838973713206,0.9734051231848588,63.44999999999993,25,25,0.9559365486300272,0.9390838973713206,0.9734051231848588,63.44999999999993,25,25,0.9559365486300272,0.9390838973713206,0.9734051231848588,63.44999999999993,25,25,0.9559365486300272,0.9390838973713206,0.9734051231848588,63.44999999999993,25,25,0.9559365486300272,0.9390838973713206,0.9734051231848588,63.44999999999993,25,25,0.9560756652773325,0.9396565306443989,0.9730788056779246,63.389999999999944,25,25
call_9bb847dfc83e,human,val,11,20.220000000000013,0.9502113668388915,0.905145413870246,1.0,22.319999999999933,11,8,0.9102691924227319,0.9180492709904474,0.9026198714780029,19.859999999999943,9,6,0.9255711127487104,0.919921875,0.9312901631240732,20.449999999999946,9,7,0.925343811394892,0.9194729136163983,0.9312901631240732,20.45999999999995,9,7,0.9502113668388915,0.905145413870246,1.0,22.319999999999933,11,8,0.9255711127487104,0.919921875,0.9312901631240732,20.449999999999946,9,7,0.9255711127487104,0.919921875,0.9312901631240732,20.449999999999946,9,7
call_9c2dbbd1fe2e,synthetic,train,9,44.10000000000001,0.9795145847250055,0.962582056892779,0.9970534904805077,45.65999999999995,10,12,0.979623649927625,0.9627927336397462,0.9970534904805077,45.649999999999956,10,12,0.9795145847250055,0.962582056892779,0.9970534904805077,45.65999999999995,10,12,0.9795145847250055,0.962582056892779,0.9970534904805077,45.65999999999995,10,12,0.9795145847250055,0.962582056892779,0.9970534904805077,45.65999999999995,10,12,0.9795145847250055,0.962582056892779,0.9970534904805077,45.65999999999995,10,12,0.9801693404634582,0.9638475021910605,0.9970534904805077,45.59999999999995,10,12
call_9dc1a304389f,synthetic,train,18,41.89999999999999,0.95771719038817,0.9283314669652856,0.9890240992603198,44.59999999999995,17,17,0.9580492314804114,0.9289556252801434,0.9890240992603198,44.56999999999996,17,17,0.9579385255373237,0.9287474792740309,0.9890240992603198,44.57999999999996,17,17,0.9578278451761987,0.9285394265232975,0.9890240992603198,44.58999999999996,17,17,0.95771719038817,0.9283314669652856,0.9890240992603198,44.59999999999995,17,17,0.9579385255373237,0.9287474792740309,0.9890240992603198,44.57999999999996,17,17,0.9581599630143319,0.9291638646043489,0.9890240992603198,44.54999999999996,17,17
call_9f11e2c5441c,human,val,22,34.220000000000006,0.9177489177489178,0.9386259541984733,0.8977803738317757,32.70999999999996,16,12,0.8898786668714483,0.9384515711046323,0.8460864485981309,30.819999999999958,15,11,0.8927696078431373,0.9387886597938144,0.8510514018691588,30.989999999999956,15,11,0.9056775170325511,0.9402703552342031,0.8735397196261683,31.769999999999957,15,12,0.9177489177489178,0.9386259541984733,0.8977803738317757,32.70999999999996,16,12,0.8927696078431373,0.9387886597938144,0.8510514018691588,30.989999999999956,15,11,0.8929776142287642,0.9399612653324726,0.8504672897196262,30.929999999999932,15,10
call_a0fbbe7bfec4,human,train,21,38.54000000000001,0.9292695473251029,0.9216836734693877,0.9369813278008299,39.089999999999954,19,14,0.9034574468085106,0.9271288209606987,0.8809647302904564,36.53999999999996,17,13,0.9033373221646057,0.9268758526603001,0.8809647302904564,36.54999999999995,17,13,0.9128488678251712,0.9270053475935829,0.8991182572614108,37.29999999999995,18,13,0.9292695473251029,0.9216836734693877,0.9369813278008299,39.089999999999954,19,14,0.9033373221646057,0.9268758526603001,0.8809647302904564,36.54999999999995,17,13,0.9018666666666667,0.9281009879253568,0.8770746887966805,36.32999999999997,18,14
call_a2aa58c1750b,human,train,17,38.19999999999998,0.9491911021233569,0.9185420743639922,0.9819560669456067,40.77999999999993,19,13,0.9418968212610734,0.9384735202492211,0.9453451882845189,38.419999999999966,16,13,0.9420346489514133,0.9384894887100961,0.9456066945606695,38.44999999999997,16,13,0.9453982186652898,0.9334692837114453,0.9576359832635983,39.15999999999995,17,13,0.9491911021233569,0.9185420743639922,0.9819560669456067,40.77999999999993,19,13,0.9420346489514133,0.9384894887100961,0.9456066945606695,38.44999999999997,16,13,0.9426336375488917,0.9399375975039002,0.9453451882845189,38.389999999999944,16,13
call_a381913d938c,synthetic,train,24,26.82000000000001,0.6770899003908712,0.5118185284025925,1.0,52.359999999999815,40,19,0.7206186990747134,0.5726514486391572,0.9716945996275606,45.479999999999805,38,13,0.7065789473684211,0.5462868769074263,1.0,49.049999999999805,40,16,0.7018690367272252,0.540676600886025,1.0,49.55999999999978,40,17,0.9129547772866372,0.8398498592430403,1.0,31.919999999999845,24,10,0.9024558976132826,0.8424281562802712,0.9716945996275606,30.909999999999876,23,10,0.8191510762422047,0.8906386701662292,0.7582867783985102,22.81999999999994,16,6
call_a3a1f51a4bf9,synthetic,val,11,27.340000000000007,0.9615046581121462,0.9258632362897766,1.0,29.499999999999915,11,10,0.9626629094751673,0.928644240570846,0.9992687385740402,29.389999999999915,11,10,0.9630281690140845,0.9286926994906621,1.0,29.40999999999991,11,10,0.962858651645837,0.928377460964019,1.0,29.419999999999916,11,10,0.9615046581121462,0.9258632362897766,1.0,29.499999999999915,11,10,0.9630281690140845,0.9286926994906621,1.0,29.40999999999991,11,10,0.963537079443368,0.9296397008837526,1.0,29.37999999999991,11,10
call_a426226cf8b9,synthetic,train,20,24.720000000000027,0.9163163928162018,0.869155491119971,0.9688888888888889,27.54999999999992,17,12,0.9166666666666666,0.8697859992745738,0.9688888888888889,27.529999999999923,17,12,0.916491496273648,0.8694706308919506,0.9688888888888889,27.539999999999928,17,12,0.916491496273648,0.8694706308919506,0.9688888888888889,27.539999999999928,17,12,0.9205374280230326,0.876782449725777,0.9688888888888889,27.3299999999999,17,12,0.9205374280230326,0.876782449725777,0.9688888888888889,27.3299999999999,17,12,0.9189399844115355,0.8874670681219421,0.9527272727272728,26.529999999999912,16,12
call_a4683528fef4,human,train,18,40.46000000000002,0.9517739025856885,0.9275668073136427,0.977278340330946,42.58999999999995,16,17,0.9254813703425856,0.9371992909597366,0.9140528525561867,39.45999999999994,13,16,0.9304693320089397,0.9355805243445693,0.9254136823907138,39.99999999999994,14,16,0.9304693320089397,0.9355805243445693,0.9254136823907138,39.99999999999994,14,16,0.9517739025856885,0.9275668073136427,0.977278340330946,42.58999999999995,16,17,0.9304693320089397,0.9355805243445693,0.9254136823907138,39.99999999999994,14,16,0.9311630218687873,0.9369842460615154,0.9254136823907138,39.93999999999995,14,16
call_a49598543013,synthetic,train,15,55.500000000000014,0.9746379991224221,0.9505306401917152,1.0,58.41999999999994,15,20,0.9754940711462451,0.9521604938271605,1.0,58.309999999999924,15,20,0.9754940711462451,0.9521604938271605,1.0,58.309999999999924,15,20,0.9754083962761286,0.9519972569861135,1.0,58.32999999999994,15,20,0.9746379991224221,0.9505306401917152,1.0,58.41999999999994,15,20,0.9754940711462451,0.9521604938271605,1.0,58.309999999999924,15,20,0.9715999294408185,0.9521175453759724,0.9918962722852512,57.81999999999992,18,20
call_a6481017c744,synthetic,train,15,24.239999999999995,0.9404437524328533,0.8908554572271387,0.9958779884583677,27.03999999999992,16,11,0.9372911342638097,0.8959037955655769,0.9826875515251443,26.52999999999993,15,11,0.9372911342638097,0.8959037955655769,0.9826875515251443,26.52999999999993,15,11,0.9372911342638097,0.8959037955655769,0.9826875515251443,26.52999999999993,15,11,0.9404437524328533,0.8908554572271387,0.9958779884583677,27.03999999999992,16,11,0.9372911342638097,0.8959037955655769,0.9826875515251443,26.52999999999993,15,11,0.937007874015748,0.8967596081386586,0.9810387469084914,26.449999999999932,15,11
call_a71916766a4f,synthetic,train,9,27.64000000000004,0.969155275148966,0.940156409384563,1.0,29.38999999999994,9,9,0.9694950911640954,0.9407961891799932,1.0,29.379999999999935,9,9,0.969155275148966,0.940156409384563,1.0,29.38999999999994,9,9,0.969155275148966,0.940156409384563,1.0,29.38999999999994,9,9,0.969155275148966,0.940156409384563,1.0,29.38999999999994,9,9,0.969155275148966,0.940156409384563,1.0,29.38999999999994,9,9,0.9693251533742331,0.9404761904761905,1.0,29.37999999999994,9,9
call_a766613f8c8a,human,train,20,29.52,0.8946350043975374,0.9315018315018315,0.860575296108291,27.269999999999946,12,10,0.8383592433039895,0.9387583892617449,0.7573604060913706,23.79999999999997,9,9,0.8484175458078845,0.9362745098039216,0.7756345177664975,24.449999999999967,9,9,0.8484175458078845,0.9362745098039216,0.7756345177664975,24.449999999999967,9,9,0.8946350043975374,0.9315018315018315,0.860575296108291,27.269999999999946,12,10,0.8484175458078845,0.9362745098039216,0.7756345177664975,24.449999999999967,9,9,0.8487317163488243,0.9370400654129191,0.7756345177664975,24.429999999999964,9,9
call_a7c95e99f3b6,human,val,30,34.120000000000005,0.8091085271317829,0.6896551724137931,0.9786111924992675,48.31999999999983,31,18,0.7962458371177717,0.8236767929846539,0.7705830647524172,31.879999999999917,13,13,0.7974778561777511,0.8177339901477833,0.7782009961910343,32.41999999999992,14,13,0.7974778561777511,0.8177339901477833,0.7782009961910343,32.42999999999992,14,13,0.8995427462934737,0.8533123028391167,0.9510694403750366,37.93999999999985,25,15,0.8240667821704205,0.8910081743869209,0.766481101670085,29.29999999999992,14,13,0.8216828478964401,0.9176002891217926,0.7439203047172576,27.619999999999933,13,12
call_a7df1d46e72b,synthetic,train,15,57.66,0.9746674574260781,0.9532648326151807,0.9970532154619518,60.27999999999997,16,19,0.9721251385218651,0.9563904729956391,0.9883862021147513,59.55999999999996,16,18,0.972917731221257,0.9563033651431442,0.9901196047841914,59.66999999999997,15,19,0.972917731221257,0.9563033651431442,0.9901196047841914,59.66999999999997,15,19,0.9746674574260781,0.9532648326151807,0.9970532154619518,60.27999999999997,16,19,0.972917731221257,0.9563033651431442,0.9901196047841914,59.66999999999997,15,19,0.9724567237997783,0.9570325612621685,0.9883862021147513,59.52999999999993,16,19
call_a7ea289a43fd,synthetic,train,21,42.199999999999974,0.9459764918625678,0.9044737410849363,0.9914712153518124,46.22999999999989,21,17,0.9428506375227687,0.9075169844400613,0.9810471452262497,45.589999999999876,21,16,0.94640434192673,0.9052563270603504,0.9914712153518124,46.189999999999884,21,17,0.9461903685281483,0.9048648648648648,0.9914712153518124,46.20999999999988,21,17,0.9501646043818822,0.9121621621621622,0.9914712153518124,45.82999999999987,21,17,0.9504883034294799,0.9127589967284624,0.9914712153518124,45.79999999999987,21,17,0.9532731634868046,0.9205648720211828,0.988391376451078,45.22999999999992,22,17
call_a8ca5b456ce4,synthetic,train,11,62.48000000000002,0.9825471698113207,0.9656930922577655,1.0,64.69999999999997,11,18,0.9808193227563343,0.9677570093457943,0.9942390782525204,64.19000000000001,12,18,0.9806645095099045,0.9674556213017751,0.9942390782525204,64.21,12,18,0.9819500275872941,0.9675365020192607,0.9967994879180669,64.36999999999999,12,18,0.9825471698113207,0.9656930922577655,1.0,64.69999999999997,11,18,0.9806645095099045,0.9674556213017751,0.9942390782525204,64.21,12,18,0.9806645095099045,0.9674556213017751,0.9942390782525204,64.2,12,18
call_a9d29125d786,synthetic,train,7,14.72000000000001,0.9530896150113232,0.9103831891223733,1.0,16.159999999999997,7,5,0.9537067011977987,0.911509900990099,1.0,16.139999999999993,7,5,0.9533980582524272,0.9109461966604824,1.0,16.149999999999995,7,5,0.9533980582524272,0.9109461966604824,1.0,16.149999999999995,7,5,0.9530896150113232,0.9103831891223733,1.0,16.159999999999997,7,5,0.9533980582524272,0.9109461966604824,1.0,16.149999999999995,7,5,0.9558728098637248,0.9154754505904288,1.0,16.069999999999983,7,5
call_abf730747901,human,val,17,26.259999999999987,0.9276723652075897,0.9158011869436202,0.9398553483060526,26.880000000000006,13,9,0.8813491266813893,0.9324553950722175,0.8355538637228778,23.470000000000013,10,8,0.8831168831168831,0.9293523969722456,0.8412637990102779,23.710000000000008,10,8,0.8831168831168831,0.9293523969722456,0.8412637990102779,23.710000000000008,10,8,0.9276723652075897,0.9158011869436202,0.9398553483060526,26.880000000000006,13,9,0.8831168831168831,0.9293523969722456,0.8412637990102779,23.710000000000008,10,8,0.8671157379056951,0.9348591549295775,0.8085268366958508,22.670000000000005,10,9
call_ac80248cae29,synthetic,train,7,44.36,0.9844686043931662,0.9694122787852305,1.0,45.74999999999998,7,14,0.9844686043931662,0.9694122787852305,1.0,45.74999999999998,7,14,0.9844686043931662,0.9694122787852305,1.0,45.74999999999998,7,14,0.9844686043931662,0.9694122787852305,1.0,45.74999999999998,7,14,0.9844686043931662,0.9694122787852305,1.0,45.74999999999998,7,14,0.9844686043931662,0.9694122787852305,1.0,45.74999999999998,7,14,0.9844686043931662,0.9694122787852305,1.0,45.74999999999998,7,14
call_acda78859d0d,human,train,15,33.42000000000001,0.953943580886586,0.9195338512763596,0.9910287081339713,36.00999999999992,14,11,0.9511911679256246,0.9248587570621469,0.979066985645933,35.36999999999991,13,11,0.9511911679256246,0.9248587570621469,0.979066985645933,35.36999999999991,13,11,0.9511911679256246,0.9248587570621469,0.979066985645933,35.36999999999991,13,11,0.9546305631571367,0.9208113364823562,0.9910287081339713,35.95999999999992,14,11,0.9514675966288869,0.9253815715093273,0.979066985645933,35.349999999999916,13,11,0.953962703962704,0.9301136363636363,0.979066985645933,35.17999999999991,13,11
call_ad8e23b11d98,synthetic,train,18,21.199999999999974,0.9082911809984605,0.8515463917525773,0.9731385485391141,24.219999999999953,16,8,0.9082911809984605,0.8515463917525773,0.9731385485391141,24.219999999999953,16,8,0.9082911809984605,0.8515463917525773,0.9731385485391141,24.219999999999953,16,8,0.9082911809984605,0.8515463917525773,0.9731385485391141,24.219999999999953,16,8,0.9165557035064359,0.8661912751677853,0.9731385485391141,23.809999999999924,16,8,0.9165557035064359,0.8661912751677853,0.9731385485391141,23.809999999999924,16,8,0.9186773905272565,0.8734069668649108,0.9688972667295005,23.479999999999947,17,8
call_adf30039caa2,synthetic,train,11,17.900000000000006,0.9417322834645669,0.8898809523809523,1.0,20.119999999999926,11,7,0.9468884120171673,0.9126163391933816,0.9838350055741361,19.31999999999993,11,6,0.9459025174076058,0.9103092783505154,0.9843924191750278,19.369999999999926,11,6,0.9481560662747194,0.9106776180698152,0.9888517279821628,19.449999999999925,11,6,0.9417322834645669,0.8898809523809523,1.0,20.119999999999926,11,7,0.9459025174076058,0.9103092783505154,0.9843924191750278,19.369999999999926,11,6,0.947170823277018,0.9126614987080104,0.9843924191750278,19.31999999999993,11,6
call_aed9b45d6c31,synthetic,train,16,33.299999999999976,0.9535219399538106,0.9182652210175146,0.9915941158811168,35.929999999999865,15,13,0.9565595134665508,0.9239160839160839,0.9915941158811168,35.70999999999985,15,13,0.9554527046572172,0.9218531956461066,0.9915941158811168,35.789999999999864,15,13,0.9553145336225597,0.9215959821428571,0.9915941158811168,35.79999999999987,15,13,0.9535219399538106,0.9182652210175146,0.9915941158811168,35.929999999999865,15,13,0.9554527046572172,0.9218531956461066,0.9915941158811168,35.789999999999864,15,13,0.9565595134665508,0.9239160839160839,0.9915941158811168,35.709999999999866,15,13
call_af9ad367dcce,synthetic,val,11,44.15999999999999,0.9724628025760604,0.9544463818657367,0.9911724762335898,45.839999999999954,11,14,0.9724628025760604,0.9544463818657367,0.9911724762335898,45.839999999999954,11,14,0.9724628025760604,0.9544463818657367,0.9911724762335898,45.839999999999954,11,14,0.9724628025760604,0.9544463818657367,0.9911724762335898,45.839999999999954,11,14,0.9724628025760604,0.9544463818657367,0.9911724762335898,45.839999999999954,11,14,0.9724628025760604,0.9544463818657367,0.9911724762335898,45.839999999999954,11,14,0.9725707940033315,0.9546544582515806,0.9911724762335898,45.82999999999996,11,14
call_b0836ff3142a,synthetic,train,12,28.659999999999997,0.9602015113350126,0.9261418853255587,0.9968619246861925,30.869999999999926,13,13,0.9615514333895447,0.9310907903331156,0.9940725244072525,30.619999999999926,13,13,0.9617265216658236,0.9311132876265099,0.9944211994421199,30.62999999999993,13,13,0.9626262626262626,0.9306640625,0.9968619246861925,30.71999999999992,13,13,0.9602015113350126,0.9261418853255587,0.9968619246861925,30.869999999999926,13,13,0.9617265216658236,0.9311132876265099,0.9944211994421199,30.62999999999993,13,13,0.9620509360769101,0.9317216595883698,0.9944211994421199,30.599999999999934,13,13
call_b167dd907a80,synthetic,train,11,62.36000000000003,0.9790376369699857,0.9699496538703587,0.9882975312600193,63.51999999999992,15,21,0.9789532205543642,0.9700928695104675,0.987976915678102,63.4899999999999,15,21,0.9789565631700151,0.9699449252557042,0.9881372234690606,63.50999999999991,15,21,0.9789565631700151,0.9699449252557042,0.9881372234690606,63.50999999999991,15,21,0.9790376369699857,0.9699496538703587,0.9882975312600193,63.51999999999992,15,21,0.9789565631700151,0.9699449252557042,0.9881372234690606,63.50999999999991,15,21,0.979030976965846,0.9702455919395466,0.987976915678102,63.48999999999991,15,21
call_b2594d9c3ffd,synthetic,train,8,66.54000000000003,0.9861648318952693,0.9764324642804537,0.9960931630353118,67.88999999999996,10,18,0.9861442193087009,0.9778401536416014,0.9945905334335087,67.68999999999994,10,18,0.9861648318952693,0.9764324642804537,0.9960931630353118,67.88999999999996,10,18,0.9861648318952693,0.9764324642804537,0.9960931630353118,67.88999999999996,10,18,0.9861648318952693,0.9764324642804537,0.9960931630353118,67.88999999999996,10,18,0.9861648318952693,0.9764324642804537,0.9960931630353118,67.88999999999996,10,18,0.9862156322181655,0.9781259237363287,0.9944402704733283,67.65999999999994,10,18
call_b382ffa5187d,human,train,9,22.960000000000008,0.9600338337914993,0.9333881578947368,0.9882455376578145,24.26999999999999,9,9,0.9600338337914993,0.9333881578947368,0.9882455376578145,24.26999999999999,9,9,0.9600338337914993,0.9333881578947368,0.9882455376578145,24.26999999999999,9,9,0.9600338337914993,0.9333881578947368,0.9882455376578145,24.26999999999999,9,9,0.9600338337914993,0.9333881578947368,0.9882455376578145,24.26999999999999,9,9,0.9600338337914993,0.9333881578947368,0.9882455376578145,24.26999999999999,9,9,0.96044002538608,0.934156378600823,0.9882455376578145,24.259999999999984,9,9
call_b3f14bd5c2b6,synthetic,train,14,31.57999999999995,0.9528158295281582,0.9173505275498242,0.9911336288790373,34.089999999999904,13,13,0.953396283886689,0.9184272300469484,0.9911336288790373,34.05999999999989,13,13,0.9531059683313033,0.9178885630498533,0.9911336288790373,34.0799999999999,13,13,0.9531059683313033,0.9178885630498533,0.9911336288790373,34.0799999999999,13,13,0.95397744590064,0.9195064629847238,0.9911336288790373,34.00999999999992,13,12,0.9542682926829268,0.9200470311581422,0.9911336288790373,33.999999999999915,13,12,0.9551418980775099,0.9216725559481743,0.9911336288790373,33.91999999999991,13,12
call_b41c86402714,human,train,23,88.05999999999999,0.9023665608031964,0.8221019227179391,1.0,107.08,21,31,0.8212697628458498,0.9004604550379198,0.7548819255222525,73.8099999999998,33,21,0.8529674917983895,0.8985798667839638,0.8117620345140781,79.49999999999977,36,23,0.8763992807841773,0.895885212854263,0.8577429609445958,84.25999999999976,36,24,0.9533499296460656,0.9108583247156153,1.0,96.59999999999997,22,30,0.8669643403266255,0.9397957830526456,0.8046094459582198,75.32999999999976,36,21,0.8636905883091606,0.9661469307487006,0.7808810172570391,71.1499999999997,35,22
call_b5840ec7dd5e,synthetic,train,18,40.54000000000001,0.956758034026465,0.9189741261915569,0.9977821586988664,44.009999999999934,19,19,0.9577664734413818,0.9210466439135381,0.9975357318876293,43.899999999999935,19,18,0.9577764636309876,0.9208551284967023,0.9977821586988664,43.91999999999993,19,18,0.9576631977294229,0.9206457480673034,0.9977821586988664,43.92999999999992,19,18,0.956758034026465,0.9189741261915569,0.9977821586988664,44.009999999999934,19,19,0.9577764636309876,0.9208551284967023,0.9977821586988664,43.91999999999993,19,18,0.9579931369068749,0.9214659685863874,0.9975357318876293,43.86999999999996,19,18
call_b5c4803ea37c,human,train,10,18.32,0.9448903156768326,0.9270341207349081,0.9634478996181124,19.029999999999966,8,6,0.9448903156768326,0.9270341207349081,0.9634478996181124,19.029999999999966,8,6,0.9448903156768326,0.9270341207349081,0.9634478996181124,19.029999999999966,8,6,0.9448903156768326,0.9270341207349081,0.9634478996181124,19.029999999999966,8,6,0.9448903156768326,0.9270341207349081,0.9634478996181124,19.029999999999966,8,6,0.9448903156768326,0.9270341207349081,0.9634478996181124,19.029999999999966,8,6,0.9448903156768326,0.9270341207349081,0.9634478996181124,19.019999999999968,8,6
call_b5cc1f8d8fee,human,val,28,40.59999999999992,0.9290813898143742,0.8997464853652916,0.9603936039360393,43.31999999999991,24,17,0.8982923154193873,0.9174147217235189,0.879950799507995,38.89999999999999,21,14,0.9033063006862133,0.9164556962025316,0.8905289052890529,39.41999999999996,21,14,0.9095632809600396,0.9148830263812843,0.9043050430504305,40.109999999999964,21,15,0.9290813898143742,0.8997464853652916,0.9603936039360393,43.31999999999991,24,17,0.9033063006862133,0.9164556962025316,0.8905289052890529,39.41999999999996,21,14,0.9043217586809893,0.9185485917279879,0.8905289052890529,39.30999999999996,21,14
call_b658b1155216,human,val,24,44.37999999999995,0.935767707875055,0.914445399828031,0.9581081081081081,46.46999999999991,22,17,0.9231813553569408,0.9274835189815868,0.918918918918919,43.949999999999925,22,15,0.924483576024382,0.9266802443991853,0.9222972972972973,44.149999999999935,21,15,0.9247263288567882,0.9267134132549197,0.9227477477477477,44.169999999999945,21,15,0.935767707875055,0.914445399828031,0.9581081081081081,46.46999999999991,22,17,0.924483576024382,0.9266802443991853,0.9222972972972973,44.149999999999935,21,15,0.9247967479674797,0.9273097826086957,0.9222972972972973,44.12999999999992,21,15
call_b712f501aeb8,synthetic,val,41,63.06000000000001,0.7776203093228172,0.6361528379877004,1.0,99.03999999999971,56,39,0.8133529569173134,0.7037508682565409,0.963391442155309,86.27999999999975,46,31,0.7930522373603668,0.6691729323308271,0.973217115689382,91.63999999999969,53,33,0.7942316244203037,0.6628141236348213,0.9906497622820919,94.16999999999972,53,36,0.9235518965010291,0.8612558267068824,0.9955625990491284,72.89999999999978,40,26,0.909822988680392,0.8737779074857727,0.9489698890649763,68.48999999999981,37,23,0.8908003604489227,0.9219942343564524,0.8616481774960381,58.929999999999886,30,24
call_b72eccd91b8c,synthetic,train,14,36.160000000000004,0.9613978057700122,0.9423791821561338,0.9811998894111141,37.64999999999992,13,15,0.9582028590878149,0.9439377682403434,0.972905722974841,37.24999999999993,14,15,0.9603691639522258,0.9432151426286324,0.9781586950511474,37.49999999999992,13,15,0.9619189592085648,0.9433811802232854,0.9811998894111141,37.60999999999992,13,15,0.9613978057700122,0.9423791821561338,0.9811998894111141,37.64999999999992,13,15,0.9603691639522258,0.9432151426286324,0.9781586950511474,37.49999999999992,13,15,0.9589339135164536,0.9435375970029435,0.9748410284766381,37.35999999999991,14,15
call_b78e6c8e05d3,human,train,18,32.58,0.9223843526855015,0.9331030150753769,0.9119091467157765,31.809999999999913,13,11,0.8899598393574297,0.933602965958881,0.8502148557397177,29.639999999999915,12,10,0.9046261089987325,0.9348395546823838,0.876304481276857,30.499999999999915,13,10,0.9053562964133355,0.9329208726799089,0.8793738489871087,30.669999999999916,13,10,0.9223843526855015,0.9331030150753769,0.9119091467157765,31.809999999999913,13,11,0.9046261089987325,0.9348395546823838,0.876304481276857,30.499999999999915,13,10,0.9014084507042254,0.9418060200668896,0.8643339472068754,29.8599999999999,13,11
call_b7c3a7552903,synthetic,train,11,30.79999999999997,0.9615873015873015,0.9409754582168375,0.9831223628691983,32.14999999999995,9,9,0.9621982210927573,0.9421461897356143,0.9831223628691983,32.10999999999996,9,9,0.9621982210927573,0.9421461897356143,0.9831223628691983,32.10999999999996,9,9,0.961892664337885,0.9415604600559527,0.9831223628691983,32.12999999999995,9,9,0.9620898375278751,0.9446355958711292,0.9802012333657903,31.929999999999936,10,10,0.9625498007968127,0.9455228553537883,0.9802012333657903,31.899999999999935,10,10,0.9611013286377461,0.9481996209728364,0.9743589743589743,31.64999999999992,11,11
call_b956718b62ae,synthetic,train,15,24.559999999999988,0.9387675507020281,0.9021739130434783,0.9784552845528456,26.63999999999997,13,9,0.9319768601635747,0.9150019584802194,0.9495934959349593,25.499999999999986,11,9,0.9364139020537124,0.9105222734254992,0.9638211382113822,26.009999999999977,12,9,0.9407856165722103,0.9059089198343997,0.9784552845528456,26.529999999999973,13,9,0.9387675507020281,0.9021739130434783,0.9784552845528456,26.63999999999997,13,9,0.9364139020537124,0.9105222734254992,0.9638211382113822,26.009999999999977,12,9,0.9365988544341299,0.9108720706876681,0.9638211382113822,25.999999999999986,12,9
call_b96e9305d9a2,human,train,33,43.66000000000004,0.9043957305176173,0.906789413118527,0.902014652014652,43.41999999999983,24,12,0.8547437022183231,0.9443367488230408,0.7806776556776557,36.079999999999885,15,11,0.8558919189392044,0.9434638720353006,0.7831959706959707,36.22999999999992,14,11,0.8557139284821206,0.9426997245179063,0.7834249084249084,36.2799999999999,14,11,0.9043957305176173,0.906789413118527,0.902014652014652,43.41999999999983,24,12,0.8558919189392044,0.9434638720353006,0.7831959706959707,36.22999999999992,14,11,0.847927428499433,0.9428411319697394,0.7703754578754579,35.65999999999994,13,11
call_bac44092a11a,human,train,28,37.86000000000001,0.9253164556962026,0.889294403892944,0.9643799472295514,41.04999999999982,24,14,0.8992309732166535,0.9037846481876333,0.8947229551451187,37.47999999999983,20,13,0.9032851511169514,0.8997382198952879,0.9068601583113457,38.159999999999826,21,13,0.9029546946815495,0.8988235294117647,0.9071240105540898,38.18999999999983,21,13,0.9253164556962026,0.889294403892944,0.9643799472295514,41.04999999999982,24,14,0.9032851511169514,0.8997382198952879,0.9068601583113457,38.159999999999826,21,13,0.9037017520748255,0.9023941068139963,0.9050131926121372,37.969999999999835,21,13
call_bba20372ca37,synthetic,train,13,42.59999999999998,0.9692272623660816,0.9423758865248227,0.997653683716565,45.05999999999998,14,14,0.9694961727407746,0.9447784457804498,0.9955419990614734,44.84999999999996,15,15,0.9702224757558471,0.9442593826337997,0.997653683716565,44.959999999999965,14,14,0.9701117955738079,0.9440497335701599,0.997653683716565,44.96999999999997,14,14,0.9692272623660816,0.9423758865248227,0.997653683716565,45.05999999999998,14,14,0.9702224757558471,0.9442593826337997,0.997653683716565,44.959999999999965,14,14,0.9677345537757437,0.9443948191156767,0.9922571562646645,44.70999999999993,16,16
call_bc24a38d8bf2,synthetic,train,18,25.940000000000015,0.9227216201812045,0.8565303430079155,1.0,30.259999999999984,17,10,0.9182977195187646,0.8603633916554508,0.9845976126299576,29.659999999999975,16,10,0.9182977195187646,0.8603633916554508,0.9845976126299576,29.659999999999975,16,10,0.9182977195187646,0.8603633916554508,0.9845976126299576,29.659999999999975,16,10,0.9330875576036867,0.8949787835926449,0.9745860608394301,28.219999999999988,18,9,0.9282653251350848,0.8992779783393502,0.9591836734693877,27.639999999999983,17,9,0.6408755408500891,0.9451951951951952,0.4847901424720832,13.280000000000022,11,3
call_bc2c7c34acea,human,val,20,31.97999999999999,0.9380396909559158,0.9105882352941177,0.9671977507029054,33.92999999999997,17,14,0.9332925336597307,0.9145427286356822,0.9528272414870353,33.29,16,14,0.9330070357907617,0.9139946059334731,0.9528272414870353,33.300000000000004,16,14,0.9328643523474537,0.9137207908927502,0.9528272414870353,33.309999999999995,16,14,0.9380396909559158,0.9105882352941177,0.9671977507029054,33.92999999999997,17,14,0.9330070357907617,0.9139946059334731,0.9528272414870353,33.300000000000004,16,14,0.9334353481254782,0.9148170365926814,0.9528272414870353,33.27999999999998,16,14
call_bc7120020303,human,train,24,40.41999999999996,0.942314415569281,0.8909211106214191,1.0,45.31999999999985,24,20,0.943956943956944,0.8956483126110124,0.9977739302498145,44.97999999999985,24,20,0.9435153783183253,0.8948535936113576,0.9977739302498145,45.00999999999986,24,20,0.9431844750993688,0.8942584792728885,0.9977739302498145,45.039999999999864,24,20,0.942314415569281,0.8909211106214191,1.0,45.31999999999985,24,20,0.9435153783183253,0.8948535936113576,0.9977739302498145,45.00999999999986,24,20,0.943625730994152,0.8950521411138229,0.9977739302498145,44.99999999999986,24,20
call_bd2262567810,human,train,32,60.94000000000007,0.948327312706141,0.9100226073850791,0.9899983603869487,66.31999999999985,31,26,0.9418789808917197,0.9154929577464789,0.969831119855714,64.5799999999999,29,26,0.941738299904489,0.9150812064965197,0.9699950811608461,64.61999999999989,29,26,0.944743508549715,0.9133629266799327,0.9783571077225774,65.29999999999987,30,26,0.948327312706141,0.9100226073850791,0.9899983603869487,66.31999999999985,31,26,0.941738299904489,0.9150812064965197,0.9699950811608461,64.61999999999989,29,26,0.9423383243071042,0.9162149605079758,0.9699950811608461,64.53999999999989,29,26
call_bd98a8224da0,human,val,22,33.26000000000002,0.9326137689614936,0.9072077185017026,0.959483793517407,35.179999999999836,18,12,0.9022023717849992,0.926605504587156,0.8790516206482593,31.5699999999999,13,12,0.9019245573518091,0.9260196016440089,0.8790516206482593,31.579999999999906,13,12,0.9104227071570273,0.9261099037565973,0.8952581032412965,32.15999999999989,14,12,0.9326137689614936,0.9072077185017026,0.959483793517407,35.179999999999836,18,12,0.9019245573518091,0.9260196016440089,0.8790516206482593,31.579999999999906,13,12,0.9020634431783184,0.9263124604680582,0.8790516206482593,31.569999999999915,13,12
call_bda847d77eef,human,train,17,32.159999999999954,0.944872554831061,0.9026047565118913,0.9912935323383084,35.2699999999999,16,13,0.9466963622865627,0.9059391872691105,0.9912935323383084,35.1499999999999,16,13,0.9461344413117673,0.9049105875674142,0.9912935323383084,35.1899999999999,16,13,0.9455731870087498,0.903884320952651,0.9912935323383084,35.2199999999999,16,13,0.9468369468369469,0.9061967026719727,0.9912935323383084,35.13999999999989,16,13,0.9479631281593816,0.9082621082621083,0.9912935323383084,35.06999999999989,16,13,0.9459581514376035,0.916836883571637,0.9769900497512438,34.239999999999895,16,13
call_bdfa814252df,synthetic,train,15,29.24000000000001,0.9436689111512564,0.9080278128950695,0.9822222222222222,31.599999999999984,13,13,0.9436689111512564,0.9080278128950695,0.9822222222222222,31.599999999999984,13,13,0.9436689111512564,0.9080278128950695,0.9822222222222222,31.599999999999984,13,13,0.9436689111512564,0.9080278128950695,0.9822222222222222,31.599999999999984,13,13,0.9486374896779521,0.9175718849840255,0.9818803418803419,31.249999999999975,13,12,0.9486374896779521,0.9175718849840255,0.9818803418803419,31.249999999999975,13,12,0.952966594648496,0.9272315653298836,0.9801709401709402,30.87999999999996,13,12
call_be72006df132,human,val,19,24.30000000000002,0.9144615384615384,0.9120294599018003,0.9169066227889757,24.419999999999995,13,10,0.901010951979781,0.9231765213638325,0.8798848210612916,23.139999999999997,12,10,0.901010951979781,0.9231765213638325,0.8798848210612916,23.139999999999997,12,10,0.9188184259450527,0.9228215767634855,0.9148498560263266,24.069999999999993,13,10,0.9144615384615384,0.9120294599018003,0.9169066227889757,24.419999999999995,13,10,0.901010951979781,0.9231765213638325,0.8798848210612916,23.139999999999997,12,10,0.9013490725126475,0.924340683095547,0.8794734677087618,23.099999999999987,12,10
call_bf0384ed27ed,human,val,23,42.179999999999964,0.9480325800160606,0.9192436040044494,0.9786830885836096,44.90999999999989,21,15,0.9485082363782974,0.923301188607311,0.9751302700142113,44.5499999999999,21,14,0.9499827526733357,0.9231284916201117,0.9784462340123165,44.70999999999988,21,14,0.9496667432774075,0.9223214285714286,0.9786830885836096,44.749999999999886,21,14,0.9480325800160606,0.9192436040044494,0.9786830885836096,44.90999999999989,21,15,0.9499827526733357,0.9231284916201117,0.9784462340123165,44.70999999999988,21,14,0.9498620055197792,0.9231113097898972,0.9782093794410233,44.689999999999884,21,14
call_bf4ed1a05c84,human,train,22,38.95999999999998,0.8059145900113742,0.6749220644267405,1.0,57.63999999999986,32,21,0.8279943393799049,0.8302373581011352,0.8257634077495509,38.70999999999992,17,13,0.839572192513369,0.8332069749810462,0.8460354118552733,39.48999999999994,17,13,0.848270638727594,0.8347826086956521,0.8622016936104696,40.17999999999993,18,13,0.9364464976900987,0.9119649805447471,0.962278675904542,41.05999999999987,20,17,0.871907040328093,0.933001755412522,0.8183217859892224,34.119999999999905,15,13,0.8616457461645746,0.9437824625725634,0.7926610212984347,32.67999999999996,14,12
call_c04725672945,synthetic,val,12,70.80000000000003,0.9818359647897164,0.9719225449515906,0.9919536984754376,72.26999999999997,13,21,0.9817901666900126,0.9742841256602724,0.9894127611518916,71.89999999999993,14,21,0.983003427292439,0.9742132261195064,0.9919536984754376,72.08999999999996,13,21,0.983003427292439,0.9742132261195064,0.9919536984754376,72.09999999999995,13,21,0.9818359647897164,0.9719225449515906,0.9919536984754376,72.26999999999997,13,21,0.983003427292439,0.9742132261195064,0.9919536984754376,72.08999999999996,13,21,0.9821629213483146,0.9772219116825042,0.9871541501976284,71.51999999999997,12,21
call_c1cbe639d50f,synthetic,train,7,20.53999999999999,0.9634864546525324,0.9333637608397992,0.9956183057448881,21.850000000000005,8,8,0.9669755286291281,0.9443155452436195,0.9907497565725414,21.509999999999994,8,8,0.9669912134884825,0.9439035697728326,0.991236611489776,21.52999999999999,8,8,0.9664461247637051,0.9389348025711662,0.9956183057448881,21.73,8,8,0.9634864546525324,0.9333637608397992,0.9956183057448881,21.850000000000005,8,8,0.9669912134884825,0.9439035697728326,0.991236611489776,21.52999999999999,8,8,0.9672209026128266,0.9443413729128015,0.991236611489776,21.519999999999985,8,8
call_c1d95df7a179,synthetic,train,11,20.599999999999994,0.9571495109455054,0.9202866099417824,0.9970887918486172,22.30999999999997,11,7,0.9627547434996486,0.9307065217391305,0.9970887918486172,22.05999999999997,11,7,0.9614035087719298,0.9281842818428184,0.9970887918486172,22.109999999999975,11,7,0.9609539396773439,0.9273465703971119,0.9970887918486172,22.149999999999967,11,7,0.9571495109455054,0.9202866099417824,0.9970887918486172,22.30999999999997,11,7,0.9614035087719298,0.9281842818428184,0.9970887918486172,22.109999999999975,11,7,0.9625292740046838,0.930285196921684,0.9970887918486172,22.049999999999976,11,7
call_c21f9cf2390e,synthetic,val,23,36.499999999999986,0.9402677651905252,0.8872691933916423,1.0,41.08999999999983,23,15,0.9437766576192322,0.8937576499388005,0.9997261774370209,40.77999999999983,23,15,0.9436546911346602,0.8935389133627019,0.9997261774370209,40.789999999999836,23,15,0.9434108527131783,0.8931017612524462,0.9997261774370209,40.809999999999846,23,15,0.9402677651905252,0.8872691933916423,1.0,41.08999999999983,23,15,0.9436546911346602,0.8935389133627019,0.9997261774370209,40.789999999999836,23,15,0.9443869632695292,0.8948529411764706,0.9997261774370209,40.71999999999985,23,15
call_c337629bcbbb,human,train,27,42.82000000000001,0.9289655982153341,0.9350035452611676,0.923005132991134,42.239999999999924,20,17,0.849015317286652,0.9468848693654895,0.7694820345310313,34.77999999999994,17,13,0.8671293375394322,0.9442154438032426,0.8016798880074661,36.33999999999992,19,14,0.8672722684834722,0.9442307692307692,0.8019132057862809,36.34999999999991,19,14,0.9289655982153341,0.9350035452611676,0.923005132991134,42.239999999999924,20,17,0.8671293375394322,0.9442154438032426,0.8016798880074661,36.33999999999992,19,14,0.8674333375458106,0.946236559139785,0.8007466168922072,36.21999999999993,19,14
call_c3417b995627,synthetic,train,13,28.540000000000013,0.9561286001339585,0.9159448187359641,1.0,31.1599999999999,13,11,0.9555932203389831,0.9257799671592775,0.9873905429071804,30.439999999999916,12,11,0.955431282833418,0.9254760341431385,0.9873905429071804,30.449999999999907,12,11,0.955431282833418,0.9254760341431385,0.9873905429071804,30.449999999999907,12,11,0.9561286001339585,0.9159448187359641,1.0,31.1599999999999,13,11,0.955431282833418,0.9254760341431385,0.9873905429071804,30.449999999999907,12,11,0.955431282833418,0.9254760341431385,0.9873905429071804,30.449999999999907,12,11
call_c3a3ab5fa472,synthetic,train,17,65.34000000000003,0.9764002987303958,0.9538888078213921,1.0,68.48999999999992,17,21,0.9773918251235215,0.9570444216390559,0.9986232216613126,68.1799999999999,18,21,0.9780803471235131,0.9571010248901903,1.0,68.27999999999989,17,21,0.9777146275800179,0.9564008778346744,1.0,68.3299999999999,17,21,0.9764002987303958,0.9538888078213921,1.0,68.48999999999992,17,21,0.9780803471235131,0.9571010248901903,1.0,68.27999999999989,17,21,0.9785195718883317,0.9579425556858148,1.0,68.22999999999988,17,21
call_c3e9e24958f7,synthetic,train,32,74.10000000000004,0.9594979296066253,0.9221489864444721,1.0,80.3599999999999,32,26,0.9594979296066253,0.9221489864444721,1.0,80.34999999999991,32,26,0.9594979296066253,0.9221489864444721,1.0,80.3599999999999,32,26,0.9594979296066253,0.9221489864444721,1.0,80.3599999999999,32,26,0.9594979296066253,0.9221489864444721,1.0,80.3599999999999,32,26,0.9594979296066253,0.9221489864444721,1.0,80.3599999999999,32,26,0.9604300239621786,0.9238724146523798,1.0,80.21999999999991,32,26
call_c49b6face6c3,synthetic,val,11,23.520000000000017,0.9580618892508144,0.9194998046111762,1.0,25.539999999999957,11,8,0.9483333333333334,0.9301185124642419,0.9672758181045474,24.41999999999998,9,8,0.9481358050406166,0.9297385620915033,0.9672758181045474,24.42999999999997,9,8,0.9481358050406166,0.9297385620915033,0.9672758181045474,24.42999999999997,9,8,0.9580618892508144,0.9194998046111762,1.0,25.539999999999957,11,8,0.9481358050406166,0.9297385620915033,0.9672758181045474,24.42999999999997,9,8,0.9497183392447319,0.9327868852459016,0.9672758181045474,24.36,9,8
call_c4fc8a865292,human,val,25,47.45999999999998,0.9342228708433232,0.9248710010319917,0.943765796124684,48.37999999999988,27,20,0.9344176832447085,0.9252529423910799,0.943765796124684,48.35999999999988,27,20,0.9342228708433232,0.9248710010319917,0.943765796124684,48.37999999999988,27,20,0.9342228708433232,0.9248710010319917,0.943765796124684,48.37999999999988,27,20,0.9342228708433232,0.9248710010319917,0.943765796124684,48.37999999999988,27,20,0.9342228708433232,0.9248710010319917,0.943765796124684,48.37999999999988,27,20,0.9347667258115019,0.9265466583902338,0.943133951137321,48.24999999999989,27,20
call_c509bc8280ae,human,train,16,27.63999999999999,0.9319703912583716,0.9095287237702099,0.9555475243946513,29.02999999999997,14,8,0.9065229511243263,0.933052792654935,0.8814600650524034,26.119999999999962,11,7,0.9071322436849926,0.9331295376385174,0.882544271774485,26.139999999999972,11,7,0.9069637883008357,0.9327731092436975,0.882544271774485,26.149999999999963,11,7,0.9319703912583716,0.9095287237702099,0.9555475243946513,29.02999999999997,14,8,0.9071322436849926,0.9331295376385174,0.882544271774485,26.139999999999972,11,7,0.8991170392635732,0.9362284820031299,0.8648355619804843,25.519999999999982,11,7
call_c5b04c36bb62,synthetic,train,27,42.22000000000001,0.7856545572795689,0.6469778117827085,1.0,65.26999999999971,36,23,0.8289393010423053,0.7297589060813242,0.9593188268684958,55.5499999999998,25,19,0.8233982157339822,0.7205464868701207,0.9605014191106906,56.30999999999979,25,20,0.8117577197149644,0.697923757658271,0.9699621570482497,58.69999999999977,29,22,0.9312790955442253,0.8763037129745516,0.9936140018921475,47.83999999999989,25,17,0.9184726522187823,0.8913866013799243,0.9472563859981078,44.85999999999991,21,17,0.8697404887881078,0.9304582210242588,0.8164616840113529,37.03999999999993,18,14
call_c647ee088162,human,train,16,28.140000000000004,0.9281629735525375,0.9351818509182571,0.9212486697410429,27.709999999999937,14,8,0.873137179977073,0.9461697722567288,0.8105711245122383,24.08999999999994,12,7,0.8729703915950334,0.9457781456953642,0.8105711245122383,24.09999999999993,12,7,0.8736641221374046,0.9454770755885997,0.8119900673997872,24.149999999999952,12,7,0.9281629735525375,0.9351818509182571,0.9212486697410429,27.709999999999937,14,8,0.8729703915950334,0.9457781456953642,0.8105711245122383,24.09999999999993,12,7,0.869515232803219,0.9454166666666667,0.8048953529620433,23.939999999999934,12,7
call_c67ce09b3316,synthetic,train,12,19.639999999999993,0.9395777723853433,0.8975428836346778,0.9857433808553971,21.539999999999978,12,7,0.9398058252427185,0.8979591836734694,0.9857433808553971,21.52999999999998,12,7,0.9398058252427185,0.8979591836734694,0.9857433808553971,21.52999999999998,12,7,0.9395777723853433,0.8975428836346778,0.9857433808553971,21.539999999999978,12,7,0.9395777723853433,0.8975428836346778,0.9857433808553971,21.539999999999978,12,7,0.9398058252427185,0.8979591836734694,0.9857433808553971,21.52999999999998,12,7,0.9414053002674447,0.9008841321544905,0.9857433808553971,21.459999999999987,12,7
call_c6daaae3eb0f,human,train,11,22.659999999999993,0.9293989071038251,0.9211438474870017,0.9378032642258491,23.049999999999994,12,10,0.8904016337644656,0.9168224299065421,0.8654609616232907,21.359999999999992,12,9,0.8906533575317604,0.9168612797758057,0.8659020732245258,21.369999999999994,12,9,0.8952595936794583,0.9167822468793343,0.8747243052492281,21.599999999999994,12,9,0.9293989071038251,0.9211438474870017,0.9378032642258491,23.049999999999994,12,10,0.8906533575317604,0.9168612797758057,0.8659020732245258,21.369999999999994,12,9,0.891057648660917,0.9177185600748013,0.8659020732245258,21.349999999999994,12,9
call_c6e878157063,human,train,20,58.33999999999997,0.9660860052175376,0.94923102364809,0.9835503769705277,60.4499999999999,19,20,0.9599241575454623,0.9656667244667938,0.9542494859492803,57.6399999999999,17,17,0.960694934204868,0.9644275600069073,0.9569910897875257,57.879999999999896,17,18,0.9678895196136575,0.9572649572649573,0.9787525702535984,59.6399999999999,19,19,0.9660860052175376,0.94923102364809,0.9835503769705277,60.4499999999999,19,20,0.960694934204868,0.9644275600069073,0.9569910897875257,57.879999999999896,17,18,0.9594280299767421,0.9646630867833016,0.9542494859492803,57.67999999999992,18,18
call_c87e905eb0d7,synthetic,train,14,38.48000000000001,0.9638614480430161,0.9302437846970794,1.0,41.34999999999993,14,13,0.9693158953722334,0.9404587603709127,1.0,40.919999999999945,14,12,0.968220072855169,0.9383978573167763,1.0,41.00999999999995,14,13,0.9677338355304457,0.9374847968864023,1.0,41.02999999999996,14,13,0.9638614480430161,0.9302437846970794,1.0,41.34999999999993,14,13,0.968220072855169,0.9383978573167763,1.0,41.00999999999995,14,13,0.968220072855169,0.9383978573167763,1.0,41.00999999999995,14,13
call_ca184bb77a63,human,val,27,59.43999999999999,0.9488433794876047,0.9358848544324501,0.9621657978812846,61.06999999999989,25,23,0.8434625959988622,0.9669565217391304,0.7479401378846477,45.94999999999993,18,13,0.8626721250465202,0.9656321599666736,0.7795527156549521,47.9499999999999,18,16,0.877623980199835,0.9647319629181782,0.8049436690768454,49.51999999999995,19,16,0.9488433794876047,0.9358848544324501,0.9621657978812846,61.06999999999989,25,23,0.8626721250465202,0.9656321599666736,0.7795527156549521,47.9499999999999,18,16,0.8627523960174932,0.9658333333333333,0.7795527156549521,47.92999999999992,18,16
call_ca5206a4f854,synthetic,train,15,44.6,0.9697565236379517,0.945295870583227,0.9955167002914145,46.95999999999994,14,14,0.9644277507733098,0.9507732520148116,0.9784801613987895,45.87999999999993,15,14,0.9641082274986196,0.9501523726599913,0.9784801613987895,45.90999999999995,15,14,0.9640017667844523,0.9499455930359086,0.9784801613987895,45.919999999999945,15,14,0.9697565236379517,0.945295870583227,0.9955167002914145,46.95999999999994,14,14,0.9641082274986196,0.9501523726599913,0.9784801613987895,45.90999999999995,15,14,0.9646408839779006,0.9511876225757245,0.9784801613987895,45.859999999999935,15,14
call_cbad95f3aabc,synthetic,train,10,22.659999999999997,0.9583597548087085,0.9200487012987013,1.0,24.58999999999993,10,8,0.9568391668456088,0.9322175732217574,0.9827966475518306,23.869999999999916,9,8,0.9568391668456088,0.9322175732217574,0.9827966475518306,23.869999999999916,9,8,0.9564284181154754,0.931438127090301,0.9827966475518306,23.87999999999992,9,8,0.9583597548087085,0.9200487012987013,1.0,24.58999999999993,10,8,0.9568391668456088,0.9322175732217574,0.9827966475518306,23.869999999999916,9,8,0.9572502685284641,0.932998324958124,0.9827966475518306,23.859999999999914,9,8
call_cbb902adb22a,human,train,39,71.14000000000004,0.9286868544930794,0.9299282397636134,0.9274487791187201,70.92999999999995,39,27,0.7474609541691559,0.9538226965802657,0.614510244176256,45.819999999999986,25,16,0.77368245496998,0.9533497739416359,0.6509963513892787,48.540000000000006,29,18,0.7954508263786614,0.9538854003139717,0.6821498737019366,50.85999999999994,30,19,0.9286868544930794,0.9299282397636134,0.9274487791187201,70.92999999999995,39,27,0.77368245496998,0.9533497739416359,0.6509963513892787,48.540000000000006,29,18,0.7562696591005695,0.9592408885054993,0.6241930957058659,46.26,25,18
call_ce3072c8e106,synthetic,train,13,30.37999999999996,0.954160125588697,0.9123386370459321,1.0,33.25999999999995,13,11,0.9539046412165373,0.9196701282834453,0.9907864429088517,32.69999999999994,12,11,0.9539046412165373,0.9196701282834453,0.9907864429088517,32.69999999999994,12,11,0.9539046412165373,0.9196701282834453,0.9907864429088517,32.69999999999994,12,11,0.9561765639885678,0.9239030377416385,0.9907864429088517,32.53999999999992,12,11,0.9561765639885678,0.9239030377416385,0.9907864429088517,32.53999999999992,12,11,0.9567161795240376,0.9295468653010552,0.9855215531424811,32.169999999999945,13,12
call_ce6146a1c53e,synthetic,train,18,43.620000000000026,0.9553620632646314,0.9205607476635514,0.9928980526918672,47.039999999999935,17,16,0.9553620632646314,0.9205607476635514,0.9928980526918672,47.039999999999935,17,16,0.9553620632646314,0.9205607476635514,0.9928980526918672,47.039999999999935,17,16,0.9553620632646314,0.9205607476635514,0.9928980526918672,47.039999999999935,17,16,0.9550947998669476,0.9254404813064031,0.9867124856815579,46.50999999999991,18,16,0.9550947998669476,0.9254404813064031,0.9867124856815579,46.50999999999991,18,16,0.9562513879635799,0.9278172807584573,0.986483390607102,46.36999999999989,18,16
call_cea74e96e420,synthetic,train,12,34.29999999999998,0.9633581356170153,0.9293066088840737,1.0,36.88999999999995,12,14,0.9633581356170153,0.9293066088840737,1.0,36.88999999999995,12,14,0.9633581356170153,0.9293066088840737,1.0,36.88999999999995,12,14,0.9633581356170153,0.9293066088840737,1.0,36.88999999999995,12,14,0.9644413211524947,0.9313246471226927,1.0,36.81999999999993,12,13,0.9644413211524947,0.9313246471226927,1.0,36.81999999999993,12,13,0.9651195499296765,0.9325903778200598,1.0,36.769999999999925,12,13
call_cf313f91b995,human,val,12,21.980000000000018,0.9449766094898641,0.9270104895104895,0.963652885052249,22.85999999999994,9,7,0.9389140271493213,0.9351059035601622,0.9427532939572921,22.159999999999943,8,7,0.9386004514672687,0.9327052489905787,0.9445706497046797,22.26999999999995,8,7,0.9462413562346643,0.9294478527607362,0.963652885052249,22.79999999999995,9,7,0.9449766094898641,0.9270104895104895,0.963652885052249,22.85999999999994,9,7,0.9386004514672687,0.9327052489905787,0.9445706497046797,22.26999999999995,8,7,0.9388123729961617,0.9331238779174147,0.9445706497046797,22.24999999999995,8,7
call_d0442c9e97b7,synthetic,train,43,64.01999999999997,0.7838796477495108,0.6445740722116061,1.0,99.28999999999974,56,34,0.8150078165711307,0.6995415408699541,0.9761273209549072,89.28999999999971,49,29,0.8147626065227142,0.6912372254838008,0.9920424403183024,91.84999999999971,50,31,0.8085618390222279,0.6804519292261778,0.9960992354501482,93.68999999999973,51,33,0.9198737221888154,0.887454677302393,0.9547511312217195,68.86999999999982,33,22,0.9183983012285758,0.8934631842998377,0.9447651739740989,67.67999999999982,32,21,0.9070924261874198,0.933608587943848,0.8820408800124825,60.509999999999835,28,21
call_d13864e1e455,synthetic,train,17,27.899999999999984,0.936472979840759,0.8890318430363461,0.9892627057981389,31.03999999999995,16,16,0.9374258097337629,0.8907508862391235,0.9892627057981389,30.979999999999947,16,16,0.936631650288038,0.8893178893178894,0.9892627057981389,31.02999999999996,16,16,0.936472979840759,0.8890318430363461,0.9892627057981389,31.03999999999995,16,16,0.9400953029271614,0.8961713173264114,0.9885468861846815,30.749999999999964,16,16,0.9402553191489361,0.8964621876014282,0.9885468861846815,30.739999999999974,16,16,0.9427839453458582,0.9016661221822934,0.9878310665712241,30.539999999999953,16,16
call_d13e6463c6fb,human,train,14,36.12000000000002,0.9598795015746954,0.950121984277582,0.9698395130049806,36.849999999999966,10,11,0.9573969391975734,0.9541082715031602,0.9607083563918096,36.349999999999966,10,10,0.9575406672180866,0.9541208791208792,0.9609850581073602,36.359999999999964,10,10,0.957684355616816,0.9541334798132382,0.961261759822911,36.36999999999996,10,10,0.9598795015746954,0.950121984277582,0.9698395130049806,36.849999999999966,10,11,0.9575406672180866,0.9541208791208792,0.9609850581073602,36.359999999999964,10,10,0.9576726871639322,0.9543830722726023,0.9609850581073602,36.34999999999997,10,10
call_d147a02786d2,synthetic,train,8,46.620000000000026,0.9845861486486487,0.9698419301164726,0.9997855917667239,48.06999999999995,8,13,0.9851757729775519,0.9732217573221758,0.9974271012006861,47.79999999999994,8,13,0.9854980417063618,0.9732385532092829,0.9980703259005146,47.81999999999995,8,13,0.9854980417063618,0.9732385532092829,0.9980703259005146,47.82999999999994,8,13,0.9845861486486487,0.9698419301164726,0.9997855917667239,48.06999999999995,8,13,0.9854980417063618,0.9732385532092829,0.9980703259005146,47.81999999999995,8,13,0.9858110969927997,0.9738493723849372,0.9980703259005146,47.78999999999995,8,13
call_d17b2416d506,synthetic,train,10,32.559999999999995,0.9675877520537715,0.9418435591741785,0.9947788697788698,34.34999999999994,12,11,0.9681661933941115,0.9429403202328966,0.9947788697788698,34.30999999999993,12,11,0.9681661933941115,0.9429403202328966,0.9947788697788698,34.30999999999993,12,11,0.9681661933941115,0.9429403202328966,0.9947788697788698,34.30999999999993,12,11,0.9675877520537715,0.9418435591741785,0.9947788697788698,34.34999999999994,12,11,0.9681661933941115,0.9429403202328966,0.9947788697788698,34.30999999999993,12,11,0.9681566751382867,0.9431983687736674,0.9944717444717445,34.27999999999993,12,11
call_d38f7d5159e7,human,train,17,25.860000000000007,0.8970409404134576,0.943307757885763,0.8551004636785162,23.429999999999986,12,9,0.8578059071729958,0.9447026022304833,0.785548686244204,21.499999999999986,10,8,0.8578059071729958,0.9447026022304833,0.785548686244204,21.499999999999986,10,8,0.8578059071729958,0.9447026022304833,0.785548686244204,21.499999999999986,10,8,0.8970409404134576,0.943307757885763,0.8551004636785162,23.429999999999986,12,9,0.8578059071729958,0.9447026022304833,0.785548686244204,21.499999999999986,10,8,0.8550877935265496,0.9448340345956054,0.7809119010819165,21.36999999999999,10,8
call_d3e854cbb77d,human,train,21,35.480000000000025,0.9083357204239473,0.9247594050743657,0.8924852237545736,34.22999999999988,18,13,0.8758600059826503,0.9345675071816151,0.8240923163523782,31.289999999999896,17,11,0.8850761721638811,0.9326683291770573,0.8421052631578947,32.0299999999999,18,11,0.8872534589343538,0.9299598889231718,0.848297213622291,32.33999999999989,18,11,0.9083357204239473,0.9247594050743657,0.8924852237545736,34.22999999999988,18,13,0.8850761721638811,0.9326683291770573,0.8421052631578947,32.0299999999999,18,11,0.885489380662409,0.9374213836477987,0.8390092879256966,31.749999999999908,18,11
call_d437831f4543,synthetic,train,11,28.320000000000014,0.9608177172061328,0.929159802306425,0.9947089947089947,30.279999999999944,12,12,0.9564618826363793,0.9338037634408602,0.980246913580247,29.689999999999955,11,12,0.9564618826363793,0.9338037634408602,0.980246913580247,29.689999999999955,11,12,0.9609814278411996,0.9294660514172709,0.9947089947089947,30.26999999999994,12,12,0.9608177172061328,0.929159802306425,0.9947089947089947,30.279999999999944,12,12,0.9564618826363793,0.9338037634408602,0.980246913580247,29.689999999999955,11,12,0.9561025994147013,0.9337592468056489,0.9795414462081129,29.67999999999995,11,12
call_d4518fcb700a,synthetic,val,9,55.67999999999998,0.9832846908994428,0.9686356508102457,0.9983836206896551,57.37999999999994,10,16,0.9851063829787234,0.9726890756302521,0.9978448275862069,57.10999999999994,10,16,0.9851090232228328,0.972523626181309,0.9980244252873564,57.129999999999924,10,16,0.9851090232228328,0.972523626181309,0.9980244252873564,57.129999999999924,10,16,0.9832846908994428,0.9686356508102457,0.9983836206896551,57.37999999999994,10,16,0.9851090232228328,0.972523626181309,0.9980244252873564,57.129999999999924,10,16,0.9850164021633123,0.9726842934687445,0.9976652298850575,57.08999999999993,10,16
call_d557fa43925b,human,train,22,49.49999999999999,0.8938223938223938,0.9533287577213452,0.8413082980012114,43.649999999999935,16,13,0.7896914528904125,0.9526525955504849,0.6743387845750051,35.00999999999993,13,12,0.7896914528904125,0.9526525955504849,0.6743387845750051,35.00999999999993,13,12,0.7896914528904125,0.9526525955504849,0.6743387845750051,35.00999999999993,13,12,0.8938223938223938,0.9533287577213452,0.8413082980012114,43.649999999999935,16,13,0.7896914528904125,0.9526525955504849,0.6743387845750051,35.00999999999993,13,12,0.7472554582459603,0.9603677869372226,0.6115485564304461,31.519999999999914,13,11
call_d5d00276dd35,human,train,65,74.27999999999992,0.8540120183810533,0.9001490312965723,0.812373907195696,66.9499999999998,43,22,0.6506554059998241,0.9404883011190234,0.49737726967047746,39.27999999999989,17,13,0.6711583311738792,0.9379526798647996,0.5225285810356423,41.37999999999987,20,13,0.67442060825364,0.9381591562799616,0.5264290517821116,41.679999999999865,20,13,0.8540120183810533,0.9001490312965723,0.812373907195696,66.9499999999998,43,22,0.6711583311738792,0.9379526798647996,0.5225285810356423,41.37999999999987,20,13,0.6710446729456494,0.9383760270662156,0.5222595830531271,41.339999999999876,20,13
call_d60330be1b1f,human,val,17,38.24000000000002,0.9473276529821844,0.9366862394689813,0.9582136328022982,39.07999999999996,15,12,0.9447118511773124,0.94116122343183,0.9482893705928441,38.48999999999997,14,12,0.9479395426947422,0.9378834355828221,0.9582136328022982,39.029999999999966,15,12,0.9474499677211103,0.9369254341164454,0.9582136328022982,39.069999999999965,15,12,0.9473276529821844,0.9366862394689813,0.9582136328022982,39.07999999999996,15,12,0.9479395426947422,0.9378834355828221,0.9582136328022982,39.029999999999966,15,12,0.9486748545572075,0.9393241167434716,0.9582136328022982,38.97999999999997,15,12
call_d72a7cb67eb0,human,train,20,46.580000000000055,0.9574490112848121,0.9259110933119744,0.9912111468381565,49.9099999999998,20,17,0.9484775050047414,0.932656444260257,0.9648445873526259,48.22999999999982,18,17,0.9484992101105845,0.9322981366459627,0.9652733118971061,48.2799999999998,18,17,0.9484992101105845,0.9322981366459627,0.9652733118971061,48.2799999999998,18,17,0.9574490112848121,0.9259110933119744,0.9912111468381565,49.9099999999998,20,17,0.9484992101105845,0.9322981366459627,0.9652733118971061,48.2799999999998,18,17,0.9490667510281556,0.933997509339975,0.9646302250803859,48.1699999999998,18,17
call_d80d9f6f7884,human,train,15,32.56000000000001,0.9423635529735515,0.9390615478366849,0.945688861613992,32.779999999999944,11,10,0.9454377311960542,0.9498296686280582,0.9410862227677201,32.25999999999994,11,9,0.9451632778804683,0.9489638107021342,0.9413930653574716,32.29999999999993,11,9,0.9451632778804683,0.9489638107021342,0.9413930653574716,32.29999999999993,11,9,0.9423635529735515,0.9390615478366849,0.945688861613992,32.779999999999944,11,10,0.9451632778804683,0.9489638107021342,0.9413930653574716,32.29999999999993,11,9,0.9457459926017263,0.9501393620315888,0.9413930653574716,32.259999999999955,11,9
call_d88d3c23953c,synthetic,val,18,40.08,0.9526303261128303,0.9114097016624915,0.9977561705310396,43.879999999999875,19,16,0.9557014925373134,0.9170485792850596,0.9977561705310396,43.60999999999989,19,16,0.9553592742898066,0.916418594000458,0.9977561705310396,43.639999999999894,19,16,0.9551312649164678,0.9159990844586862,0.9977561705310396,43.65999999999989,19,16,0.9544370229007634,0.914932540589984,0.9975068561455996,43.68999999999987,19,16,0.9562619502868069,0.9182924030296076,0.9975068561455996,43.52999999999987,19,16,0.957084631982738,0.9217270838143615,0.9952630266766392,43.24999999999986,20,15
call_d88d8e15e430,synthetic,train,15,52.12,0.9714871412597839,0.9445551730385939,1.0,55.149999999999906,15,17,0.9721212121212122,0.9457547169811321,1.0,55.07999999999991,15,17,0.9719399645753706,0.945411679361625,1.0,55.09999999999991,15,17,0.9717587846024792,0.9450688905003626,1.0,55.119999999999905,15,17,0.9714871412597839,0.9445551730385939,1.0,55.149999999999906,15,17,0.9719399645753706,0.945411679361625,1.0,55.09999999999991,15,17,0.9721212121212122,0.9457547169811321,1.0,55.07999999999991,15,17
call_d89caa393417,synthetic,train,8,43.080000000000005,0.9822242479489517,0.9650694133452754,1.0,44.61999999999997,8,14,0.9823361823361824,0.9652855543113102,1.0,44.60999999999998,8,14,0.9822242479489517,0.9650694133452754,1.0,44.61999999999997,8,14,0.9822242479489517,0.9650694133452754,1.0,44.61999999999997,8,14,0.9822242479489517,0.9650694133452754,1.0,44.61999999999997,8,14,0.9822242479489517,0.9650694133452754,1.0,44.61999999999997,8,14,0.982636509024446,0.9678217821782178,0.9979118329466358,44.40999999999996,8,14
call_d9b9c625f406,synthetic,train,25,30.199999999999996,0.9210730345790045,0.8671532846715329,0.9821428571428571,34.199999999999854,25,12,0.9229334990677439,0.8704572098475967,0.9821428571428571,34.05999999999984,25,12,0.9217877094972067,0.868421052631579,0.9821428571428571,34.14999999999986,25,12,0.921644685802948,0.8681672025723473,0.9821428571428571,34.15999999999985,25,12,0.9210730345790045,0.8671532846715329,0.9821428571428571,34.199999999999854,25,12,0.9217877094972067,0.868421052631579,0.9821428571428571,34.14999999999986,25,12,0.9232203916692571,0.8709677419354839,0.9821428571428571,34.03999999999986,25,12
call_db5326bcb672,human,train,18,51.97999999999997,0.968787850554365,0.9394651246837731,1.0,55.279999999999944,18,20,0.9677601278315631,0.9463235294117647,0.9901904212348529,54.33999999999995,17,19,0.9679294823705926,0.9443732845379689,0.9926909020965571,54.58999999999999,17,19,0.9678387248007502,0.9442005122575924,0.9926909020965571,54.59999999999998,17,19,0.968787850554365,0.9394651246837731,1.0,55.279999999999944,18,20,0.9679294823705926,0.9443732845379689,0.9926909020965571,54.58999999999999,17,19,0.968201857236657,0.9448919809593556,0.9926909020965571,54.54000000000002,17,19
call_dc1a55102190,human,val,16,36.000000000000014,0.9496402877697842,0.9290836653386454,0.9711271515824542,37.579999999999934,16,10,0.9356774103530069,0.9405329593267883,0.9308717379233759,35.58999999999994,14,10,0.9357491289198606,0.9395465994962217,0.9319822320932815,35.65999999999994,14,10,0.9357849282629893,0.9390550740844283,0.9325374791782343,35.70999999999994,14,10,0.9496402877697842,0.9290836653386454,0.9711271515824542,37.579999999999934,16,10,0.9357491289198606,0.9395465994962217,0.9319822320932815,35.65999999999994,14,10,0.9360100376411543,0.9400728087370485,0.9319822320932815,35.649999999999935,14,10
call_dcdbcc7d70e4,synthetic,train,13,36.26000000000002,0.9642857142857143,0.9339184305627258,0.996694214876033,38.67999999999993,14,13,0.9650573486263003,0.9353671147880042,0.996694214876033,38.619999999999926,14,12,0.9648,0.9348837209302325,0.996694214876033,38.63999999999994,14,12,0.9648,0.9348837209302325,0.996694214876033,38.63999999999994,14,12,0.9642857142857143,0.9339184305627258,0.996694214876033,38.67999999999993,14,13,0.9648,0.9348837209302325,0.996694214876033,38.63999999999994,14,12,0.9655632674853176,0.9365613671672709,0.9964187327823691,38.58999999999991,14,11
call_ddeabfdb99d4,human,train,38,54.80000000000003,0.9256828662646328,0.9015373985144239,0.9511572808456351,57.809999999999725,37,19,0.8318530480419862,0.9321420493101108,0.751047931474394,44.12999999999988,23,18,0.841147655703289,0.9315766164747564,0.7667213413522872,45.07999999999989,24,18,0.8544647261963493,0.9315834767641996,0.7891379624567159,46.39999999999986,26,18,0.9256828662646328,0.9015373985144239,0.9511572808456351,57.809999999999725,37,19,0.841147655703289,0.9315766164747564,0.7667213413522872,45.07999999999989,24,18,0.8412841284128413,0.9321808510638298,0.7665390924002187,45.039999999999885,24,18
call_ddf2da1910f1,human,train,18,34.74000000000001,0.946717278222972,0.92652724270776,0.9678068410462777,36.28999999999991,16,15,0.8329097839898348,0.9307774227902024,0.7536648462201783,28.13999999999994,11,11,0.8462261196367052,0.9294805641554867,0.7766599597585513,29.03999999999993,12,11,0.8601485148514851,0.931323283082077,0.7990801954584651,29.81999999999992,13,11,0.946717278222972,0.92652724270776,0.9678068410462777,36.28999999999991,16,15,0.8462261196367052,0.9294805641554867,0.7766599597585513,29.03999999999993,12,11,0.8466238445871848,0.9304407713498623,0.7766599597585513,29.009999999999927,12,11
call_df3e278ab7fe,synthetic,train,12,37.599999999999994,0.9697047827768467,0.9411911911911912,1.0,39.899999999999935,12,11,0.9704554251064379,0.9426065162907268,1.0,39.83999999999993,12,11,0.9704554251064379,0.9426065162907268,1.0,39.83999999999993,12,11,0.9704554251064379,0.9426065162907268,1.0,39.83999999999993,12,11,0.9697047827768467,0.9411911911911912,1.0,39.899999999999935,12,11,0.9704554251064379,0.9426065162907268,1.0,39.83999999999993,12,11,0.9712072304712718,0.9440261044176707,1.0,39.78999999999993,12,11
call_df75973c8794,synthetic,train,14,70.92000000000004,0.9811007268951194,0.9642128180704858,0.9985907553551296,73.42999999999998,15,24,0.9806692995219289,0.9645631729589751,0.9973224351747464,73.30999999999997,16,24,0.9811007268951194,0.9642128180704858,0.9985907553551296,73.42999999999998,15,24,0.9811007268951194,0.9642128180704858,0.9985907553551296,73.42999999999998,15,24,0.9811007268951194,0.9642128180704858,0.9985907553551296,73.42999999999998,15,24,0.9811007268951194,0.9642128180704858,0.9985907553551296,73.42999999999998,15,24,0.9821812382999376,0.9666985123515763,0.9981679819616686,73.19999999999997,15,24
call_e0a8703be347,synthetic,train,13,52.499999999999986,0.9775667876756958,0.9561179898033503,1.0,54.88999999999992,13,18,0.9775667876756958,0.9561179898033503,1.0,54.88999999999992,13,18,0.9775667876756958,0.9561179898033503,1.0,54.88999999999992,13,18,0.9775667876756958,0.9561179898033503,1.0,54.88999999999992,13,18,0.9775667876756958,0.9561179898033503,1.0,54.88999999999992,13,18,0.9775667876756958,0.9561179898033503,1.0,54.88999999999992,13,18,0.9783864356251164,0.9576873974101769,1.0,54.79999999999994,13,18
call_e0c1f661d9ca,human,train,18,47.81999999999999,0.9681023973994312,0.9415135348745307,0.9962366715450554,50.5599999999999,18,17,0.9601400762179421,0.9462038164839627,0.9744929960275978,49.20999999999992,17,17,0.9654187493624401,0.9426294820717132,0.9893372360443237,50.139999999999915,18,17,0.9654187493624401,0.9426294820717132,0.9893372360443237,50.139999999999915,18,17,0.9681023973994312,0.9415135348745307,0.9962366715450554,50.5599999999999,18,17,0.9654187493624401,0.9426294820717132,0.9893372360443237,50.139999999999915,18,17,0.9661086157615353,0.9439457410732096,0.9893372360443237,50.06999999999991,18,17
call_e106a61086bb,synthetic,train,15,34.179999999999986,0.9559197513421871,0.9250751982499317,0.9888921368021046,36.5399999999999,15,13,0.9534060331397819,0.9247252747252748,0.9839228295819936,36.3699999999999,16,12,0.9535542339280657,0.9247459489151332,0.9842151417714119,36.379999999999896,16,12,0.9559197513421871,0.9250751982499317,0.9888921368021046,36.5399999999999,15,13,0.9559197513421871,0.9250751982499317,0.9888921368021046,36.5399999999999,15,13,0.9535542339280657,0.9247459489151332,0.9842151417714119,36.379999999999896,16,12,0.9536761580960476,0.9252336448598131,0.9839228295819936,36.34999999999991,16,12
call_e118b75d4937,human,train,27,47.919999999999995,0.9370586429229352,0.9203860072376358,0.9543464665415885,49.69999999999991,24,21,0.8880842659644503,0.9374565670604587,0.8436522826766729,43.14999999999982,18,19,0.8988520684427117,0.9353166553977913,0.8651240358557432,44.34999999999988,19,19,0.9002485680319896,0.9346947935368043,0.8682509902022097,44.53999999999988,19,19,0.9370586429229352,0.9203860072376358,0.9543464665415885,49.69999999999991,24,21,0.8988520684427117,0.9353166553977913,0.8651240358557432,44.34999999999988,19,19,0.8906386701662292,0.9367379802162411,0.8488638732541172,43.449999999999875,18,19
call_e2200941723b,synthetic,train,27,36.29999999999998,0.7599038361032716,0.6127781523937964,1.0,59.209999999999745,33,22,0.7694153577661431,0.6374480390384963,0.9702888583218707,55.24999999999971,33,20,0.7729238754325259,0.6367361482273294,0.9832187070151307,56.03999999999972,33,20,0.7720548536875067,0.6354425879843584,0.9834938101788171,56.169999999999725,33,20,0.9079555389034595,0.831427264409881,1.0,43.6699999999999,24,16,0.893925888195594,0.8321479374110953,0.9656121045392022,42.12999999999991,24,14,0.8593570608495982,0.8982898289828983,0.8236588720770289,33.269999999999925,17,12
call_e2d538297f0c,human,val,24,59.060000000000045,0.9653522521036133,0.9420383191112542,0.9898494332600237,62.0699999999999,22,23,0.9591289782244556,0.9497429092718527,0.9687024192184064,60.24999999999991,20,23,0.9586472459400637,0.9487986743993372,0.9687024192184064,60.30999999999991,20,23,0.958486776029461,0.9484843465297333,0.9687024192184064,60.329999999999906,20,23,0.9653522521036133,0.9420383191112542,0.9898494332600237,62.0699999999999,22,23,0.9586472459400637,0.9487986743993372,0.9687024192184064,60.30999999999991,20,23,0.9590486558914664,0.9495854063018242,0.9687024192184064,60.23999999999993,20,22
call_e3064936e37a,synthetic,train,19,42.05999999999999,0.9519690416571819,0.9134993446920052,0.9938212927756654,45.769999999999875,16,13,0.9525111035189614,0.9144981412639405,0.9938212927756654,45.719999999999864,16,13,0.9524026417672512,0.9142982072584172,0.9938212927756654,45.72999999999987,16,13,0.9522942047136513,0.9140983606557377,0.9938212927756654,45.739999999999874,16,13,0.9529802082141632,0.9188175601147143,0.9897813688212928,45.29999999999988,19,15,0.9531983064423847,0.9192231295519753,0.9897813688212928,45.27999999999989,19,15,0.9563719862227325,0.9251443802754331,0.9897813688212928,44.98999999999988,19,15
call_e3084824935d,synthetic,train,10,31.939999999999984,0.9695038689121529,0.9408127208480566,1.0,33.93999999999993,10,13,0.9696509863429439,0.9410898379970545,1.0,33.92999999999992,10,13,0.9695038689121529,0.9408127208480566,1.0,33.93999999999993,10,13,0.9695038689121529,0.9408127208480566,1.0,33.93999999999993,10,13,0.9695038689121529,0.9408127208480566,1.0,33.93999999999993,10,13,0.9695038689121529,0.9408127208480566,1.0,33.93999999999993,10,13,0.9697981484292002,0.9413671184443135,1.0,33.92999999999992,10,13
call_e31bf946a8fa,human,train,12,39.73999999999999,0.968263693174856,0.9438604873387482,0.9939622641509434,41.82999999999993,14,13,0.9692572552877521,0.9480394515275439,0.9914465408805031,41.53999999999993,14,13,0.9690189328743546,0.9475835537388796,0.9914465408805031,41.55999999999993,14,13,0.9687807276302851,0.947128094208123,0.9914465408805031,41.57999999999993,14,13,0.968263693174856,0.9438604873387482,0.9939622641509434,41.82999999999993,14,13,0.9690189328743546,0.9475835537388796,0.9914465408805031,41.55999999999993,14,13,0.9706896551724138,0.9507840772014475,0.9914465408805031,41.41999999999993,14,13
call_e329faf2b6a1,synthetic,val,16,36.40000000000001,0.9577991452991453,0.9323972958918356,0.9846238330587589,38.42999999999989,19,16,0.95361380798274,0.9369369369369369,0.970895112575508,37.709999999999916,18,16,0.953099730458221,0.9359449444150344,0.970895112575508,37.749999999999915,18,16,0.953099730458221,0.9359449444150344,0.970895112575508,37.749999999999915,18,16,0.9577991452991453,0.9323972958918356,0.9846238330587589,38.42999999999989,19,16,0.953099730458221,0.9359449444150344,0.970895112575508,37.749999999999915,18,16,0.952586789139538,0.9375166179207658,0.9681493684788578,37.57999999999991,19,17
call_e3f555297277,synthetic,val,11,25.100000000000016,0.9598610575067541,0.9311119430924747,0.9904420549581839,26.659999999999954,13,11,0.9611444036342548,0.9338842975206612,0.9900438072481084,26.57999999999995,13,11,0.9611594202898551,0.9335585585585585,0.9904420549581839,26.589999999999954,13,11,0.9611594202898551,0.9335585585585585,0.9904420549581839,26.589999999999954,13,11,0.9598610575067541,0.9311119430924747,0.9904420549581839,26.659999999999954,13,11,0.9611594202898551,0.9335585585585585,0.9904420549581839,26.589999999999954,13,11,0.9639255236617533,0.9395085066162571,0.9896455595380327,26.409999999999947,13,11
call_e4d9c2e0947a,human,train,13,34.78,0.9614317425083241,0.9294527896995708,0.9956896551724138,37.209999999999965,14,15,0.9592406476828588,0.9326818675352877,0.9873563218390805,36.76999999999997,15,14,0.958984375,0.931941431670282,0.9876436781609196,36.80999999999996,15,14,0.9594198856505369,0.9319967488485505,0.9885057471264368,36.83999999999996,15,14,0.9614317425083241,0.9294527896995708,0.9956896551724138,37.209999999999965,14,15,0.958984375,0.931941431670282,0.9876436781609196,36.80999999999996,15,14,0.9599217986314761,0.9337136647650095,0.9876436781609196,36.75999999999997,15,14
call_e58669998b76,human,val,15,27.0,0.9489777777777778,0.9140410958904109,0.9866913123844732,29.139999999999954,14,10,0.9119969913501317,0.9280520474550326,0.8964879852125693,26.07999999999997,11,9,0.9118255311148712,0.9276970160673298,0.8964879852125693,26.089999999999968,11,9,0.9157481785914441,0.9256042296072508,0.9060998151571165,26.429999999999968,11,9,0.9489777777777778,0.9140410958904109,0.9866913123844732,29.139999999999954,14,10,0.9118255311148712,0.9276970160673298,0.8964879852125693,26.089999999999968,11,9,0.9119969913501317,0.9280520474550326,0.8964879852125693,26.069999999999965,11,9
call_e618b7b1fa5b,human,train,20,33.66000000000001,0.9308361598584279,0.9252418645558487,0.9364985163204748,34.099999999999866,16,10,0.8523840627041149,0.9477124183006536,0.7744807121661721,27.529999999999923,9,8,0.8555157826228441,0.9470461095100865,0.7801186943620178,27.749999999999922,9,8,0.8579305870904963,0.945994277539342,0.7848664688427299,27.949999999999925,9,8,0.9308361598584279,0.9252418645558487,0.9364985163204748,34.099999999999866,16,10,0.8555157826228441,0.9470461095100865,0.7801186943620178,27.749999999999922,9,8,0.8557942708333334,0.9477289113193944,0.7801186943620178,27.729999999999926,9,8
call_e697765a4dfd,synthetic,train,8,34.759999999999984,0.9764044943820225,0.9538968166849616,1.0,36.40999999999991,8,11,0.9764044943820225,0.9538968166849616,1.0,36.40999999999991,8,11,0.9764044943820225,0.9538968166849616,1.0,36.40999999999991,8,11,0.9764044943820225,0.9538968166849616,1.0,36.40999999999991,8,11,0.9764044943820225,0.9538968166849616,1.0,36.40999999999991,8,11,0.9764044943820225,0.9538968166849616,1.0,36.40999999999991,8,11,0.9764044943820225,0.9538968166849616,1.0,36.40999999999991,8,11
call_e69e8ba551e4,human,train,21,41.519999999999996,0.9239077074128621,0.943358395989975,0.9052429052429053,39.82999999999993,17,14,0.8931939841957686,0.9501084598698482,0.8427128427128427,36.83999999999995,13,14,0.8931939841957686,0.9501084598698482,0.8427128427128427,36.83999999999995,13,14,0.8931939841957686,0.9501084598698482,0.8427128427128427,36.83999999999995,13,14,0.9239077074128621,0.943358395989975,0.9052429052429053,39.82999999999993,17,14,0.8931939841957686,0.9501084598698482,0.8427128427128427,36.83999999999995,13,14,0.8932534115546487,0.9508552810209069,0.8422318422318422,36.78999999999994,13,14
call_e6c59d28e6d7,synthetic,train,9,25.899999999999995,0.9684965100924354,0.9472324723247233,0.9907371671169433,27.03999999999998,8,8,0.9689981096408318,0.9496109670248241,0.9891933616364338,26.929999999999982,8,8,0.9689981096408318,0.9496109670248241,0.9891933616364338,26.929999999999982,8,8,0.9691929691929692,0.9496296296296296,0.9895793130065612,26.93999999999998,8,8,0.9684965100924354,0.9472324723247233,0.9907371671169433,27.03999999999998,8,8,0.9689981096408318,0.9496109670248241,0.9891933616364338,26.929999999999982,8,8,0.9693645990922845,0.9503151649981461,0.9891933616364338,26.90999999999997,8,8
call_e9bd33cdb226,human,val,21,26.61999999999997,0.8468729851708575,0.742090395480226,0.9861111111111112,35.30999999999993,23,9,0.8847067421889274,0.86187255250979,0.9087837837837838,28.01999999999993,14,9,0.8787658802177858,0.8506676036542515,0.9087837837837838,28.389999999999933,14,9,0.8787658802177858,0.8506676036542515,0.9087837837837838,28.39999999999993,14,9,0.9082701336222463,0.8750869867780098,0.9440690690690691,28.6799999999999,17,9,0.8790400619314883,0.9073112265281662,0.8524774774774775,24.989999999999924,11,9,0.8817705299941759,0.9131483715319663,0.8524774774774775,24.839999999999925,11,9
call_eb1c9a5a2c08,human,train,23,38.039999999999985,0.9356089992242048,0.9215486500254713,0.9501050420168067,39.17999999999992,18,14,0.8873065863343831,0.927038626609442,0.8508403361344538,34.86999999999996,15,12,0.8869422392554065,0.9262435677530018,0.8508403361344538,34.89999999999996,15,12,0.8919396493135789,0.9244857706396168,0.8616071428571429,35.40999999999996,16,12,0.9356089992242048,0.9215486500254713,0.9501050420168067,39.17999999999992,18,14,0.8869422392554065,0.9262435677530018,0.8508403361344538,34.89999999999996,15,12,0.8874281018898932,0.9273039496279336,0.8508403361344538,34.85999999999996,15,12
call_ec545493459e,synthetic,train,16,24.160000000000007,0.9287240240823461,0.8751830161054173,0.989242863053372,27.2899999999999,15,13,0.9287240240823461,0.8751830161054173,0.989242863053372,27.2899999999999,15,13,0.9287240240823461,0.8751830161054173,0.989242863053372,27.2899999999999,15,13,0.9287240240823461,0.8751830161054173,0.989242863053372,27.2899999999999,15,13,0.9330724070450098,0.8852580764946156,0.9863467107985106,26.879999999999928,16,13,0.9330724070450098,0.8852580764946156,0.9863467107985106,26.879999999999928,16,13,0.9352687328364064,0.8892204401342783,0.9863467107985106,26.749999999999922,16,13
call_ec58505fc522,human,train,16,32.89999999999997,0.955687926776115,0.9159008632692843,0.9990886998784934,35.84999999999993,16,13,0.9417577481658931,0.9285503395335105,0.9553462940461726,33.819999999999936,13,13,0.9516607354685647,0.9296060254924682,0.9747873633049817,34.45999999999994,14,13,0.9516607354685647,0.9296060254924682,0.9747873633049817,34.45999999999994,14,13,0.955687926776115,0.9159008632692843,0.9990886998784934,35.84999999999993,16,13,0.9516607354685647,0.9296060254924682,0.9747873633049817,34.45999999999994,14,13,0.9516607354685647,0.9296060254924682,0.9747873633049817,34.449999999999946,14,13
call_ed020e30c242,synthetic,train,15,24.899999999999995,0.7584842489727591,0.6109340524638391,1.0,40.689999999999955,23,13,0.763096168881939,0.6251601332308481,0.9791332263242376,38.93999999999994,21,13,0.7578816586426463,0.6181910311629085,0.9791332263242376,39.379999999999946,21,13,0.7652387532627054,0.6197463317582691,1.0,40.11999999999995,22,13,0.9380764163372859,0.8833746898263027,1.0,28.130000000000024,15,9,0.9314754724184005,0.8882417182380778,0.9791332263242376,27.40000000000002,14,9,0.7247524752475247,0.9457364341085271,0.5874799357945425,15.460000000000004,11,6
call_ed041799aed9,human,train,22,42.2,0.9473806212331942,0.9282307517601636,0.9673372781065088,43.99999999999987,22,17,0.9350463954318344,0.9399665151877541,0.9301775147928995,41.78999999999989,20,15,0.9379359262324152,0.9369390647142183,0.9389349112426035,42.309999999999896,20,15,0.9424882629107981,0.9348079161816065,0.9502958579881656,42.92999999999988,21,16,0.9473806212331942,0.9282307517601636,0.9673372781065088,43.99999999999987,22,17,0.9379359262324152,0.9369390647142183,0.9389349112426035,42.309999999999896,20,15,0.9384998222538216,0.9397247271001424,0.9372781065088758,42.109999999999886,20,15
call_ed99e3ea3f0e,synthetic,train,12,33.14000000000002,0.9676290463692039,0.9372881355932203,1.0,35.34,12,11,0.9694399766047668,0.9414938937801761,0.9990958408679927,35.14999999999999,12,11,0.9688733011836914,0.9404255319148936,0.9990958408679927,35.18000000000001,12,11,0.9688733011836914,0.9404255319148936,0.9990958408679927,35.18000000000001,12,11,0.9676290463692039,0.9372881355932203,1.0,35.34,12,11,0.9688733011836914,0.9404255319148936,0.9990958408679927,35.18000000000001,12,11,0.9688733011836914,0.9404255319148936,0.9990958408679927,35.18000000000001,12,11
call_ee227bc9d7ac,human,train,24,52.98000000000003,0.830540827147402,0.9484136594817147,0.7387285417845689,41.26999999999992,16,14,0.8203477141017386,0.9514563106796117,0.7209960384833051,40.15999999999994,15,14,0.8200235823775325,0.9496027805362462,0.7215619694397284,40.26999999999993,15,14,0.8198478190976316,0.9491315136476427,0.7215619694397284,40.28999999999993,15,14,0.830540827147402,0.9484136594817147,0.7387285417845689,41.26999999999992,16,14,0.8200235823775325,0.9496027805362462,0.7215619694397284,40.26999999999993,15,14,0.819274522429706,0.9502116006970376,0.7200528202225995,40.15999999999996,15,14
call_eed2c7389776,synthetic,val,14,43.01999999999997,0.969580892293826,0.9409577957577083,1.0,45.679999999999936,14,14,0.9706744868035191,0.9430199430199431,1.0,45.57999999999994,14,13,0.9703461495095276,0.9424003504161191,1.0,45.60999999999994,14,13,0.9703461495095276,0.9424003504161191,1.0,45.61999999999993,14,13,0.969580892293826,0.9409577957577083,1.0,45.679999999999936,14,14,0.9703461495095276,0.9424003504161191,1.0,45.60999999999994,14,13,0.9706744868035191,0.9430199430199431,1.0,45.58999999999993,14,13
call_f003741555a1,human,train,14,28.019999999999982,0.9546555901696089,0.9270588235294117,0.9839457723867285,29.709999999999958,14,10,0.9545055331108379,0.9401384083044982,0.96931858722797,28.869999999999955,13,10,0.9541703248463564,0.9394882434301521,0.96931858722797,28.87999999999996,13,10,0.9527145359019265,0.935672514619883,0.9703888690688548,29.02999999999996,13,10,0.9546555901696089,0.9270588235294117,0.9839457723867285,29.709999999999958,14,10,0.9541703248463564,0.9394882434301521,0.96931858722797,28.87999999999996,13,10,0.9541703248463564,0.9394882434301521,0.96931858722797,28.869999999999962,13,10
call_f0ad1cf1aa6a,synthetic,train,17,31.080000000000034,0.9442663001985035,0.8996217631655513,0.993573264781491,34.31999999999992,16,16,0.9444105070250458,0.89988358556461,0.993573264781491,34.29999999999994,16,16,0.9444105070250458,0.89988358556461,0.993573264781491,34.29999999999994,16,16,0.9442663001985035,0.8996217631655513,0.993573264781491,34.31999999999992,16,16,0.9459996940492581,0.9027737226277373,0.993573264781491,34.20999999999993,16,16,0.9461444308445532,0.9030373831775701,0.993573264781491,34.18999999999994,16,16,0.948902869418444,0.9080763582966226,0.993573264781491,34.00999999999993,16,16
call_f1372119b403,synthetic,train,56,58.619999999999905,0.6864362168801544,0.5225754742185412,1.0,112.15999999999976,74,43,0.7141070535267634,0.564006321612011,0.9730743012951601,101.1299999999998,66,39,0.7133923596062164,0.5602450646698435,0.9817655078391274,102.71999999999979,66,38,0.7100969206232364,0.5547249377036612,0.9863667348329925,104.22999999999979,67,38,0.8949367088607595,0.835203780271707,0.9638718473074301,67.5499999999999,55,26,0.8766365780271611,0.8383885518743195,0.9185412406271302,64.11999999999988,52,24,0.39867021276595743,0.9073849878934624,0.255453306066803,16.449999999999875,24,3
call_f1b82a4a46f6,human,val,14,30.079999999999995,0.9446627373935822,0.9312459651387992,0.9584717607973422,30.939999999999955,13,10,0.9196141479099679,0.9372197309417041,0.90265780730897,28.94999999999997,12,9,0.9216216216216216,0.9374570446735395,0.906312292358804,29.049999999999976,12,9,0.9308617234468938,0.9358629952988583,0.9259136212624585,29.729999999999965,13,9,0.9446627373935822,0.9312459651387992,0.9584717607973422,30.939999999999955,13,10,0.9216216216216216,0.9374570446735395,0.906312292358804,29.049999999999976,12,9,0.9220625528317836,0.9387263339070568,0.9059800664451827,28.999999999999964,12,8
call_f202d4ff9f96,human,train,30,52.800000000000054,0.9368646833908422,0.9236851783744023,0.9504257332071901,54.319999999999816,28,24,0.8690415433295907,0.9434840425531915,0.8054872280037843,45.069999999999844,24,17,0.8792426226206063,0.939922480620155,0.825922421948912,46.38999999999985,23,19,0.8905705466494076,0.9398907103825137,0.8461684011352886,47.529999999999845,24,20,0.9368646833908422,0.9236851783744023,0.9504257332071901,54.319999999999816,28,24,0.8792426226206063,0.939922480620155,0.825922421948912,46.38999999999985,23,19,0.8783688301201171,0.941367373431415,0.8232734153263954,46.17999999999985,23,19
call_f23bfe7d0e9e,synthetic,train,11,48.739999999999995,0.9775946950668141,0.95786572159874,0.9981534673779237,50.74999999999994,12,17,0.9778894472361809,0.9584318360914106,0.9981534673779237,50.70999999999993,12,17,0.9778894472361809,0.9584318360914106,0.9981534673779237,50.72999999999992,12,17,0.9775946950668141,0.95786572159874,0.9981534673779237,50.74999999999994,12,17,0.9775946950668141,0.95786572159874,0.9981534673779237,50.74999999999994,12,17,0.9778894472361809,0.9584318360914106,0.9981534673779237,50.72999999999992,12,17,0.9771560833249472,0.9589176377641715,0.9961017644645055,50.589999999999904,13,17
call_f27db4ab1f5a,synthetic,train,18,23.759999999999973,0.9228315054835493,0.877845220030349,0.9726775956284153,26.259999999999966,19,9,0.9279839518555667,0.887567152724482,0.9722572509457755,25.949999999999957,19,9,0.9278267842822775,0.8869298581832119,0.9726775956284153,25.999999999999957,19,9,0.9272690843518333,0.8859111791730475,0.9726775956284153,26.02999999999996,19,9,0.9228315054835493,0.877845220030349,0.9726775956284153,26.259999999999966,19,9,0.9278267842822775,0.8869298581832119,0.9726775956284153,25.999999999999957,19,9,0.9289441991168206,0.88897426046869,0.9726775956284153,25.929999999999964,19,9
call_f2ab1c408b36,synthetic,train,12,30.88000000000001,0.9594615745813116,0.9299150485436893,0.9909473003556418,32.92999999999994,11,10,0.9596117720726361,0.9301972685887708,0.9909473003556418,32.91999999999995,11,10,0.9594615745813116,0.9299150485436893,0.9909473003556418,32.92999999999994,11,10,0.9594615745813116,0.9299150485436893,0.9909473003556418,32.92999999999994,11,10,0.9614178168130489,0.9335973195248248,0.9909473003556418,32.809999999999924,11,10,0.9614178168130489,0.9335973195248248,0.9909473003556418,32.809999999999924,11,10,0.9620213433772756,0.9347362000609942,0.9909473003556418,32.76999999999993,11,10
call_f331303c4fb8,human,train,16,25.099999999999994,0.9258033106134372,0.9062142584826535,0.9462579617834395,26.169999999999884,15,10,0.8933333333333333,0.9068908941755537,0.8801751592356688,24.33999999999991,13,9,0.8931528984043627,0.906519065190652,0.8801751592356688,24.34999999999991,13,9,0.8931528984043627,0.906519065190652,0.8801751592356688,24.34999999999991,13,9,0.9258033106134372,0.9062142584826535,0.9462579617834395,26.169999999999884,15,10,0.8931528984043627,0.906519065190652,0.8801751592356688,24.34999999999991,13,9,0.8938750758035173,0.9080082135523614,0.8801751592356688,24.319999999999908,13,9
call_f5251fb3b1d9,synthetic,train,14,15.280000000000008,0.8626045400238949,0.7934065934065934,0.9450261780104712,18.159999999999954,13,9,0.8626045400238949,0.7934065934065934,0.9450261780104712,18.159999999999954,13,9,0.8626045400238949,0.7934065934065934,0.9450261780104712,18.159999999999954,13,9,0.8626045400238949,0.7934065934065934,0.9450261780104712,18.159999999999954,13,9,0.8803680981595092,0.8285219399538106,0.9391361256544503,17.27999999999997,13,8,0.8803680981595092,0.8285219399538106,0.9391361256544503,17.27999999999997,13,8,0.895625,0.8570574162679426,0.93782722513089,16.69999999999996,13,8
call_f68d3459fdc7,synthetic,train,17,38.80000000000002,0.9582922013820335,0.919924188580905,1.0,42.15999999999987,17,17,0.9590022227710546,0.9212336892052194,1.0,42.08999999999988,17,17,0.9590022227710546,0.9212336892052194,1.0,42.08999999999988,17,17,0.9587654320987654,0.9207967749585013,1.0,42.10999999999987,17,17,0.9582922013820335,0.919924188580905,1.0,42.15999999999987,17,17,0.9590022227710546,0.9212336892052194,1.0,42.08999999999988,17,17,0.9597132970835393,0.9225469232596817,1.0,42.0199999999999,17,17
call_f6ce5de7ac09,synthetic,val,15,37.81999999999998,0.9608924221053982,0.9327856609410008,0.9907456372289793,40.13999999999988,15,15,0.9617556468172485,0.9344139650872818,0.9907456372289793,40.0699999999999,15,14,0.9613855035279025,0.9337154248691751,0.9907456372289793,40.0999999999999,15,14,0.9613855035279025,0.9337154248691751,0.9907456372289793,40.0999999999999,15,14,0.9608924221053982,0.9327856609410008,0.9907456372289793,40.13999999999988,15,15,0.9613855035279025,0.9337154248691751,0.9907456372289793,40.0999999999999,15,14,0.9612522453169104,0.9336989032901296,0.9904812268640931,40.079999999999906,15,14
call_f9fbabf70f7e,synthetic,val,14,32.79999999999998,0.9554585152838428,0.9147157190635451,1.0,35.81999999999996,14,12,0.9554585152838428,0.9147157190635451,1.0,35.81999999999996,14,12,0.9554585152838428,0.9147157190635451,1.0,35.81999999999996,14,12,0.9554585152838428,0.9147157190635451,1.0,35.81999999999996,14,12,0.9530122256591546,0.9224408326204734,0.985679463741621,34.99999999999995,15,13,0.9530122256591546,0.9224408326204734,0.985679463741621,34.99999999999995,15,13,0.9538598047914818,0.9267241379310345,0.9826325411334552,34.739999999999945,16,13
call_fa26d1186721,human,val,9,26.14,0.9616894038497477,0.9407678244972578,0.9835626911314985,27.31999999999996,9,10,0.9576879486210804,0.9466019417475728,0.9690366972477065,26.769999999999957,8,10,0.9576879486210804,0.9466019417475728,0.9690366972477065,26.769999999999957,8,10,0.9576879486210804,0.9466019417475728,0.9690366972477065,26.769999999999957,8,10,0.9616894038497477,0.9407678244972578,0.9835626911314985,27.31999999999996,9,10,0.9576879486210804,0.9466019417475728,0.9690366972477065,26.769999999999957,8,10,0.9580340264650283,0.9476439790575916,0.9686544342507645,26.729999999999947,8,10
call_fa4d7f2897f4,human,train,24,58.34000000000004,0.9529928982076429,0.9405874499332443,0.9657299520219328,59.849999999999895,21,23,0.9513724161301254,0.9408512064343163,0.9621315969842358,59.609999999999914,21,23,0.9512195121951219,0.9403884795713329,0.9623029472241261,59.64999999999989,21,23,0.9512195121951219,0.9403884795713329,0.9623029472241261,59.64999999999989,21,23,0.9529928982076429,0.9405874499332443,0.9657299520219328,59.849999999999895,21,23,0.9512195121951219,0.9403884795713329,0.9623029472241261,59.64999999999989,21,23,0.9524213383088797,0.9429051217464316,0.9621315969842358,59.47999999999986,21,23
call_fa9e18dd83dd,synthetic,val,14,40.1,0.9699102159669983,0.9444706994328923,0.9967581047381546,42.30999999999992,14,14,0.9689018464528668,0.9445760303173851,0.9945137157107232,42.209999999999894,15,15,0.9699102159669983,0.9444706994328923,0.9967581047381546,42.30999999999992,14,14,0.9699102159669983,0.9444706994328923,0.9967581047381546,42.30999999999992,14,14,0.9699102159669983,0.9444706994328923,0.9967581047381546,42.30999999999992,14,14,0.9699102159669983,0.9444706994328923,0.9967581047381546,42.30999999999992,14,14,0.9706168042739194,0.9458116422148604,0.9967581047381546,42.22999999999995,14,14
call_fb1405943fed,human,val,43,49.34000000000011,0.8622525015967639,0.9109311740890689,0.8185125303152789,44.41999999999985,28,13,0.7365024202556782,0.9543261498874236,0.5996362166531932,31.06999999999995,14,11,0.7358630952380952,0.9521822849807445,0.5996362166531932,31.139999999999954,14,11,0.7546617915904936,0.9505680073687442,0.6257073565076798,32.53999999999992,16,11,0.8622525015967639,0.9109311740890689,0.8185125303152789,44.41999999999985,28,13,0.7358630952380952,0.9521822849807445,0.5996362166531932,31.139999999999954,14,11,0.7348155508632468,0.9532710280373832,0.5978172999191592,31.02999999999996,14,11
call_fc8bda4b3374,synthetic,val,16,32.540000000000006,0.9530378632227766,0.9123349255408822,0.997542242703533,35.53999999999998,16,14,0.9552546364439211,0.9169256852218141,0.9969278033794163,35.32999999999997,16,14,0.955562095350206,0.9169726066083027,0.997542242703533,35.349999999999994,16,14,0.955,0.9159379407616361,0.997542242703533,35.379999999999995,16,14,0.9530378632227766,0.9123349255408822,0.997542242703533,35.53999999999998,16,14,0.955562095350206,0.9169726066083027,0.997542242703533,35.349999999999994,16,14,0.9561248527679623,0.9180096126661013,0.997542242703533,35.29999999999998,16,14
call_fce92bad5095,human,train,17,53.14000000000001,0.964595242485709,0.946273516642547,0.9836404663407295,55.22999999999991,19,18,0.9321545262348645,0.9532232704402516,0.9119969913501317,50.82999999999993,15,16,0.9319754035357417,0.9528487229862476,0.9119969913501317,50.84999999999993,15,16,0.937386483127808,0.9533346295936224,0.9219631440391125,51.379999999999924,16,16,0.964595242485709,0.946273516642547,0.9836404663407295,55.22999999999991,19,18,0.9319754035357417,0.9528487229862476,0.9119969913501317,50.84999999999993,15,16,0.9321136254212807,0.9552003157686995,0.9101165851823994,50.61999999999992,16,16
call_fdc3a7dac09f,synthetic,train,7,28.619999999999983,0.9740683496479478,0.9584319026698209,0.9902234636871509,29.54,8,9,0.9765840220385675,0.9633152173913043,0.9902234636871509,29.389999999999986,8,9,0.9764159063522121,0.9629881154499151,0.9902234636871509,29.399999999999984,8,9,0.9762478485370052,0.9626612355736592,0.9902234636871509,29.410000000000004,8,9,0.9740683496479478,0.9584319026698209,0.9902234636871509,29.54,8,9,0.9764159063522121,0.9629881154499151,0.9902234636871509,29.399999999999984,8,9,0.9772492244053774,0.9649421375085092,0.9898743016759777,29.339999999999975,8,9
call_fdc44f969ade,synthetic,train,14,70.44000000000005,0.9814453125,0.9650205761316872,0.9984388305421515,72.85999999999996,15,23,0.981341189674523,0.9701803051317615,0.99276185069543,72.06999999999992,14,23,0.9809971250262955,0.9695079695079695,0.99276185069543,72.10999999999996,14,23,0.9808595667110706,0.9692392961064155,0.99276185069543,72.13999999999996,14,23,0.9814453125,0.9650205761316872,0.9984388305421515,72.85999999999996,15,23,0.9809971250262955,0.9695079695079695,0.99276185069543,72.10999999999996,14,23,0.980628860190904,0.9700083310191614,0.9914845302299177,71.96999999999997,15,23
call_fe828697f60d,synthetic,train,12,47.879999999999995,0.9739663093415007,0.9530469530469531,0.9958246346555324,49.9899999999999,14,16,0.9752606828869352,0.9555288461538461,0.9958246346555324,49.86999999999991,14,16,0.9748620478234212,0.9547638110488391,0.9958246346555324,49.89999999999991,14,16,0.9748620478234212,0.9547638110488391,0.9958246346555324,49.89999999999991,14,16,0.9739663093415007,0.9530469530469531,0.9958246346555324,49.9899999999999,14,16,0.9748620478234212,0.9547638110488391,0.9958246346555324,49.89999999999991,14,16,0.9753553533081092,0.955902986570455,0.995615866388309,49.839999999999925,14,16
call_fe8e4fc3ef69,synthetic,train,36,41.32000000000001,0.6508261211644375,0.48238861674830885,1.0,85.59999999999962,63,34,0.7061878749888063,0.5608021618546437,0.9533365570599613,70.21999999999976,49,26,0.7111773995437796,0.5581107133021206,0.9799323017408124,72.52999999999975,50,28,0.693030739266661,0.5332985794343803,0.9893617021276596,76.6299999999997,54,31,0.9096781378772691,0.8432789593227339,0.9874274661508704,48.3599999999999,33,19,0.887497100440733,0.8528756130182791,0.9250483558994197,44.79999999999988,30,16,0.779707747449683,0.9069916613213599,0.683752417794971,31.149999999999878,20,13
call_feaca5a8cd14,synthetic,train,20,94.87999999999994,0.9788310615448161,0.9597043636731801,0.9987356442945948,98.71999999999996,21,31,0.9789321491273366,0.9598987341772152,0.9987356442945948,98.68999999999996,21,31,0.9788310615448161,0.9597043636731801,0.9987356442945948,98.71999999999996,21,31,0.9788310615448161,0.9597043636731801,0.9987356442945948,98.71999999999996,21,31,0.9788310615448161,0.9597043636731801,0.9987356442945948,98.71999999999996,21,31,0.9788310615448161,0.9597043636731801,0.9987356442945948,98.71999999999996,21,31,0.9779271129490824,0.9599147554292673,0.9966283847855864,98.46999999999994,23,32
call_ff4042587962,synthetic,train,12,19.019999999999992,0.9364682341170585,0.8931297709923665,0.9842271293375394,20.91,11,6,0.937799043062201,0.8999516674722088,0.9789695057833859,20.620000000000008,11,5,0.9396681749622926,0.9002890173410405,0.9826498422712934,20.700000000000006,11,5,0.9399648329565435,0.8999518999519,0.9837013669821241,20.730000000000008,11,5,0.9364682341170585,0.8931297709923665,0.9842271293375394,20.91,11,6,0.9396681749622926,0.9002890173410405,0.9826498422712934,20.700000000000006,11,5,0.9399044505908977,0.9007228915662651,0.9826498422712934,20.69000000000001,11,5
call_fff8cae57de7,human,train,16,64.25999999999999,0.9701446598953524,0.959659004414675,0.9808619884860744,65.63999999999987,20,22,0.9694620988993955,0.9658687258687259,0.9730823090088688,64.6899999999999,19,21,0.9695561236346735,0.9654427645788337,0.9737046833670453,64.75999999999989,19,21,0.9694857496902106,0.9651503469545104,0.9738602769565894,64.78999999999989,19,22,0.9701446598953524,0.959659004414675,0.9808619884860744,65.63999999999987,20,22,0.9695561236346735,0.9654427645788337,0.9737046833670453,64.75999999999989,19,21,0.9675365020192607,0.9658861839044813,0.969192469270266,64.43999999999988,20,21
