domain,model,item,y,score,p,n_chunks,no_speech
stress,specialist,call_0294f969f98b|clean,1,10.161946614583334,0.999954929476934,6,False
stress,specialist_silero,call_0294f969f98b|clean,1,9.460671742757162,0.9999151356360544,6,False
stress,orig_only,call_0294f969f98b|clean,1,6.157082716623942,0.9978860539247104,6,False
stress,robust_v2,call_0294f969f98b|clean,1,8.993644952774048,0.9999999999980842,6,False
stress,specialist,call_0294f969f98b|gain_-12dB,1,10.45061699549357,0.9999652656834284,6,False
stress,specialist_silero,call_0294f969f98b|gain_-12dB,1,9.367304801940918,0.9999076758445066,6,False
stress,orig_only,call_0294f969f98b|gain_-12dB,1,6.21005392074585,0.9979948993786535,6,False
stress,robust_v2,call_0294f969f98b|gain_-12dB,1,8.687233924865723,0.9999999999951967,6,False
stress,specialist,call_0294f969f98b|lowpass_3400,1,10.26969051361084,0.9999591053552288,6,False
stress,specialist_silero,call_0294f969f98b|lowpass_3400,1,8.769338130950928,0.9998416393725079,6,False
stress,orig_only,call_0294f969f98b|lowpass_3400,1,5.7733908494313555,0.9969004403397959,6,False
stress,robust_v2,call_0294f969f98b|lowpass_3400,1,8.353618462880453,0.999999999986932,6,False
stress,specialist,call_0294f969f98b|lowpass_3000,1,10.696511268615723,0.9999721779816079,6,False
stress,specialist_silero,call_0294f969f98b|lowpass_3000,1,9.443137804667154,0.9999137822204802,6,False
stress,orig_only,call_0294f969f98b|lowpass_3000,1,5.828002333641052,0.997064689270195,6,False
stress,robust_v2,call_0294f969f98b|lowpass_3000,1,8.715536514918009,0.9999999999955875,6,False
stress,specialist,call_0294f969f98b|pstn_300-3400,1,1.2584529196222622,0.8778555572704243,6,False
stress,specialist_silero,call_0294f969f98b|pstn_300-3400,1,0.13140769302845,0.7221548457694795,4,False
stress,orig_only,call_0294f969f98b|pstn_300-3400,1,1.0429735854268074,0.7394233537608731,4,False
stress,robust_v2,call_0294f969f98b|pstn_300-3400,1,5.8830936551094055,0.9999999783720848,4,False
stress,specialist,call_0294f969f98b|white_snr20,1,10.858129692077636,0.9999759537528667,5,False
stress,specialist_silero,call_0294f969f98b|white_snr20,1,6.206729630629222,0.9984027141290556,6,False
stress,orig_only,call_0294f969f98b|white_snr20,1,3.804499546686808,0.9782148236339139,6,False
stress,robust_v2,call_0294f969f98b|white_snr20,1,8.314419825871786,0.9999999999853013,6,False
stress,specialist,call_0294f969f98b|white_snr10,1,,0.5,0,True
stress,specialist_silero,call_0294f969f98b|white_snr10,1,1.886831419808524,0.9268553172136709,7,False
stress,orig_only,call_0294f969f98b|white_snr10,1,1.2672996861594064,0.7802801482994804,7,False
stress,robust_v2,call_0294f969f98b|white_snr10,1,6.097368649074009,0.9999999886279353,7,False
stress,specialist,call_0294f969f98b|pink_snr10,1,7.718740940093994,0.9995914002077751,5,False
stress,specialist_silero,call_0294f969f98b|pink_snr10,1,4.635862698157628,0.9934402520985272,6,False
stress,orig_only,call_0294f969f98b|pink_snr10,1,2.666339635848999,0.9350109615189987,6,False
stress,robust_v2,call_0294f969f98b|pink_snr10,1,8.415919979413351,0.9999999999891598,6,False
stress,specialist,call_0294f969f98b|mulaw_codec,1,10.256218592325846,0.999958605154964,6,False
stress,specialist_silero,call_0294f969f98b|mulaw_codec,1,9.51975162823995,0.9999195414602187,6,False
stress,orig_only,call_0294f969f98b|mulaw_codec,1,6.182429790496826,0.9979388538424357,6,False
stress,robust_v2,call_0294f969f98b|mulaw_codec,1,9.142654577891031,0.9999999999987748,6,False
stress,specialist,call_0294f969f98b|reverb_0.3s,1,2.5725674827893577,0.9592306373076425,6,False
stress,specialist_silero,call_0294f969f98b|reverb_0.3s,1,3.9586681524912515,0.9879799631806251,6,False
stress,orig_only,call_0294f969f98b|reverb_0.3s,1,1.0734208226203918,0.7452469171951774,6,False
stress,robust_v2,call_0294f969f98b|reverb_0.3s,1,1.349038268129031,0.9828273388174424,6,False
stress,specialist,call_0294f969f98b|tilt_-3dB_oct,1,-6.6668319953115365,0.005597083322847054,19,False
stress,specialist_silero,call_0294f969f98b|tilt_-3dB_oct,1,8.073713382085165,0.9997033647581534,6,False
stress,orig_only,call_0294f969f98b|tilt_-3dB_oct,1,5.510630806287129,0.9959727286187824,6,False
stress,robust_v2,call_0294f969f98b|tilt_-3dB_oct,1,6.979259729385376,0.9999999991930659,6,False
stress,specialist,call_0847d7417bb1|clean,1,11.50967276096344,0.9999866434822665,12,False
stress,specialist_silero,call_0847d7417bb1|clean,1,8.52395826119643,0.9998023932917303,13,False
stress,orig_only,call_0847d7417bb1|clean,1,7.516880732316237,0.9994564693236443,13,False
stress,robust_v2,call_0847d7417bb1|clean,1,11.366453867692213,0.9999999999999984,13,False
stress,specialist,call_0847d7417bb1|gain_-12dB,1,11.709521813826127,0.9999888476205294,11,False
stress,specialist_silero,call_0847d7417bb1|gain_-12dB,1,9.869082748889923,0.9999412958836609,12,False
stress,orig_only,call_0847d7417bb1|gain_-12dB,1,7.814002315203349,0.9995961254594089,12,False
stress,robust_v2,call_0847d7417bb1|gain_-12dB,1,11.555755694707235,0.9999999999999991,12,False
stress,specialist,call_0847d7417bb1|lowpass_3400,1,12.07589034239451,0.9999919873088026,12,False
stress,specialist_silero,call_0847d7417bb1|lowpass_3400,1,11.16373155333779,0.9999817494669407,11,False
stress,orig_only,call_0847d7417bb1|lowpass_3400,1,8.690291318026455,0.9998318172740049,11,False
stress,robust_v2,call_0847d7417bb1|lowpass_3400,1,12.797208439220082,1.0,11,False
stress,specialist,call_0847d7417bb1|lowpass_3000,1,11.964441378911337,0.9999911395019968,12,False
stress,specialist_silero,call_0847d7417bb1|lowpass_3000,1,10.521821717421213,0.999967427394996,12,False
stress,orig_only,call_0847d7417bb1|lowpass_3000,1,7.650577202439308,0.9995244568144379,12,False
stress,robust_v2,call_0847d7417bb1|lowpass_3000,1,11.45056888461113,0.9999999999999989,12,False
stress,specialist,call_0847d7417bb1|pstn_300-3400,1,5.635162527362506,0.9973274338944046,12,False
stress,specialist_silero,call_0847d7417bb1|pstn_300-3400,1,4.675313395261765,0.9936682329961507,10,False
stress,orig_only,call_0847d7417bb1|pstn_300-3400,1,4.87343544960022,0.9924109845156037,10,False
stress,robust_v2,call_0847d7417bb1|pstn_300-3400,1,10.344356966018676,0.9999999999999667,10,False
stress,specialist,call_0847d7417bb1|white_snr20,1,11.398980723487007,0.9999852403496651,9,False
stress,specialist_silero,call_0847d7417bb1|white_snr20,1,7.106001526117325,0.9992899032075122,12,False
stress,orig_only,call_0847d7417bb1|white_snr20,1,5.852353682120641,0.9971351024577915,12,False
stress,robust_v2,call_0847d7417bb1|white_snr20,1,11.59465620915095,0.9999999999999991,12,False
stress,specialist,call_0847d7417bb1|white_snr10,1,6.663726270198822,0.9989419483821117,4,False
stress,specialist_silero,call_0847d7417bb1|white_snr10,1,2.863506029952656,0.9683470193988055,11,False
stress,orig_only,call_0847d7417bb1|white_snr10,1,2.343503188003193,0.9124164390761561,11,False
stress,robust_v2,call_0847d7417bb1|white_snr10,1,9.437806996432217,0.9999999999994946,11,False
stress,specialist,call_0847d7417bb1|pink_snr10,1,4.861877918243408,0.9946441159381125,6,False
stress,specialist_silero,call_0847d7417bb1|pink_snr10,1,4.957167061892423,0.9950832708584056,11,False
stress,orig_only,call_0847d7417bb1|pink_snr10,1,3.2180250991474497,0.9615069874322559,11,False
stress,robust_v2,call_0847d7417bb1|pink_snr10,1,8.575568004087968,0.9999999999932851,11,False
stress,specialist,call_0847d7417bb1|mulaw_codec,1,11.685264666875204,0.9999886007963258,12,False
stress,specialist_silero,call_0847d7417bb1|mulaw_codec,1,8.703156581291786,0.9998318946799171,13,False
stress,orig_only,call_0847d7417bb1|mulaw_codec,1,7.617234963637132,0.9995083417726747,13,False
stress,robust_v2,call_0847d7417bb1|mulaw_codec,1,11.623176171229435,0.9999999999999993,13,False
stress,specialist,call_0847d7417bb1|reverb_0.3s,1,0.7639689793189367,0.8214248093592702,12,False
stress,specialist_silero,call_0847d7417bb1|reverb_0.3s,1,0.7519955312212309,0.8198342929727918,12,False
stress,orig_only,call_0847d7417bb1|reverb_0.3s,1,-0.1375355968872706,0.46567019905024054,12,False
stress,robust_v2,call_0847d7417bb1|reverb_0.3s,1,2.2970646619796753,0.9989843334359108,12,False
stress,specialist,call_0847d7417bb1|tilt_-3dB_oct,1,-4.05117710776951,0.05628486509403232,23,False
stress,specialist_silero,call_0847d7417bb1|tilt_-3dB_oct,1,9.965170426802201,0.9999461716443256,11,False
stress,orig_only,call_0847d7417bb1|tilt_-3dB_oct,1,7.558102651075884,0.9994784077363473,11,False
stress,robust_v2,call_0847d7417bb1|tilt_-3dB_oct,1,11.027108365839178,0.9999999999999958,11,False
stress,specialist,call_0cf2f4a71328|clean,1,10.929505044763738,0.9999774537728423,22,False
stress,specialist_silero,call_0cf2f4a71328|clean,1,10.59001078103718,0.9999693713357509,19,False
stress,orig_only,call_0cf2f4a71328|clean,1,8.89160680770874,0.9998624804317907,19,False
stress,robust_v2,call_0cf2f4a71328|clean,1,12.307595002023797,1.0,19,False
stress,specialist,call_0cf2f4a71328|gain_-12dB,1,11.477766430896262,0.9999862533113749,23,False
stress,specialist_silero,call_0cf2f4a71328|gain_-12dB,1,10.587193288301167,0.9999692933611795,19,False
stress,orig_only,call_0cf2f4a71328|gain_-12dB,1,8.90528581016942,0.9998643485013319,19,False
stress,robust_v2,call_0cf2f4a71328|gain_-12dB,1,12.369377161327161,1.0,19,False
stress,specialist,call_0cf2f4a71328|lowpass_3400,1,11.50097393989563,0.9999865382190111,22,False
stress,specialist_silero,call_0cf2f4a71328|lowpass_3400,1,10.995444097016987,0.9999787562584572,19,False
stress,orig_only,call_0cf2f4a71328|lowpass_3400,1,9.033922822851883,0.999880720622859,19,False
stress,robust_v2,call_0cf2f4a71328|lowpass_3400,1,12.548490825452303,1.0,19,False
stress,specialist,call_0cf2f4a71328|lowpass_3000,1,11.405598792162808,0.9999853282373308,22,False
stress,specialist_silero,call_0cf2f4a71328|lowpass_3000,1,10.91876953526547,0.9999772342825312,19,False
stress,orig_only,call_0cf2f4a71328|lowpass_3000,1,8.639505009902152,0.9998230568332439,19,False
stress,robust_v2,call_0cf2f4a71328|lowpass_3000,1,12.129094977127878,0.9999999999999998,19,False
stress,specialist,call_0cf2f4a71328|pstn_300-3400,1,6.112893974239176,0.9982618058710833,22,False
stress,specialist_silero,call_0cf2f4a71328|pstn_300-3400,1,5.700454733873668,0.9974799743635772,19,False
stress,orig_only,call_0cf2f4a71328|pstn_300-3400,1,5.749082075922113,0.9968244127909575,19,False
stress,robust_v2,call_0cf2f4a71328|pstn_300-3400,1,10.322893255635313,0.9999999999999645,19,False
stress,specialist,call_0cf2f4a71328|white_snr20,1,10.316493801448656,0.9999607966118023,23,False
stress,specialist_silero,call_0cf2f4a71328|white_snr20,1,8.157232623351248,0.999724895004632,19,False
stress,orig_only,call_0cf2f4a71328|white_snr20,1,7.001397132873535,0.9990902196191954,19,False
stress,robust_v2,call_0cf2f4a71328|white_snr20,1,12.757788294240049,1.0,19,False
stress,specialist,call_0cf2f4a71328|white_snr10,1,7.234064357621329,0.9993673556155899,7,False
stress,specialist_silero,call_0cf2f4a71328|white_snr10,1,4.428478340307872,0.992100835078316,18,False
stress,orig_only,call_0cf2f4a71328|white_snr10,1,3.584220207399792,0.9729914078233715,18,False
stress,robust_v2,call_0cf2f4a71328|white_snr10,1,10.868408891889784,0.9999999999999931,18,False
stress,specialist,call_0cf2f4a71328|pink_snr10,1,7.13051333794227,0.9993054277869494,13,False
stress,specialist_silero,call_0cf2f4a71328|pink_snr10,1,5.675236030585236,0.9974221139847066,18,False
stress,orig_only,call_0cf2f4a71328|pink_snr10,1,4.326321443749799,0.986956312094212,18,False
stress,robust_v2,call_0cf2f4a71328|pink_snr10,1,10.014011528756884,0.9999999999999103,18,False
stress,specialist,call_0cf2f4a71328|mulaw_codec,1,10.805699825286865,0.9999747886795864,22,False
stress,specialist_silero,call_0cf2f4a71328|mulaw_codec,1,10.448379039764404,0.9999651954640483,19,False
stress,orig_only,call_0cf2f4a71328|mulaw_codec,1,8.864191795650282,0.9998586587172237,19,False
stress,robust_v2,call_0cf2f4a71328|mulaw_codec,1,12.231529436613384,0.9999999999999998,19,False
stress,specialist,call_0cf2f4a71328|reverb_0.3s,1,-2.201314666867256,0.24049090330784734,20,False
stress,specialist_silero,call_0cf2f4a71328|reverb_0.3s,1,-1.8627745045555963,0.3005932587824293,18,False
stress,orig_only,call_0cf2f4a71328|reverb_0.3s,1,-1.9843618704213037,0.12085462748533007,18,False
stress,robust_v2,call_0cf2f4a71328|reverb_0.3s,1,-1.638416467441453,0.007280494241903522,18,False
stress,specialist,call_0cf2f4a71328|tilt_-3dB_oct,1,10.693910750475796,0.9999721126129838,22,False
stress,specialist_silero,call_0cf2f4a71328|tilt_-3dB_oct,1,9.770852168401083,0.9999358545853136,18,False
stress,orig_only,call_0cf2f4a71328|tilt_-3dB_oct,1,8.26444047027164,0.999742553325877,18,False
stress,robust_v2,call_0cf2f4a71328|tilt_-3dB_oct,1,11.173336664835611,0.9999999999999973,18,False
stress,specialist,call_0e1e2f29bfdc|clean,0,-11.484351052178276,7.2818501430737e-05,9,False
stress,specialist_silero,call_0e1e2f29bfdc|clean,0,-10.259785585933262,0.00021984710116217072,9,False
stress,orig_only,call_0e1e2f29bfdc|clean,0,-6.3057025406095715,0.0018225352754818814,9,False
stress,robust_v2,call_0e1e2f29bfdc|clean,0,-8.046151048607296,3.287024923435604e-11,9,False
stress,specialist,call_0e1e2f29bfdc|gain_-12dB,0,-12.086058616638184,4.230856252870056e-05,7,False
stress,specialist_silero,call_0e1e2f29bfdc|gain_-12dB,0,-11.653456687927246,6.251277666049598e-05,9,False
stress,orig_only,call_0e1e2f29bfdc|gain_-12dB,0,-7.052630848354763,0.0008643821322162817,9,False
stress,robust_v2,call_0e1e2f29bfdc|gain_-12dB,0,-7.9392924308776855,4.5292607224783855e-11,9,False
stress,specialist,call_0e1e2f29bfdc|lowpass_3400,0,-10.646932707892525,0.00015502961432686273,9,False
stress,specialist_silero,call_0e1e2f29bfdc|lowpass_3400,0,-10.561559200286865,0.00016744401854134925,8,False
stress,orig_only,call_0e1e2f29bfdc|lowpass_3400,0,-6.892039746046066,0.0010148087883457605,8,False
stress,robust_v2,call_0e1e2f29bfdc|lowpass_3400,0,-8.227572232484818,1.9073585474952193e-11,8,False
stress,specialist,call_0e1e2f29bfdc|lowpass_3000,0,-8.635507159762913,0.0009514913130499325,9,False
stress,specialist_silero,call_0e1e2f29bfdc|lowpass_3000,0,-9.241604924201965,0.0005508477632847217,8,False
stress,orig_only,call_0e1e2f29bfdc|lowpass_3000,0,-6.431282252073288,0.0016077954220933206,8,False
stress,robust_v2,call_0e1e2f29bfdc|lowpass_3000,0,-7.938564360141754,4.539164400970631e-11,8,False
stress,specialist,call_0e1e2f29bfdc|pstn_300-3400,0,-11.75169203016493,5.720971724233053e-05,9,False
stress,specialist_silero,call_0e1e2f29bfdc|pstn_300-3400,0,-10.295695441109794,0.00021283824540399397,7,False
stress,orig_only,call_0e1e2f29bfdc|pstn_300-3400,0,-7.087527343205044,0.0008347632092864743,7,False
stress,robust_v2,call_0e1e2f29bfdc|pstn_300-3400,0,-5.600655657904489,5.0465948048239115e-08,7,False
stress,specialist,call_0e1e2f29bfdc|white_snr20,0,-6.2114120324452715,0.00841821992903375,6,False
stress,specialist_silero,call_0e1e2f29bfdc|white_snr20,0,-6.620652225282457,0.005833880623617203,9,False
stress,orig_only,call_0e1e2f29bfdc|white_snr20,0,-3.7133192221323648,0.023815401290084602,9,False
stress,robust_v2,call_0e1e2f29bfdc|white_snr20,0,-3.0948239631123013,9.284633529980223e-05,9,False
stress,specialist,call_0e1e2f29bfdc|white_snr10,0,-4.185583114624023,0.050178214914386184,2,False
stress,specialist_silero,call_0e1e2f29bfdc|white_snr10,0,-5.811504364013672,0.01203288265476799,7,False
stress,orig_only,call_0e1e2f29bfdc|white_snr10,0,-4.126386983054025,0.015884695312299205,7,False
stress,robust_v2,call_0e1e2f29bfdc|white_snr10,0,1.3737272024154663,0.98403372692596,7,False
stress,specialist,call_0e1e2f29bfdc|pink_snr10,0,-6.28180193901062,0.007904192154886433,6,False
stress,specialist_silero,call_0e1e2f29bfdc|pink_snr10,0,-6.750055892126901,0.005194213737659545,7,False
stress,orig_only,call_0e1e2f29bfdc|pink_snr10,0,-5.000163606234959,0.00669176334854178,7,False
stress,robust_v2,call_0e1e2f29bfdc|pink_snr10,0,-2.096141315996647,0.001854240853510802,7,False
stress,specialist,call_0e1e2f29bfdc|mulaw_codec,0,-11.597002771165636,6.577991450760192e-05,9,False
stress,specialist_silero,call_0e1e2f29bfdc|mulaw_codec,0,-10.063426656855476,0.00026245872573986114,9,False
stress,orig_only,call_0e1e2f29bfdc|mulaw_codec,0,-6.054837756686741,0.0023409896988909485,9,False
stress,robust_v2,call_0e1e2f29bfdc|mulaw_codec,0,-7.728464696142408,8.52533172488097e-11,9,False
stress,specialist,call_0e1e2f29bfdc|reverb_0.3s,0,-10.12147855758667,0.00024906609015424604,9,False
stress,specialist_silero,call_0e1e2f29bfdc|reverb_0.3s,0,-8.028560059411186,0.001644310363214608,7,False
stress,orig_only,call_0e1e2f29bfdc|reverb_0.3s,0,-6.749009847640991,0.0011706674755910217,7,False
stress,robust_v2,call_0e1e2f29bfdc|reverb_0.3s,0,-6.446731839861188,3.987124575667484e-09,7,False
stress,specialist,call_0e1e2f29bfdc|tilt_-3dB_oct,0,-10.371304255265455,0.0001988027879742075,13,False
stress,specialist_silero,call_0e1e2f29bfdc|tilt_-3dB_oct,0,-11.41724568605423,7.736424829272895e-05,8,False
stress,orig_only,call_0e1e2f29bfdc|tilt_-3dB_oct,0,-7.151751786470413,0.0007828769940212034,8,False
stress,robust_v2,call_0e1e2f29bfdc|tilt_-3dB_oct,0,-8.980290442705154,1.9940141898957496e-12,8,False
stress,specialist,call_10aa0d1d33f0|clean,0,-2.9218448102474213,0.14182275604488873,8,False
stress,specialist_silero,call_10aa0d1d33f0|clean,0,-2.736395706733068,0.16343703196759046,6,False
stress,orig_only,call_10aa0d1d33f0|clean,0,-1.9962849020957947,0.11959353562238162,6,False
stress,robust_v2,call_10aa0d1d33f0|clean,0,-2.887506663799286,0.00017291802419118433,6,False
stress,specialist,call_10aa0d1d33f0|gain_-12dB,0,-2.9744030237197876,0.13614743375072205,7,False
stress,specialist_silero,call_10aa0d1d33f0|gain_-12dB,0,-3.131659468015035,0.12030131983188966,6,False
stress,orig_only,call_10aa0d1d33f0|gain_-12dB,0,-2.0925824443499246,0.10981986150090427,6,False
stress,robust_v2,call_10aa0d1d33f0|gain_-12dB,0,-3.024653216203054,0.0001145986820875753,6,False
stress,specialist,call_10aa0d1d33f0|lowpass_3400,0,-1.8124449925962836,0.31022779910359105,8,False
stress,specialist_silero,call_10aa0d1d33f0|lowpass_3400,0,-2.3515738546848297,0.21659993631248936,6,False
stress,orig_only,call_10aa0d1d33f0|lowpass_3400,0,-1.9500688811143239,0.1245458475974033,6,False
stress,robust_v2,call_10aa0d1d33f0|lowpass_3400,0,-2.6936580538749695,0.0003092738327744398,6,False
stress,specialist,call_10aa0d1d33f0|lowpass_3000,0,-1.3762957733124495,0.4000032407969705,8,False
stress,specialist_silero,call_10aa0d1d33f0|lowpass_3000,0,-2.2992812593777976,0.2247146114722465,6,False
stress,orig_only,call_10aa0d1d33f0|lowpass_3000,0,-2.257696360349655,0.09468765703472569,6,False
stress,robust_v2,call_10aa0d1d33f0|lowpass_3000,0,-2.658659517765045,0.00034350045807090646,6,False
stress,specialist,call_10aa0d1d33f0|pstn_300-3400,0,-8.030345780508858,0.0016416669977944028,7,False
stress,specialist_silero,call_10aa0d1d33f0|pstn_300-3400,0,-8.092052141825357,0.0015528845427100434,6,False
stress,orig_only,call_10aa0d1d33f0|pstn_300-3400,0,-5.599760293960571,0.0036851198849985915,6,False
stress,robust_v2,call_10aa0d1d33f0|pstn_300-3400,0,-3.8885736068089805,8.582979845290636e-06,6,False
stress,specialist,call_10aa0d1d33f0|white_snr20,0,-0.6422247077737536,0.5639013739918391,7,False
stress,specialist_silero,call_10aa0d1d33f0|white_snr20,0,-2.095875484602792,0.25829745595471526,7,False
stress,orig_only,call_10aa0d1d33f0|white_snr20,0,-1.7597378066607885,0.14682318070615222,7,False
stress,robust_v2,call_10aa0d1d33f0|white_snr20,0,-0.41069783376795904,0.22581522409375918,7,False
stress,specialist,call_10aa0d1d33f0|white_snr10,0,-5.115187626332045,0.022321836114162562,4,False
stress,specialist_silero,call_10aa0d1d33f0|white_snr10,0,-6.843863385064261,0.004774600910178411,7,False
stress,orig_only,call_10aa0d1d33f0|white_snr10,0,-4.739397355488369,0.008668120766676876,7,False
stress,robust_v2,call_10aa0d1d33f0|white_snr10,0,0.6050919975553241,0.859998317525274,7,False
stress,specialist,call_10aa0d1d33f0|pink_snr10,0,-2.043486390262842,0.26745804917011085,8,False
stress,specialist_silero,call_10aa0d1d33f0|pink_snr10,0,-3.3733580112457275,0.09906108895763976,7,False
stress,orig_only,call_10aa0d1d33f0|pink_snr10,0,-2.5909900537558963,0.06972054103690938,7,False
stress,robust_v2,call_10aa0d1d33f0|pink_snr10,0,1.1161997488566808,0.9660589364138473,7,False
stress,specialist,call_10aa0d1d33f0|mulaw_codec,0,-3.0854534953832626,0.12478456920117112,8,False
stress,specialist_silero,call_10aa0d1d33f0|mulaw_codec,0,-2.724434196949005,0.1649183039094235,6,False
stress,orig_only,call_10aa0d1d33f0|mulaw_codec,0,-1.9686097502708435,0.12253829174363175,6,False
stress,robust_v2,call_10aa0d1d33f0|mulaw_codec,0,-2.7741685708363852,0.0002429272191297412,6,False
stress,specialist,call_10aa0d1d33f0|reverb_0.3s,0,-3.934887617826462,0.062125872710946606,8,False
stress,specialist_silero,call_10aa0d1d33f0|reverb_0.3s,0,-2.9958820194005966,0.13388372509532626,6,False
stress,orig_only,call_10aa0d1d33f0|reverb_0.3s,0,-2.8265929172436395,0.05590394746907093,6,False
stress,robust_v2,call_10aa0d1d33f0|reverb_0.3s,0,-3.503340425590674,2.7261133860166355e-05,6,False
stress,specialist,call_10aa0d1d33f0|tilt_-3dB_oct,0,-6.754470923367669,0.005173666228034146,17,False
stress,specialist_silero,call_10aa0d1d33f0|tilt_-3dB_oct,0,-5.084269682566325,0.022938940107555462,6,False
stress,orig_only,call_10aa0d1d33f0|tilt_-3dB_oct,0,-3.617191195487976,0.026155524224358375,6,False
stress,robust_v2,call_10aa0d1d33f0|tilt_-3dB_oct,0,-4.683970848719279,7.894626319781983e-07,6,False
stress,specialist,call_120d6007bcc1|clean,1,11.949771404266357,0.9999910214197013,18,False
stress,specialist_silero,call_120d6007bcc1|clean,1,10.768043756484985,0.9999739172292945,18,False
stress,orig_only,call_120d6007bcc1|clean,1,8.183490726682875,0.9997208524082267,18,False
stress,robust_v2,call_120d6007bcc1|clean,1,10.970607095294529,0.9999999999999949,18,False
stress,specialist,call_120d6007bcc1|gain_-12dB,1,12.126869996388754,0.9999923475914003,18,False
stress,specialist_silero,call_120d6007bcc1|gain_-12dB,1,11.744026127983542,0.9999891895333533,17,False
stress,orig_only,call_120d6007bcc1|gain_-12dB,1,8.329539579503676,0.9997587750924984,17,False
stress,robust_v2,call_120d6007bcc1|gain_-12dB,1,10.925869549022002,0.9999999999999942,17,False
stress,specialist,call_120d6007bcc1|lowpass_3400,1,12.106412119335598,0.9999922049998664,18,False
stress,specialist_silero,call_120d6007bcc1|lowpass_3400,1,12.0802243457121,0.999992018586759,17,False
stress,orig_only,call_120d6007bcc1|lowpass_3400,1,8.460561612073112,0.999788391617272,17,False
stress,robust_v2,call_120d6007bcc1|lowpass_3400,1,11.210017877466539,0.9999999999999976,17,False
stress,specialist,call_120d6007bcc1|lowpass_3000,1,12.484244108200073,0.9999944571420991,18,False
stress,specialist_silero,call_120d6007bcc1|lowpass_3000,1,12.72527234694537,0.9999955406842004,17,False
stress,orig_only,call_120d6007bcc1|lowpass_3000,1,8.404841871822581,0.9997762688897784,17,False
stress,robust_v2,call_120d6007bcc1|lowpass_3000,1,11.340222386752858,0.9999999999999982,17,False
stress,specialist,call_120d6007bcc1|pstn_300-3400,1,3.791029214859009,0.9860441401512119,18,False
stress,specialist_silero,call_120d6007bcc1|pstn_300-3400,1,3.9572947954430298,0.9879652358748657,17,False
stress,orig_only,call_120d6007bcc1|pstn_300-3400,1,3.0871249262024376,0.9563585257080894,17,False
stress,robust_v2,call_120d6007bcc1|pstn_300-3400,1,8.337181666318108,0.9999999999862714,17,False
stress,specialist,call_120d6007bcc1|white_snr20,1,10.813919377326965,0.9999749749939564,20,False
stress,specialist_silero,call_120d6007bcc1|white_snr20,1,8.6433945683872,0.9998225810986073,17,False
stress,orig_only,call_120d6007bcc1|white_snr20,1,5.9834828026154465,0.997486300400145,17,False
stress,robust_v2,call_120d6007bcc1|white_snr20,1,10.796828129712273,0.9999999999999913,17,False
stress,specialist,call_120d6007bcc1|white_snr10,1,7.3614474932352705,0.9994360191797359,3,False
stress,specialist_silero,call_120d6007bcc1|white_snr10,1,4.765038784812479,0.9941578477426842,17,False
stress,orig_only,call_120d6007bcc1|white_snr10,1,2.8141529446139053,0.9434358481825683,17,False
stress,robust_v2,call_120d6007bcc1|white_snr10,1,9.3052399298724,0.9999999999992477,17,False
stress,specialist,call_120d6007bcc1|pink_snr10,1,7.847645611990066,0.9996362557519564,21,False
stress,specialist_silero,call_120d6007bcc1|pink_snr10,1,6.077169193064465,0.998204955879871,17,False
stress,orig_only,call_120d6007bcc1|pink_snr10,1,3.857030567000894,0.9793066122734058,17,False
stress,robust_v2,call_120d6007bcc1|pink_snr10,1,9.15671797359691,0.9999999999988254,17,False
stress,specialist,call_120d6007bcc1|mulaw_codec,1,11.809878296322292,0.9999898132574703,18,False
stress,specialist_silero,call_120d6007bcc1|mulaw_codec,1,10.743841065300835,0.9999733412849315,18,False
stress,orig_only,call_120d6007bcc1|mulaw_codec,1,8.169075038697985,0.999716800306523,18,False
stress,robust_v2,call_120d6007bcc1|mulaw_codec,1,10.950591537687513,0.9999999999999947,18,False
stress,specialist,call_120d6007bcc1|reverb_0.3s,1,1.8257726939285503,0.9230306808641728,17,False
stress,specialist_silero,call_120d6007bcc1|reverb_0.3s,1,1.6830420564446185,0.9133663141584861,18,False
stress,orig_only,call_120d6007bcc1|reverb_0.3s,1,0.4142380721039242,0.6021036523400936,18,False
stress,robust_v2,call_120d6007bcc1|reverb_0.3s,1,0.9940594600306617,0.9517624806292988,18,False
stress,specialist,call_120d6007bcc1|tilt_-3dB_oct,1,3.82800479888916,0.9864959590799897,25,False
stress,specialist_silero,call_120d6007bcc1|tilt_-3dB_oct,1,11.707200555240407,0.9999888242340743,17,False
stress,orig_only,call_120d6007bcc1|tilt_-3dB_oct,1,8.258652630974264,0.9997410593324101,17,False
stress,robust_v2,call_120d6007bcc1|tilt_-3dB_oct,1,10.280198546016917,0.9999999999999596,17,False
stress,specialist,call_181a5049ecae|clean,1,9.410208316949698,0.9999111818486612,13,False
stress,specialist_silero,call_181a5049ecae|clean,1,8.711336751778921,0.9998331308906897,12,False
stress,orig_only,call_181a5049ecae|clean,1,7.972479383150737,0.9996552958850325,12,False
stress,robust_v2,call_181a5049ecae|clean,1,11.6027059952418,0.9999999999999993,12,False
stress,specialist,call_181a5049ecae|gain_-12dB,1,11.025741923939098,0.9999793292298835,11,False
stress,specialist_silero,call_181a5049ecae|gain_-12dB,1,9.544537802537283,0.9999213210608099,12,False
stress,orig_only,call_181a5049ecae|gain_-12dB,1,7.757658084233602,0.9995727261645139,12,False
stress,robust_v2,call_181a5049ecae|gain_-12dB,1,10.782271285851797,0.9999999999999911,12,False
stress,specialist,call_181a5049ecae|lowpass_3400,1,9.760752732937153,0.9999352673144417,13,False
stress,specialist_silero,call_181a5049ecae|lowpass_3400,1,10.754479364915328,0.9999735959914888,11,False
stress,orig_only,call_181a5049ecae|lowpass_3400,1,8.430392828854648,0.9997819117893153,11,False
stress,robust_v2,call_181a5049ecae|lowpass_3400,1,11.913769505240701,0.9999999999999998,11,False
stress,specialist,call_181a5049ecae|lowpass_3000,1,10.00923606982598,0.9999482701265521,13,False
stress,specialist_silero,call_181a5049ecae|lowpass_3000,1,11.033367254517294,0.9999794709841714,11,False
stress,orig_only,call_181a5049ecae|lowpass_3000,1,8.164068720557474,0.9997153793684254,11,False
stress,robust_v2,call_181a5049ecae|lowpass_3000,1,11.57143943418156,0.9999999999999991,11,False
stress,specialist,call_181a5049ecae|pstn_300-3400,1,4.705984074335832,0.9938400204804629,13,False
stress,specialist_silero,call_181a5049ecae|pstn_300-3400,1,5.742712646722794,0.9975740390535393,12,False
stress,orig_only,call_181a5049ecae|pstn_300-3400,1,5.345807711283366,0.9952545284725173,12,False
stress,robust_v2,call_181a5049ecae|pstn_300-3400,1,10.480153401692709,0.9999999999999778,12,False
stress,specialist,call_181a5049ecae|white_snr20,1,12.938914193047417,0.9999963226403413,9,False
stress,specialist_silero,call_181a5049ecae|white_snr20,1,7.532203624645869,0.9995165238945679,12,False
stress,orig_only,call_181a5049ecae|white_snr20,1,6.078912337621053,0.9977145683916995,12,False
stress,robust_v2,call_181a5049ecae|white_snr20,1,12.193580150604248,0.9999999999999998,12,False
stress,specialist,call_181a5049ecae|white_snr10,1,5.748745918273926,0.9975871800709643,2,False
stress,specialist_silero,call_181a5049ecae|white_snr10,1,2.904580513636271,0.9694636697528936,12,False
stress,orig_only,call_181a5049ecae|white_snr10,1,2.123412271340688,0.8931579887464195,12,False
stress,robust_v2,call_181a5049ecae|white_snr10,1,9.399011850357056,0.9999999999994322,12,False
stress,specialist,call_181a5049ecae|pink_snr10,1,8.57283421925136,0.9998109183099545,7,False
stress,specialist_silero,call_181a5049ecae|pink_snr10,1,5.059867739677429,0.9955165332895053,12,False
stress,orig_only,call_181a5049ecae|pink_snr10,1,3.798025220632553,0.9780764239562939,12,False
stress,robust_v2,call_181a5049ecae|pink_snr10,1,9.298981924851736,0.9999999999992335,12,False
stress,specialist,call_181a5049ecae|mulaw_codec,1,9.242436170578003,0.9998966643408018,13,False
stress,specialist_silero,call_181a5049ecae|mulaw_codec,1,8.59588106473287,0.9998148096144733,12,False
stress,orig_only,call_181a5049ecae|mulaw_codec,1,7.879713575045268,0.9996218016803994,12,False
stress,robust_v2,call_181a5049ecae|mulaw_codec,1,11.533660113811493,0.9999999999999991,12,False
stress,specialist,call_181a5049ecae|reverb_0.3s,1,-0.6031808319191138,0.5725459250536311,12,False
stress,specialist_silero,call_181a5049ecae|reverb_0.3s,1,-0.3034591881128458,0.6370839599893208,13,False
stress,orig_only,call_181a5049ecae|reverb_0.3s,1,-1.1824168110123048,0.23461792547185495,13,False
stress,robust_v2,call_181a5049ecae|reverb_0.3s,1,0.9596769167826726,0.9468000639219991,13,False
stress,specialist,call_181a5049ecae|tilt_-3dB_oct,1,0.6981363594532013,0.8125430987015495,16,False
stress,specialist_silero,call_181a5049ecae|tilt_-3dB_oct,1,9.757443825403849,0.9999350737382806,12,False
stress,orig_only,call_181a5049ecae|tilt_-3dB_oct,1,7.867066482702891,0.9996169900408155,12,False
stress,robust_v2,call_181a5049ecae|tilt_-3dB_oct,1,10.422313739856085,0.9999999999999736,12,False
stress,specialist,call_185e958a253b|clean,0,-10.226205587387085,0.0002266098509930019,12,False
stress,specialist_silero,call_185e958a253b|clean,0,-10.238749663035074,0.00022405957325313244,12,False
stress,orig_only,call_185e958a253b|clean,0,-7.292059501012166,0.0006804609011861915,12,False
stress,robust_v2,call_185e958a253b|clean,0,-9.26067074139913,8.598553442270327e-13,12,False
stress,specialist,call_185e958a253b|gain_-12dB,0,-10.131103674570719,0.00024691255591041553,12,False
stress,specialist_silero,call_185e958a253b|gain_-12dB,0,-10.123832186063131,0.00024853775849022284,12,False
stress,orig_only,call_185e958a253b|gain_-12dB,0,-7.34117325146993,0.0006478694610586759,12,False
stress,robust_v2,call_185e958a253b|gain_-12dB,0,-9.441795388857523,4.993914356091138e-13,12,False
stress,specialist,call_185e958a253b|lowpass_3400,0,-9.472897052764893,0.000447122514495696,12,False
stress,specialist_silero,call_185e958a253b|lowpass_3400,0,-9.416416565577189,0.00047049253013811394,12,False
stress,orig_only,call_185e958a253b|lowpass_3400,0,-7.1089573701222735,0.0008170789913780849,12,False
stress,robust_v2,call_185e958a253b|lowpass_3400,0,-8.639788945515951,5.538115494125229e-12,12,False
stress,specialist,call_185e958a253b|lowpass_3000,0,-8.888160864512125,0.0007576467075436386,12,False
stress,specialist_silero,call_185e958a253b|lowpass_3000,0,-8.515877485275269,0.0010598491953568857,12,False
stress,orig_only,call_185e958a253b|lowpass_3000,0,-6.695726792017619,0.0012346568377642711,12,False
stress,robust_v2,call_185e958a253b|lowpass_3000,0,-7.907693823178609,4.9796248324476443e-11,12,False
stress,specialist,call_185e958a253b|pstn_300-3400,0,-12.13523038228353,4.047223802549013e-05,12,False
stress,specialist_silero,call_185e958a253b|pstn_300-3400,0,-11.730284517461603,5.832564420944395e-05,11,False
stress,orig_only,call_185e958a253b|pstn_300-3400,0,-8.666573871265758,0.00017221857471739,11,False
stress,robust_v2,call_185e958a253b|pstn_300-3400,0,-9.25330918485468,8.790562073956606e-13,11,False
stress,specialist,call_185e958a253b|white_snr20,0,-7.016903738180797,0.00408712029612455,12,False
stress,specialist_silero,call_185e958a253b|white_snr20,0,-8.8989128669103,0.0007503361917354444,12,False
stress,orig_only,call_185e958a253b|white_snr20,0,-5.781963964303334,0.0030731816747864077,12,False
stress,robust_v2,call_185e958a253b|white_snr20,0,-7.57483704884847,1.3516685378620575e-10,12,False
stress,specialist,call_185e958a253b|white_snr10,0,-9.44498348236084,0.0004585236347730847,2,False
stress,specialist_silero,call_185e958a253b|white_snr10,0,-6.969505230585734,0.004264977160686689,12,False
stress,orig_only,call_185e958a253b|white_snr10,0,-5.154221157232921,0.005741817264792377,12,False
stress,robust_v2,call_185e958a253b|white_snr10,0,-3.8173952996730804,1.0626108436241526e-05,12,False
stress,specialist,call_185e958a253b|pink_snr10,0,-7.977260073026021,0.001722090283217427,6,False
stress,specialist_silero,call_185e958a253b|pink_snr10,0,-8.048027237256369,0.0016157213966558203,12,False
stress,orig_only,call_185e958a253b|pink_snr10,0,-6.603895455598831,0.0013532453379089733,12,False
stress,robust_v2,call_185e958a253b|pink_snr10,0,-5.938503901163737,1.8315617572226634e-08,12,False
stress,specialist,call_185e958a253b|mulaw_codec,0,-10.430502335230509,0.000188462744162798,12,False
stress,specialist_silero,call_185e958a253b|mulaw_codec,0,-10.286416133244833,0.00021462767634017639,12,False
stress,orig_only,call_185e958a253b|mulaw_codec,0,-7.274138589700063,0.0006927567804442229,12,False
stress,robust_v2,call_185e958a253b|mulaw_codec,0,-9.228834191958109,9.4602956294634e-13,12,False
stress,specialist,call_185e958a253b|reverb_0.3s,0,-11.490175167719523,7.243680098822672e-05,12,False
stress,specialist_silero,call_185e958a253b|reverb_0.3s,0,-10.868715026161887,0.00012691236288316988,11,False
stress,orig_only,call_185e958a253b|reverb_0.3s,0,-8.733252612027256,0.00016111152409655874,11,False
stress,robust_v2,call_185e958a253b|reverb_0.3s,0,-9.81697474826466,1.6204144731242785e-13,11,False
stress,specialist,call_185e958a253b|tilt_-3dB_oct,0,-11.197341362635294,9.434520736613066e-05,24,False
stress,specialist_silero,call_185e958a253b|tilt_-3dB_oct,0,-10.421850045522055,0.00018993978987271235,12,False
stress,orig_only,call_185e958a253b|tilt_-3dB_oct,0,-7.343303938706716,0.0006464914149023129,12,False
stress,robust_v2,call_185e958a253b|tilt_-3dB_oct,0,-9.659528255462646,2.5987263056002917e-13,12,False
stress,specialist,call_198ef413fe4a|clean,0,-8.985348725318909,0.0006940705511768426,10,False
stress,specialist_silero,call_198ef413fe4a|clean,0,-8.847557067871094,0.0007859017759995588,10,False
stress,orig_only,call_198ef413fe4a|clean,0,-6.115299195051193,0.0022039466939984104,10,False
stress,robust_v2,call_198ef413fe4a|clean,0,-7.397569888830185,2.3005339846321802e-10,10,False
stress,specialist,call_198ef413fe4a|gain_-12dB,0,-9.27000333070755,0.0005369174030442395,10,False
stress,specialist_silero,call_198ef413fe4a|gain_-12dB,0,-8.369631502363417,0.001209197385586907,9,False
stress,orig_only,call_198ef413fe4a|gain_-12dB,0,-6.029073072804345,0.0024019415161309825,9,False
stress,robust_v2,call_198ef413fe4a|gain_-12dB,0,-7.4083313544591265,2.2274487368547787e-10,9,False
stress,specialist,call_198ef413fe4a|lowpass_3400,0,-8.547144734859467,0.0010303916611872678,10,False
stress,specialist_silero,call_198ef413fe4a|lowpass_3400,0,-8.394383233785629,0.0011825183141734835,10,False
stress,orig_only,call_198ef413fe4a|lowpass_3400,0,-6.290163195133209,0.0018510246376344766,10,False
stress,robust_v2,call_198ef413fe4a|lowpass_3400,0,-7.149488061666489,4.84228513412093e-10,10,False
stress,specialist,call_198ef413fe4a|lowpass_3000,0,-7.1722772240638735,0.00355430190225697,10,False
stress,specialist_silero,call_198ef413fe4a|lowpass_3000,0,-7.152664017677307,0.003617543287151949,10,False
stress,orig_only,call_198ef413fe4a|lowpass_3000,0,-5.879590606689453,0.0027881342483870356,10,False
stress,robust_v2,call_198ef413fe4a|lowpass_3000,0,-6.426823532581329,4.232510157778396e-09,10,False
stress,specialist,call_198ef413fe4a|pstn_300-3400,0,-10.91793327331543,0.00012139932167637889,10,False
stress,specialist_silero,call_198ef413fe4a|pstn_300-3400,0,-10.96763414144516,0.00011607517710137715,8,False
stress,orig_only,call_198ef413fe4a|pstn_300-3400,0,-7.8171257972717285,0.0004026155208893262,8,False
stress,robust_v2,call_198ef413fe4a|pstn_300-3400,0,-7.215169966220856,3.97625742286664e-10,8,False
stress,specialist,call_198ef413fe4a|white_snr20,0,-6.571743130683899,0.006095539051516794,7,False
stress,specialist_silero,call_198ef413fe4a|white_snr20,0,-7.192908847332001,0.0034889653436203016,10,False
stress,orig_only,call_198ef413fe4a|white_snr20,0,-5.382692766189575,0.004574409451304408,10,False
stress,robust_v2,call_198ef413fe4a|white_snr20,0,-6.894167757034301,1.0416047625495414e-09,10,False
stress,specialist,call_198ef413fe4a|white_snr10,0,-7.08181095123291,0.0038554883126786675,2,False
stress,specialist_silero,call_198ef413fe4a|white_snr10,0,-7.878371787071228,0.0018825360819618327,10,False
stress,orig_only,call_198ef413fe4a|white_snr10,0,-6.199979758262634,0.002025361302435638,10,False
stress,robust_v2,call_198ef413fe4a|white_snr10,0,-4.703345227241516,7.448846769349254e-07,10,False
stress,specialist,call_198ef413fe4a|pink_snr10,0,-7.990259051322937,0.001702040776411224,11,False
stress,specialist_silero,call_198ef413fe4a|pink_snr10,0,-7.498841726779938,0.0026494660735735826,10,False
stress,orig_only,call_198ef413fe4a|pink_snr10,0,-5.569883334636688,0.003796456996692365,10,False
stress,robust_v2,call_198ef413fe4a|pink_snr10,0,-3.978989028930664,6.54392361839879e-06,10,False
stress,specialist,call_198ef413fe4a|mulaw_codec,0,-9.139698028564453,0.0006038774698542462,10,False
stress,specialist_silero,call_198ef413fe4a|mulaw_codec,0,-8.784036588668823,0.0008322305599860126,10,False
stress,orig_only,call_198ef413fe4a|mulaw_codec,0,-6.055462270975113,0.0023395315930783513,10,False
stress,robust_v2,call_198ef413fe4a|mulaw_codec,0,-7.271736252307892,3.3556388603924606e-10,10,False
stress,specialist,call_198ef413fe4a|reverb_0.3s,0,-10.300654363632201,0.00021188808533420688,10,False
stress,specialist_silero,call_198ef413fe4a|reverb_0.3s,0,-10.341844975948334,0.00020415785491593888,8,False
stress,orig_only,call_198ef413fe4a|reverb_0.3s,0,-8.200055003166199,0.00027456305799523846,8,False
stress,robust_v2,call_198ef413fe4a|reverb_0.3s,0,-9.742447555065155,2.0264055199648838e-13,8,False
stress,specialist,call_198ef413fe4a|tilt_-3dB_oct,0,-9.742529216565584,0.00035058375184615273,19,False
stress,specialist_silero,call_198ef413fe4a|tilt_-3dB_oct,0,-9.752922786606682,0.0003473118993607625,9,False
stress,orig_only,call_198ef413fe4a|tilt_-3dB_oct,0,-7.410680029127333,0.0006043937879669222,9,False
stress,robust_v2,call_198ef413fe4a|tilt_-3dB_oct,0,-9.141239603360495,1.2303544589114729e-12,9,False
stress,specialist,call_1c1c0cce9fb5|clean,0,-9.164574344952902,0.0005904795970999787,12,False
stress,specialist_silero,call_1c1c0cce9fb5|clean,0,-10.165195729997423,0.00023943341212763318,9,False
stress,orig_only,call_1c1c0cce9fb5|clean,0,-6.692698001861572,0.0012383973850400316,9,False
stress,robust_v2,call_1c1c0cce9fb5|clean,0,-7.486183219485813,1.7635014118810577e-10,9,False
stress,specialist,call_1c1c0cce9fb5|gain_-12dB,0,-10.336458466269754,0.00020515248971549193,11,False
stress,specialist_silero,call_1c1c0cce9fb5|gain_-12dB,0,-9.94825029373169,0.0002911987469746333,9,False
stress,orig_only,call_1c1c0cce9fb5|gain_-12dB,0,-6.532948652903239,0.0014525969769540441,9,False
stress,robust_v2,call_1c1c0cce9fb5|gain_-12dB,0,-7.234744893179999,3.7494765741953145e-10,9,False
stress,specialist,call_1c1c0cce9fb5|lowpass_3400,0,-7.372445610662301,0.00296864095983627,12,False
stress,specialist_silero,call_1c1c0cce9fb5|lowpass_3400,0,-8.863312244415283,0.0007748152790381086,9,False
stress,orig_only,call_1c1c0cce9fb5|lowpass_3400,0,-6.7015312512715655,0.0012275198527042785,9,False
stress,robust_v2,call_1c1c0cce9fb5|lowpass_3400,0,-6.899541431003147,1.0249476549163266e-09,9,False
stress,specialist,call_1c1c0cce9fb5|lowpass_3000,0,-5.263993899027507,0.019571690114851582,12,False
stress,specialist_silero,call_1c1c0cce9fb5|lowpass_3000,0,-6.695017536481221,0.005457278176457624,9,False
stress,orig_only,call_1c1c0cce9fb5|lowpass_3000,0,-5.451091898812188,0.0042732768571022055,9,False
stress,robust_v2,call_1c1c0cce9fb5|lowpass_3000,0,-5.629048022958967,4.634538514691823e-08,9,False
stress,specialist,call_1c1c0cce9fb5|pstn_300-3400,0,-11.442187120517096,7.564248422412731e-05,12,False
stress,specialist_silero,call_1c1c0cce9fb5|pstn_300-3400,0,-12.50008381737603,2.9118263033475532e-05,9,False
stress,orig_only,call_1c1c0cce9fb5|pstn_300-3400,0,-8.116237693362766,0.0002985609976001149,9,False
stress,robust_v2,call_1c1c0cce9fb5|pstn_300-3400,0,-5.395891096856859,9.3278762228775e-08,9,False
stress,specialist,call_1c1c0cce9fb5|white_snr20,0,-6.50112685892317,0.006494033597188626,9,False
stress,specialist_silero,call_1c1c0cce9fb5|white_snr20,0,-6.590196238623725,0.0059954740768831455,9,False
stress,orig_only,call_1c1c0cce9fb5|white_snr20,0,-5.067688994937473,0.006257552106882436,9,False
stress,robust_v2,call_1c1c0cce9fb5|white_snr20,0,-4.855026748445299,4.725696384517981e-07,9,False
stress,specialist,call_1c1c0cce9fb5|white_snr10,0,-4.156725729505221,0.05143404313657017,6,False
stress,specialist_silero,call_1c1c0cce9fb5|white_snr10,0,-6.465442074669732,0.006705144535889731,9,False
stress,orig_only,call_1c1c0cce9fb5|white_snr10,0,-5.138251145680745,0.005833711038960632,9,False
stress,robust_v2,call_1c1c0cce9fb5|white_snr10,0,-1.917618794573678,0.0031636620028543537,9,False
stress,specialist,call_1c1c0cce9fb5|pink_snr10,0,-6.813031605311802,0.004908654296957052,7,False
stress,specialist_silero,call_1c1c0cce9fb5|pink_snr10,0,-7.171009805467394,0.003558355100787173,9,False
stress,orig_only,call_1c1c0cce9fb5|pink_snr10,0,-6.135269403457642,0.0021604641313177643,9,False
stress,robust_v2,call_1c1c0cce9fb5|pink_snr10,0,-3.838678194416894,9.968857721110726e-06,9,False
stress,specialist,call_1c1c0cce9fb5|mulaw_codec,0,-9.14689334233602,0.0005999712931762132,12,False
stress,specialist_silero,call_1c1c0cce9fb5|mulaw_codec,0,-9.95417669084337,0.00028964594233709556,9,False
stress,orig_only,call_1c1c0cce9fb5|mulaw_codec,0,-6.6893457306755915,0.0012425506280405107,9,False
stress,robust_v2,call_1c1c0cce9fb5|mulaw_codec,0,-7.362698660956489,2.5542405705595297e-10,9,False
stress,specialist,call_1c1c0cce9fb5|reverb_0.3s,0,-7.84838883082072,0.0019340695133140341,12,False
stress,specialist_silero,call_1c1c0cce9fb5|reverb_0.3s,0,-8.087759335835775,0.0015589027564965885,9,False
stress,orig_only,call_1c1c0cce9fb5|reverb_0.3s,0,-5.706118053860134,0.0033145344799454164,9,False
stress,robust_v2,call_1c1c0cce9fb5|reverb_0.3s,0,-6.087723387612237,1.1705931303947222e-08,9,False
stress,specialist,call_1c1c0cce9fb5|tilt_-3dB_oct,0,-8.187633958729831,0.0014247334068532953,11,False
stress,specialist_silero,call_1c1c0cce9fb5|tilt_-3dB_oct,0,-8.338532614707947,0.0012435716489518404,10,False
stress,orig_only,call_1c1c0cce9fb5|tilt_-3dB_oct,0,-5.37786226272583,0.004596457794878803,10,False
stress,robust_v2,call_1c1c0cce9fb5|tilt_-3dB_oct,0,-6.500801372528076,3.3901077853387275e-09,10,False
stress,specialist,call_2d4374d86df7|clean,1,10.088560664135477,0.9999518436736111,23,False
stress,specialist_silero,call_2d4374d86df7|clean,1,8.554511654376984,0.9998077664203703,30,False
stress,orig_only,call_2d4374d86df7|clean,1,6.778778354326884,0.9988636289364273,30,False
stress,robust_v2,call_2d4374d86df7|clean,1,11.720682462056478,0.9999999999999996,30,False
stress,specialist,call_2d4374d86df7|gain_-12dB,1,10.08903053532476,0.9999518640882832,23,False
stress,specialist_silero,call_2d4374d86df7|gain_-12dB,1,9.004870971043905,0.9998719592515551,21,False
stress,orig_only,call_2d4374d86df7|gain_-12dB,1,6.07996940612793,0.9977169774605197,21,False
stress,robust_v2,call_2d4374d86df7|gain_-12dB,1,11.199875559125628,0.9999999999999973,21,False
stress,specialist,call_2d4374d86df7|lowpass_3400,1,10.274064012195753,0.9999592664361837,23,False
stress,specialist_silero,call_2d4374d86df7|lowpass_3400,1,8.926568046212196,0.999862585257257,28,False
stress,orig_only,call_2d4374d86df7|lowpass_3400,1,6.919931833233152,0.9990130776978582,28,False
stress,robust_v2,call_2d4374d86df7|lowpass_3400,1,12.177555748394557,0.9999999999999998,28,False
stress,specialist,call_2d4374d86df7|lowpass_3000,1,10.48269712406656,0.9999662568166344,23,False
stress,specialist_silero,call_2d4374d86df7|lowpass_3000,1,9.3822959529029,0.9999089163524931,36,False
stress,orig_only,call_2d4374d86df7|lowpass_3000,1,7.372268135348956,0.9993719535185166,36,False
stress,robust_v2,call_2d4374d86df7|lowpass_3000,1,12.853500048319498,1.0,36,False
stress,specialist,call_2d4374d86df7|pstn_300-3400,1,5.104071009904146,0.9956911085602442,32,False
stress,specialist_silero,call_2d4374d86df7|pstn_300-3400,1,5.0310928374528885,0.9953991248410948,24,False
stress,orig_only,call_2d4374d86df7|pstn_300-3400,1,4.480889519055684,0.9888034459968206,24,False
stress,robust_v2,call_2d4374d86df7|pstn_300-3400,1,10.285991167028746,0.9999999999999603,24,False
stress,specialist,call_2d4374d86df7|white_snr20,1,10.431587219238281,0.9999646640460406,15,False
stress,specialist_silero,call_2d4374d86df7|white_snr20,1,6.199579268693924,0.998392390387277,16,False
stress,orig_only,call_2d4374d86df7|white_snr20,1,4.610870316624641,0.990154732238054,16,False
stress,robust_v2,call_2d4374d86df7|white_snr20,1,10.569677229970694,0.9999999999999831,16,False
stress,specialist,call_2d4374d86df7|white_snr10,1,8.05720329284668,0.9996989132823088,7,False
stress,specialist_silero,call_2d4374d86df7|white_snr10,1,7.203456401824951,0.9993496485517617,12,False
stress,orig_only,call_2d4374d86df7|white_snr10,1,4.485688328742981,0.9888564501042012,12,False
stress,robust_v2,call_2d4374d86df7|white_snr10,1,12.134000221888224,0.9999999999999998,12,False
stress,specialist,call_2d4374d86df7|pink_snr10,1,7.210690108212558,0.9993538775230463,11,False
stress,specialist_silero,call_2d4374d86df7|pink_snr10,1,5.3681038709787225,0.9966015544504864,13,False
stress,orig_only,call_2d4374d86df7|pink_snr10,1,3.6651713710564833,0.9750392070581506,13,False
stress,robust_v2,call_2d4374d86df7|pink_snr10,1,8.97658711213332,0.9999999999979836,13,False
stress,specialist,call_2d4374d86df7|mulaw_codec,1,10.087712111680403,0.9999518067842925,23,False
stress,specialist_silero,call_2d4374d86df7|mulaw_codec,1,7.372995978221297,0.9994418631632456,32,False
stress,orig_only,call_2d4374d86df7|mulaw_codec,1,5.86861321143806,0.9971811774434359,32,False
stress,robust_v2,call_2d4374d86df7|mulaw_codec,1,10.527916833758354,0.9999999999999809,32,False
stress,specialist,call_2d4374d86df7|reverb_0.3s,1,6.524816425407634,0.9988008091557502,17,False
stress,specialist_silero,call_2d4374d86df7|reverb_0.3s,1,5.5962099328637125,0.9972320796563161,30,False
stress,orig_only,call_2d4374d86df7|reverb_0.3s,1,5.111873309314251,0.9940112946109295,30,False
stress,robust_v2,call_2d4374d86df7|reverb_0.3s,1,8.781735304991404,0.9999999999963824,30,False
stress,specialist,call_2d4374d86df7|tilt_-3dB_oct,1,11.904823154211044,0.9999906497324533,14,False
stress,specialist_silero,call_2d4374d86df7|tilt_-3dB_oct,1,4.605910562723875,0.993261733015698,40,False
stress,orig_only,call_2d4374d86df7|tilt_-3dB_oct,1,5.114074403047562,0.9940243831342144,40,False
stress,robust_v2,call_2d4374d86df7|tilt_-3dB_oct,1,9.745457327365875,0.9999999999997993,40,False
stress,specialist,call_36d72e4b1aef|clean,1,11.464613233293806,0.9999860891667244,14,False
stress,specialist_silero,call_36d72e4b1aef|clean,1,9.30045679637364,0.999901935339156,14,False
stress,orig_only,call_36d72e4b1aef|clean,1,6.994442275592259,0.9990838759892154,14,False
stress,robust_v2,call_36d72e4b1aef|clean,1,9.923361778259277,0.9999999999998823,14,False
stress,specialist,call_36d72e4b1aef|gain_-12dB,1,12.114242260272686,0.9999922598871884,13,False
stress,specialist_silero,call_36d72e4b1aef|gain_-12dB,1,11.304287274678549,0.9999839236068857,12,False
stress,orig_only,call_36d72e4b1aef|gain_-12dB,1,7.768839697043101,0.9995774751562733,12,False
stress,robust_v2,call_36d72e4b1aef|gain_-12dB,1,10.76415228843689,0.9999999999999905,12,False
stress,specialist,call_36d72e4b1aef|lowpass_3400,1,11.704157931464058,0.9999887935056497,14,False
stress,specialist_silero,call_36d72e4b1aef|lowpass_3400,1,11.640780329704285,0.9999881338722965,12,False
stress,orig_only,call_36d72e4b1aef|lowpass_3400,1,7.89213024576505,0.9996264668673203,12,False
stress,robust_v2,call_36d72e4b1aef|lowpass_3400,1,11.109908084074656,0.9999999999999967,12,False
stress,specialist,call_36d72e4b1aef|lowpass_3000,1,12.985583714076451,0.9999964743026527,14,False
stress,specialist_silero,call_36d72e4b1aef|lowpass_3000,1,12.775895754496256,0.9999957398241311,12,False
stress,orig_only,call_36d72e4b1aef|lowpass_3000,1,8.20584366718928,0.9997270212714414,12,False
stress,robust_v2,call_36d72e4b1aef|lowpass_3000,1,11.661964297294617,0.9999999999999993,12,False
stress,specialist,call_36d72e4b1aef|pstn_300-3400,1,4.593299003747793,0.9931851302965767,13,False
stress,specialist_silero,call_36d72e4b1aef|pstn_300-3400,1,3.751396412650744,0.9855432989061023,12,False
stress,orig_only,call_36d72e4b1aef|pstn_300-3400,1,3.146834043165048,0.9587837928798405,12,False
stress,robust_v2,call_36d72e4b1aef|pstn_300-3400,1,8.211326122283936,0.9999999999799738,12,False
stress,specialist,call_36d72e4b1aef|white_snr20,1,11.306687927246093,0.9999839583976388,15,False
stress,specialist_silero,call_36d72e4b1aef|white_snr20,1,7.491859325340816,0.9994986057659573,14,False
stress,orig_only,call_36d72e4b1aef|white_snr20,1,5.689170139176505,0.9966290033296268,14,False
stress,robust_v2,call_36d72e4b1aef|white_snr20,1,10.22188554065568,0.9999999999999518,14,False
stress,specialist,call_36d72e4b1aef|white_snr10,1,11.128795146942139,0.9999811649015299,2,False
stress,specialist_silero,call_36d72e4b1aef|white_snr10,1,3.92793961082186,0.9876461465519593,14,False
stress,orig_only,call_36d72e4b1aef|white_snr10,1,2.559769685779299,0.9282271153619556,14,False
stress,robust_v2,call_36d72e4b1aef|white_snr10,1,8.571064267839704,0.9999999999931939,14,False
stress,specialist,call_36d72e4b1aef|pink_snr10,1,7.03506217400233,0.9992429921886902,18,False
stress,specialist_silero,call_36d72e4b1aef|pink_snr10,1,6.659058054288228,0.9989374863319157,12,False
stress,orig_only,call_36d72e4b1aef|pink_snr10,1,4.660492281119029,0.9906268832004168,12,False
stress,robust_v2,call_36d72e4b1aef|pink_snr10,1,10.154809633890787,0.9999999999999412,12,False
stress,specialist,call_36d72e4b1aef|mulaw_codec,1,11.405530418668475,0.9999853273320146,14,False
stress,specialist_silero,call_36d72e4b1aef|mulaw_codec,1,9.31571592603411,0.9999032763635958,14,False
stress,orig_only,call_36d72e4b1aef|mulaw_codec,1,7.017342993191311,0.9991045989105075,14,False
stress,robust_v2,call_36d72e4b1aef|mulaw_codec,1,10.005150726863317,0.9999999999999079,14,False
stress,specialist,call_36d72e4b1aef|reverb_0.3s,1,3.504995910020975,0.9820079752387783,13,False
stress,specialist_silero,call_36d72e4b1aef|reverb_0.3s,1,2.824866386560293,0.9672605726739301,13,False
stress,orig_only,call_36d72e4b1aef|reverb_0.3s,1,1.3008331341239123,0.7859751647605046,13,False
stress,robust_v2,call_36d72e4b1aef|reverb_0.3s,1,1.6516837867406697,0.9930016044226075,13,False
stress,specialist,call_36d72e4b1aef|tilt_-3dB_oct,1,4.584018260240555,0.9931282071583928,16,False
stress,specialist_silero,call_36d72e4b1aef|tilt_-3dB_oct,1,10.244423490304213,0.9999581621929456,13,False
stress,orig_only,call_36d72e4b1aef|tilt_-3dB_oct,1,7.102803936371436,0.9991778818123797,13,False
stress,robust_v2,call_36d72e4b1aef|tilt_-3dB_oct,1,9.237331977257362,0.9999999999990778,13,False
stress,specialist,call_3b9afdd4a2df|clean,0,-11.393764062361283,7.902103663829104e-05,11,False
stress,specialist_silero,call_3b9afdd4a2df|clean,0,-10.912421464920044,0.0001220046084364701,8,False
stress,orig_only,call_3b9afdd4a2df|clean,0,-8.060800731182098,0.00031557431552603753,8,False
stress,robust_v2,call_3b9afdd4a2df|clean,0,-9.166947454214096,1.1390319708347562e-12,8,False
stress,specialist,call_3b9afdd4a2df|gain_-12dB,0,-12.003918753729927,4.5563792007277027e-05,9,False
stress,specialist_silero,call_3b9afdd4a2df|gain_-12dB,0,-10.514866828918457,0.00017464920323420716,10,False
stress,orig_only,call_3b9afdd4a2df|gain_-12dB,0,-7.512602376937866,0.0005458598032599099,10,False
stress,robust_v2,call_3b9afdd4a2df|gain_-12dB,0,-7.632544827461243,1.1367990333137705e-10,10,False
stress,specialist,call_3b9afdd4a2df|lowpass_3400,0,-10.198931737379594,0.00023225536187975037,11,False
stress,specialist_silero,call_3b9afdd4a2df|lowpass_3400,0,-9.134798645973206,0.0006065517713249516,8,False
stress,orig_only,call_3b9afdd4a2df|lowpass_3400,0,-6.961969017982483,0.0009463332300797257,8,False
stress,robust_v2,call_3b9afdd4a2df|lowpass_3400,0,-7.750104248523712,7.989460833059622e-11,8,False
stress,specialist,call_3b9afdd4a2df|lowpass_3000,0,-9.100535436110063,0.0006255879182365693,11,False
stress,specialist_silero,call_3b9afdd4a2df|lowpass_3000,0,-7.683770090341568,0.0022431403578790786,8,False
stress,orig_only,call_3b9afdd4a2df|lowpass_3000,0,-6.489605963230133,0.0015168431816058915,8,False
stress,robust_v2,call_3b9afdd4a2df|lowpass_3000,0,-6.6067067831754684,2.4673519362500058e-09,8,False
stress,specialist,call_3b9afdd4a2df|pstn_300-3400,0,-13.553248752247203,1.1256599452738074e-05,11,False
stress,specialist_silero,call_3b9afdd4a2df|pstn_300-3400,0,-12.24283082144601,3.672713922855796e-05,7,False
stress,orig_only,call_3b9afdd4a2df|pstn_300-3400,0,-8.518228122166224,0.0001997532116036677,7,False
stress,robust_v2,call_3b9afdd4a2df|pstn_300-3400,0,-7.455020836421421,1.9363183658061372e-10,7,False
stress,specialist,call_3b9afdd4a2df|white_snr20,0,-10.284032642841339,0.00021508973391790726,8,False
stress,specialist_silero,call_3b9afdd4a2df|white_snr20,0,-11.462041139602661,7.429934726725537e-05,8,False
stress,orig_only,call_3b9afdd4a2df|white_snr20,0,-7.1761762499809265,0.0007640016999926557,8,False
stress,robust_v2,call_3b9afdd4a2df|white_snr20,0,-8.328865014016628,1.4075364544952396e-11,8,False
stress,specialist,call_3b9afdd4a2df|white_snr10,0,-8.2096116065979,0.001396793093166871,5,False
stress,specialist_silero,call_3b9afdd4a2df|white_snr10,0,-9.05400636461046,0.0006523982687810223,9,False
stress,orig_only,call_3b9afdd4a2df|white_snr10,0,-6.250032795800103,0.0019266715973008366,9,False
stress,robust_v2,call_3b9afdd4a2df|white_snr10,0,-3.982928580707974,6.467038972303082e-06,9,False
stress,specialist,call_3b9afdd4a2df|pink_snr10,0,-9.18429332120078,0.0005800707650828423,7,False
stress,specialist_silero,call_3b9afdd4a2df|pink_snr10,0,-8.949939036369324,0.0007165919392097323,10,False
stress,orig_only,call_3b9afdd4a2df|pink_snr10,0,-7.084571099281311,0.0008372325550554386,10,False
stress,robust_v2,call_3b9afdd4a2df|pink_snr10,0,-5.122714725136757,2.116896844714093e-07,10,False
stress,specialist,call_3b9afdd4a2df|mulaw_codec,0,-11.438574574210428,7.58894732142558e-05,11,False
stress,specialist_silero,call_3b9afdd4a2df|mulaw_codec,0,-11.067506313323975,0.00010607203160461095,8,False
stress,orig_only,call_3b9afdd4a2df|mulaw_codec,0,-8.159550964832306,0.00028590901854478793,8,False
stress,robust_v2,call_3b9afdd4a2df|mulaw_codec,0,-9.320448160171509,7.186912965389537e-13,8,False
stress,specialist,call_3b9afdd4a2df|reverb_0.3s,0,-10.473496834437052,0.0001812916614368933,12,False
stress,specialist_silero,call_3b9afdd4a2df|reverb_0.3s,0,-7.896587908267975,0.0018518986329367582,8,False
stress,orig_only,call_3b9afdd4a2df|reverb_0.3s,0,-7.023706793785095,0.0008897260817647537,8,False
stress,robust_v2,call_3b9afdd4a2df|reverb_0.3s,0,-5.986489623785019,1.585994819378642e-08,8,False
stress,specialist,call_3b9afdd4a2df|tilt_-3dB_oct,0,-10.16038179397583,0.00024047560367356752,22,False
stress,specialist_silero,call_3b9afdd4a2df|tilt_-3dB_oct,0,-9.474044269985622,0.00044666005191195036,9,False
stress,orig_only,call_3b9afdd4a2df|tilt_-3dB_oct,0,-6.910523202684191,0.000996242414762281,9,False
stress,robust_v2,call_3b9afdd4a2df|tilt_-3dB_oct,0,-7.9584581057230634,4.276186918990826e-11,9,False
stress,specialist,call_47bef2f628eb|clean,0,-9.326662973924117,0.0005101672081799366,11,False
stress,specialist_silero,call_47bef2f628eb|clean,0,-9.639789938926697,0.0003846303124872734,12,False
stress,orig_only,call_47bef2f628eb|clean,0,-6.103376050790151,0.002230322991732174,12,False
stress,robust_v2,call_47bef2f628eb|clean,0,-6.704816656808059,1.8382533687612644e-09,12,False
stress,specialist,call_47bef2f628eb|gain_-12dB,0,-8.983320626345547,0.0006953411586230632,11,False
stress,specialist_silero,call_47bef2f628eb|gain_-12dB,0,-9.684706370035807,0.00036935678897116845,12,False
stress,orig_only,call_47bef2f628eb|gain_-12dB,0,-6.355174561341603,0.0017347173577259235,12,False
stress,robust_v2,call_47bef2f628eb|gain_-12dB,0,-6.729078024625778,1.7092108305034034e-09,12,False
stress,specialist,call_47bef2f628eb|lowpass_3400,0,-7.659740274602717,0.0022922030057093653,11,False
stress,specialist_silero,call_47bef2f628eb|lowpass_3400,0,-7.900963371450251,0.0018446140369468415,11,False
stress,orig_only,call_47bef2f628eb|lowpass_3400,0,-5.522859519178217,0.003978517676261974,11,False
stress,robust_v2,call_47bef2f628eb|lowpass_3400,0,-5.908261163668199,2.005507674390781e-08,11,False
stress,specialist,call_47bef2f628eb|lowpass_3000,0,-5.264268154447729,0.01956694145591692,11,False
stress,specialist_silero,call_47bef2f628eb|lowpass_3000,0,-5.924984021620317,0.01087433429110593,11,False
stress,orig_only,call_47bef2f628eb|lowpass_3000,0,-4.567925388162786,0.010272844084387864,11,False
stress,robust_v2,call_47bef2f628eb|lowpass_3000,0,-5.025221288204193,2.8361046334995147e-07,11,False
stress,specialist,call_47bef2f628eb|pstn_300-3400,0,-12.414475961164994,3.1456953555433776e-05,11,False
stress,specialist_silero,call_47bef2f628eb|pstn_300-3400,0,-11.330469304865057,8.366576071415221e-05,11,False
stress,orig_only,call_47bef2f628eb|pstn_300-3400,0,-7.153397235003385,0.0007815908754637264,11,False
stress,robust_v2,call_47bef2f628eb|pstn_300-3400,0,-4.88619327545166,4.3038733409817826e-07,11,False
stress,specialist,call_47bef2f628eb|white_snr20,0,-4.483503433791074,0.03880785547762085,11,False
stress,specialist_silero,call_47bef2f628eb|white_snr20,0,-5.4905441471121526,0.016010732778014056,11,False
stress,orig_only,call_47bef2f628eb|white_snr20,0,-4.121882351962003,0.015955267161193724,11,False
stress,robust_v2,call_47bef2f628eb|white_snr20,0,-4.3058962523937225,2.4542454128740606e-06,11,False
stress,specialist,call_47bef2f628eb|white_snr10,0,-4.188931306203206,0.05003440108569704,6,False
stress,specialist_silero,call_47bef2f628eb|white_snr10,0,-5.884176015853882,0.011277670380627014,10,False
stress,orig_only,call_47bef2f628eb|white_snr10,0,-5.049413824081421,0.006372225876633239,10,False
stress,robust_v2,call_47bef2f628eb|white_snr10,0,-2.581530141830444,0.0004328915121212695,10,False
stress,specialist,call_47bef2f628eb|pink_snr10,0,-5.6020991124890065,0.014499599713589616,11,False
stress,specialist_silero,call_47bef2f628eb|pink_snr10,0,-5.889750969409943,0.011221708698156354,10,False
stress,orig_only,call_47bef2f628eb|pink_snr10,0,-5.382651007175445,0.004574599604250636,10,False
stress,robust_v2,call_47bef2f628eb|pink_snr10,0,-3.889216035604477,8.566454056863235e-06,10,False
stress,specialist,call_47bef2f628eb|mulaw_codec,0,-8.955643393776633,0.000712915098853254,11,False
stress,specialist_silero,call_47bef2f628eb|mulaw_codec,0,-9.419650355974833,0.00046912212024486293,12,False
stress,orig_only,call_47bef2f628eb|mulaw_codec,0,-6.127632995446523,0.0021769894171494463,12,False
stress,robust_v2,call_47bef2f628eb|mulaw_codec,0,-6.756639398634434,1.5735711268714663e-09,12,False
stress,specialist,call_47bef2f628eb|reverb_0.3s,0,-7.734851598739624,0.002142298627609253,11,False
stress,specialist_silero,call_47bef2f628eb|reverb_0.3s,0,-7.580465507507324,0.0024617806035370374,10,False
stress,orig_only,call_47bef2f628eb|reverb_0.3s,0,-6.16753203868866,0.00209201775072504,10,False
stress,robust_v2,call_47bef2f628eb|reverb_0.3s,0,-6.6680350542068485,2.052709591329169e-09,10,False
stress,specialist,call_47bef2f628eb|tilt_-3dB_oct,0,-8.244506229053844,0.0013535511298037235,11,False
stress,specialist_silero,call_47bef2f628eb|tilt_-3dB_oct,0,-8.473339817740701,0.0011012801528066719,11,False
stress,orig_only,call_47bef2f628eb|tilt_-3dB_oct,0,-5.859724516218359,0.00284391832399442,11,False
stress,robust_v2,call_47bef2f628eb|tilt_-3dB_oct,0,-6.827418251471086,1.2725351365235924e-09,11,False
stress,specialist,call_4affad158a4c|clean,1,12.566442211469015,0.9999948534276012,12,False
stress,specialist_silero,call_4affad158a4c|clean,1,10.229464704340154,0.9999575935956918,11,False
stress,orig_only,call_4affad158a4c|clean,1,8.454856699163264,0.9997871812174641,11,False
stress,robust_v2,call_4affad158a4c|clean,1,10.392336975444447,0.9999999999999711,11,False
stress,specialist,call_4affad158a4c|gain_-12dB,1,12.56235651175181,0.9999948344165378,12,False
stress,specialist_silero,call_4affad158a4c|gain_-12dB,1,10.194474350322377,0.9999562332198365,11,False
stress,orig_only,call_4affad158a4c|gain_-12dB,1,8.454000147906216,0.9997869988880204,11,False
stress,robust_v2,call_4affad158a4c|gain_-12dB,1,10.425634059039028,0.9999999999999738,11,False
stress,specialist,call_4affad158a4c|lowpass_3400,1,12.752324422200521,0.999995648231544,12,False
stress,specialist_silero,call_4affad158a4c|lowpass_3400,1,11.598590070551092,0.9999876733686109,11,False
stress,orig_only,call_4affad158a4c|lowpass_3400,1,8.946982123635031,0.9998698876492816,11,False
stress,robust_v2,call_4affad158a4c|lowpass_3400,1,11.40721828287298,0.9999999999999987,11,False
stress,specialist,call_4affad158a4c|lowpass_3000,1,12.900232828580416,0.9999961920046974,13,False
stress,specialist_silero,call_4affad158a4c|lowpass_3000,1,12.546342567964034,0.9999947592229902,11,False
stress,orig_only,call_4affad158a4c|lowpass_3000,1,8.971905513243241,0.9998730900059837,11,False
stress,robust_v2,call_4affad158a4c|lowpass_3000,1,11.55507720600475,0.9999999999999991,11,False
stress,specialist,call_4affad158a4c|pstn_300-3400,1,2.2223991751670837,0.9449136302797944,12,False
stress,specialist_silero,call_4affad158a4c|pstn_300-3400,1,3.4377496019005775,0.9809037881689544,8,False
stress,orig_only,call_4affad158a4c|pstn_300-3400,1,3.9502153620123863,0.9811130291890872,8,False
stress,robust_v2,call_4affad158a4c|pstn_300-3400,1,9.631604820489883,0.9999999999997173,8,False
stress,specialist,call_4affad158a4c|white_snr20,1,9.769927819569906,0.9999358010576843,12,False
stress,specialist_silero,call_4affad158a4c|white_snr20,1,7.034395824779164,0.9992425371723617,11,False
stress,orig_only,call_4affad158a4c|white_snr20,1,5.219148102809083,0.9946171938333477,11,False
stress,robust_v2,call_4affad158a4c|white_snr20,1,9.769716869701039,0.9999999999998133,11,False
stress,specialist,call_4affad158a4c|white_snr10,1,6.566076755523682,0.9988445897522972,3,False
stress,specialist_silero,call_4affad158a4c|white_snr10,1,4.087790169499137,0.9892879229096239,11,False
stress,orig_only,call_4affad158a4c|white_snr10,1,2.7567662325772373,0.9402943457231515,11,False
stress,robust_v2,call_4affad158a4c|white_snr10,1,8.425591750578446,0.9999999999894698,11,False
stress,specialist,call_4affad158a4c|pink_snr10,1,5.99729039768378,0.9980710379414974,12,False
stress,specialist_silero,call_4affad158a4c|pink_snr10,1,5.146931314468384,0.9958539135216525,10,False
stress,orig_only,call_4affad158a4c|pink_snr10,1,3.678898739814758,0.975371130652471,10,False
stress,robust_v2,call_4affad158a4c|pink_snr10,1,8.47361650466919,0.9999999999908826,10,False
stress,specialist,call_4affad158a4c|mulaw_codec,1,12.400235017140707,0.9999940205785539,12,False
stress,specialist_silero,call_4affad158a4c|mulaw_codec,1,10.165843389251016,0.999955087688491,11,False
stress,orig_only,call_4affad158a4c|mulaw_codec,1,8.40048605745489,0.9997752924525328,11,False
stress,robust_v2,call_4affad158a4c|mulaw_codec,1,10.367203213951804,0.9999999999999689,11,False
stress,specialist,call_4affad158a4c|reverb_0.3s,1,2.0212487876415253,0.9346651661091309,10,False
stress,specialist_silero,call_4affad158a4c|reverb_0.3s,1,2.3484309911727905,0.9505429460189607,10,False
stress,orig_only,call_4affad158a4c|reverb_0.3s,1,0.6561646737158299,0.658398310088594,10,False
stress,robust_v2,call_4affad158a4c|reverb_0.3s,1,1.5486019492149352,0.9904895285773746,10,False
stress,specialist,call_4affad158a4c|tilt_-3dB_oct,1,10.744917942927433,0.999973367179353,13,False
stress,specialist_silero,call_4affad158a4c|tilt_-3dB_oct,1,11.080989122390747,0.9999803345400843,10,False
stress,orig_only,call_4affad158a4c|tilt_-3dB_oct,1,8.46252133846283,0.9997888058182302,10,False
stress,robust_v2,call_4affad158a4c|tilt_-3dB_oct,1,10.335918283462524,0.9999999999999658,10,False
stress,specialist,call_569ffb0869eb|clean,0,-11.57817110648522,6.690729820022532e-05,13,False
stress,specialist_silero,call_569ffb0869eb|clean,0,-11.519598960876465,7.05387964416361e-05,11,False
stress,orig_only,call_569ffb0869eb|clean,0,-8.062611276453191,0.0003150036506855228,11,False
stress,robust_v2,call_569ffb0869eb|clean,0,-11.08066125349565,3.657546745019839e-15,11,False
stress,specialist,call_569ffb0869eb|gain_-12dB,0,-11.431626399358114,7.636678773040903e-05,12,False
stress,specialist_silero,call_569ffb0869eb|gain_-12dB,0,-10.838581778786399,0.00013041048431657875,11,False
stress,orig_only,call_569ffb0869eb|gain_-12dB,0,-7.097377170215953,0.0008265880605087706,11,False
stress,robust_v2,call_569ffb0869eb|gain_-12dB,0,-9.54425660046664,3.6723669787902876e-13,11,False
stress,specialist,call_569ffb0869eb|lowpass_3400,0,-10.586984487680288,0.00016364637036185193,13,False
stress,specialist_silero,call_569ffb0869eb|lowpass_3400,0,-10.879049062728882,0.00012573443417010448,10,False
stress,orig_only,call_569ffb0869eb|lowpass_3400,0,-7.735113191604614,0.0004370118270928555,10,False
stress,robust_v2,call_569ffb0869eb|lowpass_3400,0,-10.541273593902588,1.8447993537227666e-14,10,False
stress,specialist,call_569ffb0869eb|lowpass_3000,0,-9.218582116640532,0.0005624059111385256,13,False
stress,specialist_silero,call_569ffb0869eb|lowpass_3000,0,-9.623375368118285,0.00039036813805272484,10,False
stress,orig_only,call_569ffb0869eb|lowpass_3000,0,-7.126111078262329,0.0008031937465380737,10,False
stress,robust_v2,call_569ffb0869eb|lowpass_3000,0,-9.799820852279662,1.7059866983936528e-13,10,False
stress,specialist,call_569ffb0869eb|pstn_300-3400,0,-12.738017717997232,2.349171283916134e-05,12,False
stress,specialist_silero,call_569ffb0869eb|pstn_300-3400,0,-12.225090286948465,3.731984884361735e-05,11,False
stress,orig_only,call_569ffb0869eb|pstn_300-3400,0,-7.766994628039273,0.000423304820550406,11,False
stress,robust_v2,call_569ffb0869eb|pstn_300-3400,0,-8.993295517834751,1.9177153629960396e-12,11,False
stress,specialist,call_569ffb0869eb|white_snr20,0,-4.550818654398124,0.036604237767284754,12,False
stress,specialist_silero,call_569ffb0869eb|white_snr20,0,-4.637466321388881,0.03394446627894814,12,False
stress,orig_only,call_569ffb0869eb|white_snr20,0,-3.6953106013437114,0.024237679616218172,12,False
stress,robust_v2,call_569ffb0869eb|white_snr20,0,-3.447396218776703,3.22426354324075e-05,12,False
stress,specialist,call_569ffb0869eb|white_snr10,0,-3.594528079032898,0.0826180523371009,2,False
stress,specialist_silero,call_569ffb0869eb|white_snr10,0,-5.439723094304402,0.01674955411861799,12,False
stress,orig_only,call_569ffb0869eb|white_snr10,0,-4.524674355983734,0.01072203524456133,12,False
stress,robust_v2,call_569ffb0869eb|white_snr10,0,-0.7999815170963606,0.08317692483304745,12,False
stress,specialist,call_569ffb0869eb|pink_snr10,0,-5.392682114243508,0.017463232634952953,10,False
stress,specialist_silero,call_569ffb0869eb|pink_snr10,0,-5.720647970835368,0.013047660228294171,12,False
stress,orig_only,call_569ffb0869eb|pink_snr10,0,-5.3290737718343735,0.004825163714818486,12,False
stress,robust_v2,call_569ffb0869eb|pink_snr10,0,-2.411077101404468,0.000721662321623734,12,False
stress,specialist,call_569ffb0869eb|mulaw_codec,0,-11.72288124377911,5.87166045095932e-05,13,False
stress,specialist_silero,call_569ffb0869eb|mulaw_codec,0,-11.481267322193492,7.302141637513495e-05,11,False
stress,orig_only,call_569ffb0869eb|mulaw_codec,0,-8.083421837199818,0.00030851798972338546,11,False
stress,robust_v2,call_569ffb0869eb|mulaw_codec,0,-11.006772908297451,4.565178750508963e-15,11,False
stress,specialist,call_569ffb0869eb|reverb_0.3s,0,-9.545809874167809,0.00041866074983863666,13,False
stress,specialist_silero,call_569ffb0869eb|reverb_0.3s,0,-9.09540287653605,0.0006284904616791829,9,False
stress,orig_only,call_569ffb0869eb|reverb_0.3s,0,-7.856377257241143,0.0003871244050174954,9,False
stress,robust_v2,call_569ffb0869eb|reverb_0.3s,0,-9.335050741831461,6.87886717387097e-13,9,False
stress,specialist,call_569ffb0869eb|tilt_-3dB_oct,0,-10.165375578403474,0.0002393945635297675,20,False
stress,specialist_silero,call_569ffb0869eb|tilt_-3dB_oct,0,-10.362317228317261,0.0002004213785879779,10,False
stress,orig_only,call_569ffb0869eb|tilt_-3dB_oct,0,-7.578570318222046,0.0005110303995371304,10,False
stress,robust_v2,call_569ffb0869eb|tilt_-3dB_oct,0,-10.333362460136414,3.44217631655317e-14,10,False
stress,specialist,call_58ed2170e352|clean,0,-9.968661189079285,0.0002858855375582347,12,False
stress,specialist_silero,call_58ed2170e352|clean,0,-8.789665603637696,0.0008280171190075897,10,False
stress,orig_only,call_58ed2170e352|clean,0,-5.803680288791656,0.0030073614437020955,10,False
stress,robust_v2,call_58ed2170e352|clean,0,-9.082829356193542,1.4659933207462203e-12,10,False
stress,specialist,call_58ed2170e352|gain_-12dB,0,-9.902705776691437,0.00030341316326725973,10,False
stress,specialist_silero,call_58ed2170e352|gain_-12dB,0,-8.775318050384522,0.0008387989021595571,10,False
stress,orig_only,call_58ed2170e352|gain_-12dB,0,-5.849528634548188,0.0028729791717986806,10,False
stress,robust_v2,call_58ed2170e352|gain_-12dB,0,-8.901618814468383,2.524807122095803e-12,10,False
stress,specialist,call_58ed2170e352|lowpass_3400,0,-8.943529844284058,0.0007207457038216714,12,False
stress,specialist_silero,call_58ed2170e352|lowpass_3400,0,-7.639169192314148,0.0023350534763769376,10,False
stress,orig_only,call_58ed2170e352|lowpass_3400,0,-5.313482403755188,0.00490061258799808,10,False
stress,robust_v2,call_58ed2170e352|lowpass_3400,0,-8.046323752403259,3.285322319497892e-11,10,False
stress,specialist,call_58ed2170e352|lowpass_3000,0,-7.870958019203196,0.0018951495737611038,12,False
stress,specialist_silero,call_58ed2170e352|lowpass_3000,0,-6.911166477948427,0.004494498580656491,10,False
stress,orig_only,call_58ed2170e352|lowpass_3000,0,-4.961607718467713,0.006952979663468727,10,False
stress,robust_v2,call_58ed2170e352|lowpass_3000,0,-7.9170246601104735,4.8421655219449315e-11,10,False
stress,specialist,call_58ed2170e352|pstn_300-3400,0,-11.948463360468546,4.790197600188804e-05,12,False
stress,specialist_silero,call_58ed2170e352|pstn_300-3400,0,-10.143553400039673,0.000244154629296451,10,False
stress,orig_only,call_58ed2170e352|pstn_300-3400,0,-6.5208254098892215,0.001470288292436664,10,False
stress,robust_v2,call_58ed2170e352|pstn_300-3400,0,-7.013028514385224,7.291909063779107e-10,10,False
stress,specialist,call_58ed2170e352|white_snr20,0,-3.1826691567897796,0.11551414335769129,10,False
stress,specialist_silero,call_58ed2170e352|white_snr20,0,-4.131622064113617,0.05255063832110343,10,False
stress,orig_only,call_58ed2170e352|white_snr20,0,-3.922379791736603,0.019409738150046808,10,False
stress,robust_v2,call_58ed2170e352|white_snr20,0,-4.404229938983917,1.82726244246378e-06,10,False
stress,specialist,call_58ed2170e352|white_snr10,0,-4.234217315912247,0.048127225576902764,4,False
stress,specialist_silero,call_58ed2170e352|white_snr10,0,-6.941370582580566,0.0043741721308826,10,False
stress,orig_only,call_58ed2170e352|white_snr10,0,-5.811746978759766,0.0029832716569009,10,False
stress,robust_v2,call_58ed2170e352|white_snr10,0,-2.7858012914657593,0.00023459768266610246,10,False
stress,specialist,call_58ed2170e352|pink_snr10,0,-6.139612175524235,0.008976686447899897,8,False
stress,specialist_silero,call_58ed2170e352|pink_snr10,0,-7.072991847991943,0.0038861760866973323,10,False
stress,orig_only,call_58ed2170e352|pink_snr10,0,-5.632670593261719,0.0035662408956713206,10,False
stress,robust_v2,call_58ed2170e352|pink_snr10,0,-3.867007704079151,9.156630750765813e-06,10,False
stress,specialist,call_58ed2170e352|mulaw_codec,0,-9.85583864649137,0.0003165172025978352,12,False
stress,specialist_silero,call_58ed2170e352|mulaw_codec,0,-8.714140033721923,0.0008863691304406468,10,False
stress,orig_only,call_58ed2170e352|mulaw_codec,0,-5.771975183486939,0.003103937079115203,10,False
stress,robust_v2,call_58ed2170e352|mulaw_codec,0,-8.819378447532653,3.231304007734309e-12,10,False
stress,specialist,call_58ed2170e352|reverb_0.3s,0,-14.132108370463053,6.676321765142576e-06,12,False
stress,specialist_silero,call_58ed2170e352|reverb_0.3s,0,-12.36225085788303,3.2974979997443215e-05,9,False
stress,orig_only,call_58ed2170e352|reverb_0.3s,0,-10.445895512898764,2.9066490404197617e-05,9,False
stress,robust_v2,call_58ed2170e352|reverb_0.3s,0,-10.858862969610426,7.114873742155181e-15,9,False
stress,specialist,call_58ed2170e352|tilt_-3dB_oct,0,-10.569738944371542,0.00016621273398016213,18,False
stress,specialist_silero,call_58ed2170e352|tilt_-3dB_oct,0,-8.702272155068137,0.0008959047615680335,11,False
stress,orig_only,call_58ed2170e352|tilt_-3dB_oct,0,-5.92863020029935,0.0026550579728191735,11,False
stress,robust_v2,call_58ed2170e352|tilt_-3dB_oct,0,-8.543828790838068,7.385619091471465e-12,11,False
stress,specialist,call_5e4539a471f6|clean,1,9.995908186985897,0.9999476442084972,13,False
stress,specialist_silero,call_5e4539a471f6|clean,1,6.957517202695211,0.9991881633323212,15,False
stress,orig_only,call_5e4539a471f6|clean,1,5.81362167596817,0.9970222991972025,15,False
stress,robust_v2,call_5e4539a471f6|clean,1,10.120571844776471,0.9999999999999347,15,False
stress,specialist,call_5e4539a471f6|gain_-12dB,1,9.996272490574764,0.9999476614175627,13,False
stress,specialist_silero,call_5e4539a471f6|gain_-12dB,1,8.702325588464737,0.9998317685866943,10,False
stress,orig_only,call_5e4539a471f6|gain_-12dB,1,6.23970103263855,0.9980533582519593,10,False
stress,robust_v2,call_5e4539a471f6|gain_-12dB,1,10.039383268356323,0.999999999999917,10,False
stress,specialist,call_5e4539a471f6|lowpass_3400,1,9.870039316324087,0.9999413465354111,13,False
stress,specialist_silero,call_5e4539a471f6|lowpass_3400,1,8.654278139273325,0.9998243148513702,12,False
stress,orig_only,call_5e4539a471f6|lowpass_3400,1,6.954921205838521,0.9990469800115009,12,False
stress,robust_v2,call_5e4539a471f6|lowpass_3400,1,11.33203093210856,0.9999999999999982,12,False
stress,specialist,call_5e4539a471f6|lowpass_3000,1,10.548100764934834,0.9999681907594586,13,False
stress,specialist_silero,call_5e4539a471f6|lowpass_3000,1,8.799590900540352,0.9998459037306052,16,False
stress,orig_only,call_5e4539a471f6|lowpass_3000,1,6.925764292478561,0.9990188114967339,16,False
stress,robust_v2,call_5e4539a471f6|lowpass_3000,1,11.769460141658783,0.9999999999999996,16,False
stress,specialist,call_5e4539a471f6|pstn_300-3400,1,4.012630990573338,0.9885447548099479,14,False
stress,specialist_silero,call_5e4539a471f6|pstn_300-3400,1,3.386296272277832,0.9800143036551675,9,False
stress,orig_only,call_5e4539a471f6|pstn_300-3400,1,3.4429190026389227,0.9690192670809302,9,False
stress,robust_v2,call_5e4539a471f6|pstn_300-3400,1,8.325857983695137,0.9999999999857971,9,False
stress,specialist,call_5e4539a471f6|white_snr20,1,9.661465031760079,0.9999291997597669,7,False
stress,specialist_silero,call_5e4539a471f6|white_snr20,1,4.9285863854668355,0.9949554538976401,11,False
stress,orig_only,call_5e4539a471f6|white_snr20,1,4.128184101798317,0.9841433734882543,11,False
stress,robust_v2,call_5e4539a471f6|white_snr20,1,8.491458329287441,0.9999999999913578,11,False
stress,specialist,call_5e4539a471f6|white_snr10,1,7.660634636878967,0.9995694117837564,4,False
stress,specialist_silero,call_5e4539a471f6|white_snr10,1,4.2107823342084885,0.9904024917262013,8,False
stress,orig_only,call_5e4539a471f6|white_snr10,1,2.3703061677515507,0.9145347939509864,8,False
stress,robust_v2,call_5e4539a471f6|white_snr10,1,6.851026773452759,0.9999999988144752,8,False
stress,specialist,call_5e4539a471f6|pink_snr10,1,7.313326835632324,0.9994110026359716,5,False
stress,specialist_silero,call_5e4539a471f6|pink_snr10,1,5.114044295416938,0.9957295514017257,9,False
stress,orig_only,call_5e4539a471f6|pink_snr10,1,3.2490642070770264,0.9626394716929335,9,False
stress,robust_v2,call_5e4539a471f6|pink_snr10,1,8.159620867835152,0.9999999999766136,9,False
stress,specialist,call_5e4539a471f6|mulaw_codec,1,9.731491895822378,0.9999335353002946,13,False
stress,specialist_silero,call_5e4539a471f6|mulaw_codec,1,6.775680832068125,0.9990435268968095,15,False
stress,orig_only,call_5e4539a471f6|mulaw_codec,1,5.693024706840515,0.9966419285040147,15,False
stress,robust_v2,call_5e4539a471f6|mulaw_codec,1,9.975016059478124,0.9999999999998992,15,False
stress,specialist,call_5e4539a471f6|reverb_0.3s,1,6.440531546419317,0.9987061591897901,11,False
stress,specialist_silero,call_5e4539a471f6|reverb_0.3s,1,4.481601736942927,0.9924678113277642,15,False
stress,orig_only,call_5e4539a471f6|reverb_0.3s,1,4.376132728656133,0.9875822480977249,15,False
stress,robust_v2,call_5e4539a471f6|reverb_0.3s,1,7.013304709394773,0.999999999271413,15,False
stress,specialist,call_5e4539a471f6|tilt_-3dB_oct,1,10.64198889051165,0.9999707748376895,7,False
stress,specialist_silero,call_5e4539a471f6|tilt_-3dB_oct,1,3.579258782523019,0.9831546102819602,21,False
stress,orig_only,call_5e4539a471f6|tilt_-3dB_oct,1,4.054185829701877,0.9829462753370847,21,False
stress,robust_v2,call_5e4539a471f6|tilt_-3dB_oct,1,8.181391704650153,0.9999999999780922,21,False
stress,specialist,call_6058d9c5c82f|clean,1,11.526729297637939,0.9999868474978871,10,False
stress,specialist_silero,call_6058d9c5c82f|clean,1,8.69343823653001,0.999830414109148,13,False
stress,orig_only,call_6058d9c5c82f|clean,1,7.216751758868877,0.9992663552753146,13,False
stress,robust_v2,call_6058d9c5c82f|clean,1,9.941807196690487,0.9999999999998885,13,False
stress,specialist,call_6058d9c5c82f|gain_-12dB,1,12.054915852016872,0.999991834197856,9,False
stress,specialist_silero,call_6058d9c5c82f|gain_-12dB,1,9.85405437151591,0.9999404943414728,12,False
stress,orig_only,call_6058d9c5c82f|gain_-12dB,1,7.488836487134297,0.9994410193071386,12,False
stress,robust_v2,call_6058d9c5c82f|gain_-12dB,1,9.908814986546835,0.999999999999877,12,False
stress,specialist,call_6058d9c5c82f|lowpass_3400,1,11.688751316070556,0.9999886366074519,10,False
stress,specialist_silero,call_6058d9c5c82f|lowpass_3400,1,10.982231920415705,0.9999785014516901,11,False
stress,orig_only,call_6058d9c5c82f|lowpass_3400,1,8.029149142178623,0.9996742808055259,11,False
stress,robust_v2,call_6058d9c5c82f|lowpass_3400,1,10.526542923667215,0.9999999999999807,11,False
stress,specialist,call_6058d9c5c82f|lowpass_3000,1,11.56764087677002,0.9999873242359083,10,False
stress,specialist_silero,call_6058d9c5c82f|lowpass_3000,1,10.867132703463236,0.9999761483269062,12,False
stress,orig_only,call_6058d9c5c82f|lowpass_3000,1,7.304879824320476,0.999328201322081,12,False
stress,robust_v2,call_6058d9c5c82f|lowpass_3000,1,10.199913462003073,0.9999999999999487,12,False
stress,specialist,call_6058d9c5c82f|pstn_300-3400,1,5.7828412532806395,0.9976601193329057,10,False
stress,specialist_silero,call_6058d9c5c82f|pstn_300-3400,1,5.132627314329147,0.9958002724532011,10,False
stress,orig_only,call_6058d9c5c82f|pstn_300-3400,1,4.26150022149086,0.9860949452949453,10,False
stress,robust_v2,call_6058d9c5c82f|pstn_300-3400,1,7.978803646564484,0.9999999999597702,10,False
stress,specialist,call_6058d9c5c82f|white_snr20,1,10.816709041595459,0.9999750379144258,11,False
stress,specialist_silero,call_6058d9c5c82f|white_snr20,1,7.616864383220673,0.9995520707292119,12,False
stress,orig_only,call_6058d9c5c82f|white_snr20,1,5.978682974974315,0.9974742366206092,12,False
stress,robust_v2,call_6058d9c5c82f|white_snr20,1,11.0928848584493,0.9999999999999964,12,False
stress,specialist,call_6058d9c5c82f|white_snr10,1,6.618253707885742,0.9988976750720582,4,False
stress,specialist_silero,call_6058d9c5c82f|white_snr10,1,5.6022369265556335,0.9972470523441008,12,False
stress,orig_only,call_6058d9c5c82f|white_snr10,1,3.609110643466314,0.9736378627179814,12,False
stress,robust_v2,call_6058d9c5c82f|white_snr10,1,10.870857119560242,0.9999999999999931,12,False
stress,specialist,call_6058d9c5c82f|pink_snr10,1,7.109868955612183,0.9992923754900176,10,False
stress,specialist_silero,call_6058d9c5c82f|pink_snr10,1,5.66870463391145,0.9974069139030441,12,False
stress,orig_only,call_6058d9c5c82f|pink_snr10,1,3.722708453734716,0.9764019085162676,12,False
stress,robust_v2,call_6058d9c5c82f|pink_snr10,1,8.900527278582254,0.9999999999974669,12,False
stress,specialist,call_6058d9c5c82f|mulaw_codec,1,11.469409370422364,0.9999861492456854,10,False
stress,specialist_silero,call_6058d9c5c82f|mulaw_codec,1,8.67254191178542,0.999827186290202,13,False
stress,orig_only,call_6058d9c5c82f|mulaw_codec,1,7.226458274401152,0.9992734368111577,13,False
stress,robust_v2,call_6058d9c5c82f|mulaw_codec,1,9.933036364041842,0.9999999999998856,13,False
stress,specialist,call_6058d9c5c82f|reverb_0.3s,1,1.1960080439845722,0.8716832591409388,12,False
stress,specialist_silero,call_6058d9c5c82f|reverb_0.3s,1,2.4850990970929465,0.9560292891663311,12,False
stress,orig_only,call_6058d9c5c82f|reverb_0.3s,1,-0.6003105044364929,0.3542726584658227,12,False
stress,robust_v2,call_6058d9c5c82f|reverb_0.3s,1,0.1944978709022204,0.6418708897708517,12,False
stress,specialist,call_6058d9c5c82f|tilt_-3dB_oct,1,-3.3980495204096255,0.0970900795080873,23,False
stress,specialist_silero,call_6058d9c5c82f|tilt_-3dB_oct,1,9.06191082795461,0.9998783826844606,12,False
stress,orig_only,call_6058d9c5c82f|tilt_-3dB_oct,1,7.292754213015239,0.9993200113376683,12,False
stress,robust_v2,call_6058d9c5c82f|tilt_-3dB_oct,1,9.166967988014221,0.9999999999988611,12,False
stress,specialist,call_64637c20ee66|clean,0,-10.93233503235711,0.00011983190738621223,18,False
stress,specialist_silero,call_64637c20ee66|clean,0,-9.111348205142551,0.0006195168911436388,9,False
stress,orig_only,call_64637c20ee66|clean,0,-6.502773417366876,0.0014970308440020149,9,False
stress,robust_v2,call_64637c20ee66|clean,0,-7.57620112101237,1.3461485198385385e-10,9,False
stress,specialist,call_64637c20ee66|gain_-12dB,0,-9.956331968307495,0.00028908328238310684,12,False
stress,specialist_silero,call_64637c20ee66|gain_-12dB,0,-9.484854380289713,0.0004423257252074497,9,False
stress,orig_only,call_64637c20ee66|gain_-12dB,0,-6.753010564380222,0.0011659987728967341,9,False
stress,robust_v2,call_64637c20ee66|gain_-12dB,0,-7.8535117573208275,5.858541904754624e-11,9,False
stress,specialist,call_64637c20ee66|lowpass_3400,0,-9.491179360283745,0.00043980923845838866,18,False
stress,specialist_silero,call_64637c20ee66|lowpass_3400,0,-7.864075952106052,0.001906933933643932,9,False
stress,orig_only,call_64637c20ee66|lowpass_3400,0,-5.876673049396938,0.0027962578883503893,9,False
stress,robust_v2,call_64637c20ee66|lowpass_3400,0,-6.693382898966472,1.9024016954010206e-09,9,False
stress,specialist,call_64637c20ee66|lowpass_3000,0,-8.243858084959143,0.0013543420048927127,17,False
stress,specialist_silero,call_64637c20ee66|lowpass_3000,0,-6.777641243404812,0.005067150243732909,9,False
stress,orig_only,call_64637c20ee66|lowpass_3000,0,-5.170976042747498,0.005646953961658502,9,False
stress,robust_v2,call_64637c20ee66|lowpass_3000,0,-5.863719589180416,2.2922226892440925e-08,9,False
stress,specialist,call_64637c20ee66|pstn_300-3400,0,-11.63941618975471,6.330985568541762e-05,17,False
stress,specialist_silero,call_64637c20ee66|pstn_300-3400,0,-10.055987656116486,0.000264226157567155,8,False
stress,orig_only,call_64637c20ee66|pstn_300-3400,0,-6.877632677555084,0.001029519873400737,8,False
stress,robust_v2,call_64637c20ee66|pstn_300-3400,0,-6.045365542173386,1.329209100587455e-08,8,False
stress,specialist,call_64637c20ee66|white_snr20,0,-7.277135292689006,0.003234422712642155,9,False
stress,specialist_silero,call_64637c20ee66|white_snr20,0,-8.70960304737091,0.0008900024869750656,10,False
stress,orig_only,call_64637c20ee66|white_snr20,0,-6.18955364227295,0.0020465449779517226,10,False
stress,robust_v2,call_64637c20ee66|white_snr20,0,-7.3417387962341305,2.720007236999824e-10,10,False
stress,specialist,call_64637c20ee66|white_snr10,0,-6.43544144100613,0.006887892437175326,9,False
stress,specialist_silero,call_64637c20ee66|white_snr10,0,-5.218375301361084,0.020377481357614996,10,False
stress,orig_only,call_64637c20ee66|white_snr10,0,-4.555317020416259,0.01040183205071735,10,False
stress,robust_v2,call_64637c20ee66|white_snr10,0,-3.865713131427765,9.192261339912987e-06,10,False
stress,specialist,call_64637c20ee66|pink_snr10,0,-8.7486460425637,0.0008592163157781907,11,False
stress,specialist_silero,call_64637c20ee66|pink_snr10,0,-7.453520033094618,0.002759772096038144,9,False
stress,orig_only,call_64637c20ee66|pink_snr10,0,-6.384706338246663,0.0016843221508752813,9,False
stress,robust_v2,call_64637c20ee66|pink_snr10,0,-5.51650779777103,6.49580955840203e-08,9,False
stress,specialist,call_64637c20ee66|mulaw_codec,0,-10.99386559592353,0.00011335995461135639,18,False
stress,specialist_silero,call_64637c20ee66|mulaw_codec,0,-9.323313342200386,0.0005117109231302935,9,False
stress,orig_only,call_64637c20ee66|mulaw_codec,0,-6.6459066073099775,0.0012976438346929998,9,False
stress,robust_v2,call_64637c20ee66|mulaw_codec,0,-7.752186907662286,7.939698481122256e-11,9,False
stress,specialist,call_64637c20ee66|reverb_0.3s,0,-10.521245188183254,0.0001736469578668631,18,False
stress,specialist_silero,call_64637c20ee66|reverb_0.3s,0,-8.938444018363953,0.0007240589158699339,8,False
stress,orig_only,call_64637c20ee66|reverb_0.3s,0,-8.72035139799118,0.0001632031825846703,8,False
stress,robust_v2,call_64637c20ee66|reverb_0.3s,0,-7.365111887454987,2.535815463888589e-10,8,False
stress,specialist,call_64637c20ee66|tilt_-3dB_oct,0,-7.914348173141479,0.0018225071219492947,10,False
stress,specialist_silero,call_64637c20ee66|tilt_-3dB_oct,0,-8.597698423597548,0.000984484379760039,9,False
stress,orig_only,call_64637c20ee66|tilt_-3dB_oct,0,-6.259728007846409,0.0019081178369424532,9,False
stress,robust_v2,call_64637c20ee66|tilt_-3dB_oct,0,-7.962601979573567,4.223356048620746e-11,9,False
stress,specialist,call_678ee1dd2242|clean,0,-9.009872645139694,0.000678888696267777,16,False
stress,specialist_silero,call_678ee1dd2242|clean,0,-8.25277278973506,0.0013435045107833383,13,False
stress,orig_only,call_678ee1dd2242|clean,0,-5.323893712117122,0.004850101658736352,13,False
stress,robust_v2,call_678ee1dd2242|clean,0,-7.43545282804049,2.053390738634355e-10,13,False
stress,specialist,call_678ee1dd2242|gain_-12dB,0,-8.639922703013701,0.000947710933441858,17,False
stress,specialist_silero,call_678ee1dd2242|gain_-12dB,0,-8.48632558186849,0.0010884635386054183,15,False
stress,orig_only,call_678ee1dd2242|gain_-12dB,0,-5.311572678883871,0.004909934356715354,15,False
stress,robust_v2,call_678ee1dd2242|gain_-12dB,0,-7.160298252105713,4.687766172516233e-10,15,False
stress,specialist,call_678ee1dd2242|lowpass_3400,0,-7.616815485060215,0.0023825237310558423,16,False
stress,specialist_silero,call_678ee1dd2242|lowpass_3400,0,-7.169470676354,0.0035632834211948125,14,False
stress,orig_only,call_678ee1dd2242|lowpass_3400,0,-5.040878789765494,0.006426494788386264,14,False
stress,robust_v2,call_678ee1dd2242|lowpass_3400,0,-6.655034588915961,2.1343498236738927e-09,14,False
stress,specialist,call_678ee1dd2242|lowpass_3000,0,-6.582954570651054,0.0060345470569647276,16,False
stress,specialist_silero,call_678ee1dd2242|lowpass_3000,0,-6.281665997845786,0.007905154235657168,14,False
stress,orig_only,call_678ee1dd2242|lowpass_3000,0,-4.751976294176919,0.00856069549339275,14,False
stress,robust_v2,call_678ee1dd2242|lowpass_3000,0,-6.062720349856785,1.2617752800782094e-08,14,False
stress,specialist,call_678ee1dd2242|pstn_300-3400,0,-13.207429230213165,1.5379498150111164e-05,16,False
stress,specialist_silero,call_678ee1dd2242|pstn_300-3400,0,-11.964225959777831,4.722542782237122e-05,15,False
stress,orig_only,call_678ee1dd2242|pstn_300-3400,0,-7.7737359523773195,0.0004204619783331663,15,False
stress,robust_v2,call_678ee1dd2242|pstn_300-3400,0,-7.4809144337972,1.7915974075901561e-10,15,False
stress,specialist,call_678ee1dd2242|white_snr20,0,-4.1366216400090385,0.052326449592481464,17,False
stress,specialist_silero,call_678ee1dd2242|white_snr20,0,-5.8518157482147215,0.011607994928031318,15,False
stress,orig_only,call_678ee1dd2242|white_snr20,0,-4.272635559240977,0.013753193814684818,15,False
stress,robust_v2,call_678ee1dd2242|white_snr20,0,-2.2359222690264384,0.0012198987073224643,15,False
stress,specialist,call_678ee1dd2242|white_snr10,0,-10.420051574707031,0.00019024825951157934,1,False
stress,specialist_silero,call_678ee1dd2242|white_snr10,0,-8.013514876365662,0.0016667508197677065,16,False
stress,orig_only,call_678ee1dd2242|white_snr10,0,-6.192101955413818,0.002041347012435276,16,False
stress,robust_v2,call_678ee1dd2242|white_snr10,0,-0.29054015316069126,0.294917229998841,16,False
stress,specialist,call_678ee1dd2242|pink_snr10,0,-5.835099374254544,0.011782358216097695,15,False
stress,specialist_silero,call_678ee1dd2242|pink_snr10,0,-6.813477344810963,0.004906689836674342,16,False
stress,orig_only,call_678ee1dd2242|pink_snr10,0,-5.586813099682331,0.0037329627884655214,16,False
stress,robust_v2,call_678ee1dd2242|pink_snr10,0,-2.010709159076214,0.0023946337496881073,16,False
stress,specialist,call_678ee1dd2242|mulaw_codec,0,-8.99408008158207,0.0006886267849247354,16,False
stress,specialist_silero,call_678ee1dd2242|mulaw_codec,0,-8.170419999531337,0.00144700680150901,14,False
stress,orig_only,call_678ee1dd2242|mulaw_codec,0,-5.139730521610805,0.005825137403047563,14,False
stress,robust_v2,call_678ee1dd2242|mulaw_codec,0,-7.0183634757995605,7.176131875049313e-10,14,False
stress,specialist,call_678ee1dd2242|reverb_0.3s,0,-11.48389995098114,7.284814945145779e-05,16,False
stress,specialist_silero,call_678ee1dd2242|reverb_0.3s,0,-11.472634829007662,7.359246162117524e-05,13,False
stress,orig_only,call_678ee1dd2242|reverb_0.3s,0,-8.345767791454609,0.0002373427729376176,13,False
stress,robust_v2,call_678ee1dd2242|reverb_0.3s,0,-9.623265779935396,2.8973857621844353e-13,13,False
stress,specialist,call_678ee1dd2242|tilt_-3dB_oct,0,-9.54430955189925,0.00041922774840864104,26,False
stress,specialist_silero,call_678ee1dd2242|tilt_-3dB_oct,0,-8.10031588260944,0.0015413645882841646,13,False
stress,orig_only,call_678ee1dd2242|tilt_-3dB_oct,0,-5.645665370501005,0.00352036028177765,13,False
stress,robust_v2,call_678ee1dd2242|tilt_-3dB_oct,0,-8.135717217738812,2.5125153170199072e-11,13,False
stress,specialist,call_6971b2685c1d|clean,0,-9.898059993982315,0.0003046875314466757,8,False
stress,specialist_silero,call_6971b2685c1d|clean,0,-8.592455387115479,0.0009891489645732917,7,False
stress,orig_only,call_6971b2685c1d|clean,0,-5.7851992547512054,0.003063285513709845,7,False
stress,robust_v2,call_6971b2685c1d|clean,0,-6.115506623472486,1.0769800375493564e-08,7,False
stress,specialist,call_6971b2685c1d|gain_-12dB,0,-9.536988466978073,0.0004220055475505726,8,False
stress,specialist_silero,call_6971b2685c1d|gain_-12dB,0,-9.056401789188385,0.000650990386385609,8,False
stress,orig_only,call_6971b2685c1d|gain_-12dB,0,-6.127070505172014,0.0021782116289360037,8,False
stress,robust_v2,call_6971b2685c1d|gain_-12dB,0,-5.842694438993931,2.441462884687901e-08,8,False
stress,specialist,call_6971b2685c1d|lowpass_3400,0,-8.884971737861633,0.0007598287174730429,8,False
stress,specialist_silero,call_6971b2685c1d|lowpass_3400,0,-8.070979297161102,0.001582651452497507,8,False
stress,orig_only,call_6971b2685c1d|lowpass_3400,0,-6.024184837937355,0.0024136831051737484,8,False
stress,robust_v2,call_6971b2685c1d|lowpass_3400,0,-5.471250653266907,7.440430497567756e-08,8,False
stress,specialist,call_6971b2685c1d|lowpass_3000,0,-5.963809244334698,0.010503851691794719,8,False
stress,specialist_silero,call_6971b2685c1d|lowpass_3000,0,-5.7483556015150885,0.012729553400565261,7,False
stress,orig_only,call_6971b2685c1d|lowpass_3000,0,-5.414811611175537,0.004430459771057907,7,False
stress,robust_v2,call_6971b2685c1d|lowpass_3000,0,-4.789999595710209,5.74365799930144e-07,7,False
stress,specialist,call_6971b2685c1d|pstn_300-3400,0,-11.174058318138123,9.634834887873461e-05,8,False
stress,specialist_silero,call_6971b2685c1d|pstn_300-3400,0,-11.456828253609794,7.464967617106456e-05,7,False
stress,orig_only,call_6971b2685c1d|pstn_300-3400,0,-8.39485468183245,0.00022597624301683698,7,False
stress,robust_v2,call_6971b2685c1d|pstn_300-3400,0,-5.857945629528591,2.3322741743278065e-08,7,False
stress,specialist,call_6971b2685c1d|white_snr20,0,-4.533984214067459,0.03714377056439468,8,False
stress,specialist_silero,call_6971b2685c1d|white_snr20,0,-5.848727652004787,0.011640012744416204,7,False
stress,orig_only,call_6971b2685c1d|white_snr20,0,-4.09448196206774,0.016391227239191213,7,False
stress,robust_v2,call_6971b2685c1d|white_snr20,0,-0.08989870122500829,0.4329817026598997,7,False
stress,specialist,call_6971b2685c1d|white_snr10,0,-6.087261199951172,0.009406874846389938,1,False
stress,specialist_silero,call_6971b2685c1d|white_snr10,0,-9.01156221117292,0.000677855051214411,7,False
stress,orig_only,call_6971b2685c1d|white_snr10,0,-6.106673547199795,0.0022229969441118955,7,False
stress,robust_v2,call_6971b2685c1d|white_snr10,0,0.8526751228741237,0.9281108194314039,7,False
stress,specialist,call_6971b2685c1d|pink_snr10,0,-8.465087413787842,0.0011095032908175922,4,False
stress,specialist_silero,call_6971b2685c1d|pink_snr10,0,-7.31769711630685,0.0031185298835062405,7,False
stress,orig_only,call_6971b2685c1d|pink_snr10,0,-6.318592633519854,0.001799235386733714,7,False
stress,robust_v2,call_6971b2685c1d|pink_snr10,0,0.12029697213854108,0.589256082678879,7,False
stress,specialist,call_6971b2685c1d|mulaw_codec,0,-10.016156867146492,0.00027389396028203525,8,False
stress,specialist_silero,call_6971b2685c1d|mulaw_codec,0,-8.8548401423863,0.0007807573065281222,7,False
stress,orig_only,call_6971b2685c1d|mulaw_codec,0,-6.006293441568102,0.0024571488281973208,7,False
stress,robust_v2,call_6971b2685c1d|mulaw_codec,0,-6.093288327966418,1.1512125158568384e-08,7,False
stress,specialist,call_6971b2685c1d|reverb_0.3s,0,-9.990272998809814,0.00028036531608586053,8,False
stress,specialist_silero,call_6971b2685c1d|reverb_0.3s,0,-14.34195613861084,5.524491475639455e-06,2,False
stress,orig_only,call_6971b2685c1d|reverb_0.3s,0,-11.896175861358643,6.816375508417454e-06,2,False
stress,robust_v2,call_6971b2685c1d|reverb_0.3s,0,-11.268684387207031,2.080739237651253e-15,2,False
stress,specialist,call_6971b2685c1d|tilt_-3dB_oct,0,-10.207108199596405,0.00023054828547787692,8,False
stress,specialist_silero,call_6971b2685c1d|tilt_-3dB_oct,0,-9.086159706115723,0.0006337516051706587,7,False
stress,orig_only,call_6971b2685c1d|tilt_-3dB_oct,0,-7.278231859207153,0.0006899288882399684,7,False
stress,robust_v2,call_6971b2685c1d|tilt_-3dB_oct,0,-6.3172251496996195,5.880197689257248e-09,7,False
stress,specialist,call_6c8d4490f8d7|clean,1,11.119359823373648,0.9999810038406864,13,False
stress,specialist_silero,call_6c8d4490f8d7|clean,1,9.224646759033202,0.9998949921717839,15,False
stress,orig_only,call_6c8d4490f8d7|clean,1,7.853096294403076,0.9996116038624008,15,False
stress,robust_v2,call_6c8d4490f8d7|clean,1,11.07709436416626,0.9999999999999962,15,False
stress,specialist,call_6c8d4490f8d7|gain_-12dB,1,10.850445440837316,0.9999757864249972,14,False
stress,specialist_silero,call_6c8d4490f8d7|gain_-12dB,1,10.639847891671318,0.9999707183175143,14,False
stress,orig_only,call_6c8d4490f8d7|gain_-12dB,1,8.251521859850202,0.9997392067700666,14,False
stress,robust_v2,call_6c8d4490f8d7|gain_-12dB,1,11.315166098730904,0.9999999999999982,14,False
stress,specialist,call_6c8d4490f8d7|lowpass_3400,1,11.201019653907188,0.999982353380416,13,False
stress,specialist_silero,call_6c8d4490f8d7|lowpass_3400,1,10.601748091833931,0.9999696940429528,14,False
stress,orig_only,call_6c8d4490f8d7|lowpass_3400,1,8.086128132683891,0.9996923155657881,14,False
stress,robust_v2,call_6c8d4490f8d7|lowpass_3400,1,11.242041076932635,0.9999999999999978,14,False
stress,specialist,call_6c8d4490f8d7|lowpass_3000,1,12.006528120774488,0.9999914697206123,13,False
stress,specialist_silero,call_6c8d4490f8d7|lowpass_3000,1,11.326741831643242,0.9999842460971616,14,False
stress,orig_only,call_6c8d4490f8d7|lowpass_3000,1,7.887132133756365,0.9996245959360817,14,False
stress,robust_v2,call_6c8d4490f8d7|lowpass_3000,1,11.289725644247872,0.999999999999998,14,False
stress,specialist,call_6c8d4490f8d7|pstn_300-3400,1,3.768565590565021,0.9857624047555419,13,False
stress,specialist_silero,call_6c8d4490f8d7|pstn_300-3400,1,3.0680733152798245,0.9735416800249167,14,False
stress,orig_only,call_6c8d4490f8d7|pstn_300-3400,1,3.1407084688544273,0.9585410444770509,14,False
stress,robust_v2,call_6c8d4490f8d7|pstn_300-3400,1,8.556740203074046,0.999999999992895,14,False
stress,specialist,call_6c8d4490f8d7|white_snr20,1,9.685528337955475,0.9999307205739102,16,False
stress,specialist_silero,call_6c8d4490f8d7|white_snr20,1,7.867092626435416,0.9996425814971038,14,False
stress,orig_only,call_6c8d4490f8d7|white_snr20,1,6.187769591808319,0.9979498081159012,14,False
stress,robust_v2,call_6c8d4490f8d7|white_snr20,1,11.53733594076974,0.9999999999999991,14,False
stress,specialist,call_6c8d4490f8d7|white_snr10,1,4.203762650489807,0.9903420884024807,8,False
stress,specialist_silero,call_6c8d4490f8d7|white_snr10,1,4.733468907220023,0.993990024431716,14,False
stress,orig_only,call_6c8d4490f8d7|white_snr10,1,3.2722194365092685,0.963463380068478,14,False
stress,robust_v2,call_6c8d4490f8d7|white_snr10,1,9.935161999293737,0.9999999999998863,14,False
stress,specialist,call_6c8d4490f8d7|pink_snr10,1,5.917646201593535,0.9979275877970875,14,False
stress,specialist_silero,call_6c8d4490f8d7|pink_snr10,1,4.7250373874391824,0.993944397925834,14,False
stress,orig_only,call_6c8d4490f8d7|pink_snr10,1,3.534963388528143,0.9716663788672583,14,False
stress,robust_v2,call_6c8d4490f8d7|pink_snr10,1,9.26525800568717,0.9999999999991518,14,False
stress,specialist,call_6c8d4490f8d7|mulaw_codec,1,11.114710000845102,0.9999809239624186,13,False
stress,specialist_silero,call_6c8d4490f8d7|mulaw_codec,1,9.145185248057048,0.9998871863719079,15,False
stress,orig_only,call_6c8d4490f8d7|mulaw_codec,1,7.81533244450887,0.999596662091122,15,False
stress,robust_v2,call_6c8d4490f8d7|mulaw_codec,1,11.05285177230835,0.999999999999996,15,False
stress,specialist,call_6c8d4490f8d7|reverb_0.3s,1,2.233284192425864,0.9454227163347614,14,False
stress,specialist_silero,call_6c8d4490f8d7|reverb_0.3s,1,2.192233196894328,0.9434793234992327,15,False
stress,orig_only,call_6c8d4490f8d7|reverb_0.3s,1,1.2077865441640219,0.7699070692398966,15,False
stress,robust_v2,call_6c8d4490f8d7|reverb_0.3s,1,2.7376686493555704,0.9997289689087738,15,False
stress,specialist,call_6c8d4490f8d7|tilt_-3dB_oct,1,5.860459402987831,0.9978180658152579,19,False
stress,specialist_silero,call_6c8d4490f8d7|tilt_-3dB_oct,1,10.039585624422346,0.999949667656876,14,False
stress,orig_only,call_6c8d4490f8d7|tilt_-3dB_oct,1,7.562788665294647,0.9994808449413498,14,False
stress,robust_v2,call_6c8d4490f8d7|tilt_-3dB_oct,1,10.10683832849775,0.999999999999932,14,False
stress,specialist,call_743448b8a861|clean,1,6.621854662895203,0.9989012475342035,12,False
stress,specialist_silero,call_743448b8a861|clean,1,9.013410422537062,0.9998729420712829,9,False
stress,orig_only,call_743448b8a861|clean,1,5.615936504469977,0.9963737974134089,9,False
stress,robust_v2,call_743448b8a861|clean,1,7.307461099492179,0.9999999996985398,9,False
stress,specialist,call_743448b8a861|gain_-12dB,1,7.328740394115448,0.9994191341261216,10,False
stress,specialist_silero,call_743448b8a861|gain_-12dB,1,8.555409729480743,0.999807922126507,10,False
stress,orig_only,call_743448b8a861|gain_-12dB,1,5.52394562959671,0.9960257839237844,10,False
stress,robust_v2,call_743448b8a861|gain_-12dB,1,7.132886633276939,0.9999999994910442,10,False
stress,specialist,call_743448b8a861|lowpass_3400,1,6.701945563157399,0.9989777828086049,12,False
stress,specialist_silero,call_743448b8a861|lowpass_3400,1,9.303010251786974,0.9999021610337987,9,False
stress,orig_only,call_743448b8a861|lowpass_3400,1,5.534750951661004,0.9960683275093665,9,False
stress,robust_v2,call_743448b8a861|lowpass_3400,1,7.465109215842353,0.9999999998121407,9,False
stress,specialist,call_743448b8a861|lowpass_3000,1,7.135143548250198,0.9993083220220752,12,False
stress,specialist_silero,call_743448b8a861|lowpass_3000,1,10.287682003445095,0.999959763950175,9,False
stress,orig_only,call_743448b8a861|lowpass_3000,1,5.592635207706028,0.9962886273511815,9,False
stress,robust_v2,call_743448b8a861|lowpass_3000,1,7.989152166578505,0.9999999999609999,9,False
stress,specialist,call_743448b8a861|pstn_300-3400,1,-0.6657708038886389,0.5586689400603357,12,False
stress,specialist_silero,call_743448b8a861|pstn_300-3400,1,0.2940548211336136,0.7506265247128142,8,False
stress,orig_only,call_743448b8a861|pstn_300-3400,1,-0.29464684799313545,0.4268666242593867,8,False
stress,robust_v2,call_743448b8a861|pstn_300-3400,1,3.7422599345445633,0.9999866873136491,8,False
stress,specialist,call_743448b8a861|white_snr20,1,6.87374844815996,0.9991244672593576,9,False
stress,specialist_silero,call_743448b8a861|white_snr20,1,4.817942722277208,0.9944286995211113,11,False
stress,orig_only,call_743448b8a861|white_snr20,1,3.208757422187112,0.9611625077472107,11,False
stress,robust_v2,call_743448b8a861|white_snr20,1,6.2555434270338575,0.999999992924518,11,False
stress,specialist,call_743448b8a861|white_snr10,1,2.731367588043213,0.9644805707640509,1,False
stress,specialist_silero,call_743448b8a861|white_snr10,1,2.1072275808879306,0.9392465757279199,14,False
stress,orig_only,call_743448b8a861|white_snr10,1,1.233928810272898,0.7745054681246752,14,False
stress,robust_v2,call_743448b8a861|white_snr10,1,5.755813332540648,0.9999999683155568,14,False
stress,specialist,call_743448b8a861|pink_snr10,1,4.212484147813585,0.9904170791425796,9,False
stress,specialist_silero,call_743448b8a861|pink_snr10,1,3.711441214268024,0.9850204643300979,13,False
stress,orig_only,call_743448b8a861|pink_snr10,1,2.411315081211237,0.9176860755085248,13,False
stress,robust_v2,call_743448b8a861|pink_snr10,1,6.043512752422919,0.999999986633821,13,False
stress,specialist,call_743448b8a861|mulaw_codec,1,6.407029102245967,0.9986664964349419,12,False
stress,specialist_silero,call_743448b8a861|mulaw_codec,1,9.007166319423252,0.9998722241715963,9,False
stress,orig_only,call_743448b8a861|mulaw_codec,1,5.646833260854085,0.996483734264822,9,False
stress,robust_v2,call_743448b8a861|mulaw_codec,1,7.346114390426212,0.9999999997315465,9,False
stress,specialist,call_743448b8a861|reverb_0.3s,1,-1.3535836711525917,0.4049323538042479,14,False
stress,specialist_silero,call_743448b8a861|reverb_0.3s,1,-0.04906476085836237,0.6883267373429085,11,False
stress,orig_only,call_743448b8a861|reverb_0.3s,1,-0.5012264712290331,0.3772524868254094,11,False
stress,robust_v2,call_743448b8a861|reverb_0.3s,1,-0.09851564331488176,0.42664643236063315,11,False
stress,specialist,call_743448b8a861|tilt_-3dB_oct,1,-0.5183096859190199,0.591178186353258,18,False
stress,specialist_silero,call_743448b8a861|tilt_-3dB_oct,1,8.495221311395818,0.9997972026495813,11,False
stress,orig_only,call_743448b8a861|tilt_-3dB_oct,1,5.2033258134668525,0.9945318175899011,11,False
stress,robust_v2,call_743448b8a861|tilt_-3dB_oct,1,6.129653063687411,0.9999999896776998,11,False
stress,specialist,call_74b20933dd43|clean,0,-11.497028864347017,7.199018557354699e-05,13,False
stress,specialist_silero,call_74b20933dd43|clean,0,-10.248655986785888,0.00022206585882674745,10,False
stress,orig_only,call_74b20933dd43|clean,0,-5.072121357917785,0.006230050153985995,10,False
stress,robust_v2,call_74b20933dd43|clean,0,-4.573795580863953,1.098694565791103e-06,10,False
stress,specialist,call_74b20933dd43|gain_-12dB,0,-10.662796540693803,0.00015282630943735346,11,False
stress,specialist_silero,call_74b20933dd43|gain_-12dB,0,-10.494817447662353,0.00017783742453699933,10,False
stress,orig_only,call_74b20933dd43|gain_-12dB,0,-5.3419970870018005,0.004763502930725845,10,False
stress,robust_v2,call_74b20933dd43|gain_-12dB,0,-4.672578692436218,8.16910010664023e-07,10,False
stress,specialist,call_74b20933dd43|lowpass_3400,0,-10.117468467125526,0.0002499688443103325,13,False
stress,specialist_silero,call_74b20933dd43|lowpass_3400,0,-9.667491171095106,0.0003751377007549126,9,False
stress,orig_only,call_74b20933dd43|lowpass_3400,0,-5.314220163557264,0.004897016144883126,9,False
stress,robust_v2,call_74b20933dd43|lowpass_3400,0,-4.029972473780314,5.615819471328337e-06,9,False
stress,specialist,call_74b20933dd43|lowpass_3000,0,-8.682720294365517,0.0009118383678772161,13,False
stress,specialist_silero,call_74b20933dd43|lowpass_3000,0,-8.909860293070475,0.0007429652187938389,9,False
stress,orig_only,call_74b20933dd43|lowpass_3000,0,-4.960873100492689,0.006958053770611836,9,False
stress,robust_v2,call_74b20933dd43|lowpass_3000,0,-3.9054541455374823,8.159149716756748e-06,9,False
stress,specialist,call_74b20933dd43|pstn_300-3400,0,-11.180526146521935,9.578766568516657e-05,13,False
stress,specialist_silero,call_74b20933dd43|pstn_300-3400,0,-11.020469801766533,0.00011067100867663048,7,False
stress,orig_only,call_74b20933dd43|pstn_300-3400,0,-6.017804418291364,0.002429095122741523,7,False
stress,robust_v2,call_74b20933dd43|pstn_300-3400,0,-3.528359123638698,2.5289970564377776e-05,7,False
stress,specialist,call_74b20933dd43|white_snr20,0,-6.5125199288129805,0.006428033112958013,10,False
stress,specialist_silero,call_74b20933dd43|white_snr20,0,-9.074556827545166,0.0006404182230382781,12,False
stress,orig_only,call_74b20933dd43|white_snr20,0,-5.214690327644348,0.0054067250429721435,12,False
stress,robust_v2,call_74b20933dd43|white_snr20,0,-2.084902154902617,0.0019177052096623886,12,False
stress,specialist,call_74b20933dd43|white_snr10,0,-3.2726590633392334,0.10747224790725181,1,False
stress,specialist_silero,call_74b20933dd43|white_snr10,0,-6.592261877926913,0.005984374926787423,11,False
stress,orig_only,call_74b20933dd43|white_snr10,0,-3.7284215038472954,0.02346681348772662,11,False
stress,robust_v2,call_74b20933dd43|white_snr10,0,1.1266055757349187,0.9670677688846064,11,False
stress,specialist,call_74b20933dd43|pink_snr10,0,-5.923051953315735,0.010893104550816728,4,False
stress,specialist_silero,call_74b20933dd43|pink_snr10,0,-6.436235319484364,0.006882993425597323,11,False
stress,orig_only,call_74b20933dd43|pink_snr10,0,-4.053771452470259,0.017060672215254754,11,False
stress,robust_v2,call_74b20933dd43|pink_snr10,0,-1.030725969509645,0.0434310641415085,11,False
stress,specialist,call_74b20933dd43|mulaw_codec,0,-11.60470199584961,6.53244786188485e-05,13,False
stress,specialist_silero,call_74b20933dd43|mulaw_codec,0,-10.447318840026856,0.00018562474295499864,10,False
stress,orig_only,call_74b20933dd43|mulaw_codec,0,-5.17830011844635,0.005605977340522902,10,False
stress,robust_v2,call_74b20933dd43|mulaw_codec,0,-4.709918761253357,7.30339009447416e-07,10,False
stress,specialist,call_74b20933dd43|reverb_0.3s,0,-10.61549643107823,0.0001594900233380503,14,False
stress,specialist_silero,call_74b20933dd43|reverb_0.3s,0,-11.092703056335449,0.00010368754343260135,5,False
stress,orig_only,call_74b20933dd43|reverb_0.3s,0,-7.391843318939209,0.0006158794029223668,5,False
stress,robust_v2,call_74b20933dd43|reverb_0.3s,0,-5.035554599761963,2.749534368286283e-07,5,False
stress,specialist,call_74b20933dd43|tilt_-3dB_oct,0,-10.994233069212541,0.00011332237195814625,23,False
stress,specialist_silero,call_74b20933dd43|tilt_-3dB_oct,0,-9.975005269050598,0.00028425392150333365,10,False
stress,orig_only,call_74b20933dd43|tilt_-3dB_oct,0,-4.977817642688751,0.006841945882937504,10,False
stress,robust_v2,call_74b20933dd43|tilt_-3dB_oct,0,-4.348557418584823,2.159412389515693e-06,10,False
stress,specialist,call_7b1e73c133f8|clean,1,11.437109899520873,0.9999857395788644,10,False
stress,specialist_silero,call_7b1e73c133f8|clean,1,8.983455538749695,0.9998694609491688,10,False
stress,orig_only,call_7b1e73c133f8|clean,1,7.676595282554627,0.9995366643060303,10,False
stress,robust_v2,call_7b1e73c133f8|clean,1,10.085727703571319,0.9999999999999276,10,False
stress,specialist,call_7b1e73c133f8|gain_-12dB,1,11.992066192626954,0.9999913576617951,10,False
stress,specialist_silero,call_7b1e73c133f8|gain_-12dB,1,10.854136943817139,0.9999758669538809,9,False
stress,orig_only,call_7b1e73c133f8|gain_-12dB,1,8.091413550906712,0.9996939370201645,9,False
stress,robust_v2,call_7b1e73c133f8|gain_-12dB,1,10.16898356543647,0.9999999999999436,9,False
stress,specialist,call_7b1e73c133f8|lowpass_3400,1,11.60907015800476,0.9999877893999035,10,False
stress,specialist_silero,call_7b1e73c133f8|lowpass_3400,1,10.777788877487183,0.9999741456022418,9,False
stress,orig_only,call_7b1e73c133f8|lowpass_3400,1,7.966442452536689,0.9996532093600974,9,False
stress,robust_v2,call_7b1e73c133f8|lowpass_3400,1,10.211675590938992,0.9999999999999505,9,False
stress,specialist,call_7b1e73c133f8|lowpass_3000,1,12.251171112060547,0.9999931596034942,10,False
stress,specialist_silero,call_7b1e73c133f8|lowpass_3000,1,11.592727767096626,0.9999876079833504,9,False
stress,orig_only,call_7b1e73c133f8|lowpass_3000,1,7.483793841467963,0.9994381950342341,9,False
stress,robust_v2,call_7b1e73c133f8|lowpass_3000,1,9.98130374484592,0.999999999999901,9,False
stress,specialist,call_7b1e73c133f8|pstn_300-3400,1,4.7045287728309635,0.9938319749690473,10,False
stress,specialist_silero,call_7b1e73c133f8|pstn_300-3400,1,4.982791610062122,0.9951951250177983,8,False
stress,orig_only,call_7b1e73c133f8|pstn_300-3400,1,4.47912859916687,0.9887839337260538,8,False
stress,robust_v2,call_7b1e73c133f8|pstn_300-3400,1,9.050499223172665,0.9999999999983846,8,False
stress,specialist,call_7b1e73c133f8|white_snr20,1,10.11982610821724,0.999953183375994,8,False
stress,specialist_silero,call_7b1e73c133f8|white_snr20,1,5.528511863946915,0.9970582164951517,10,False
stress,orig_only,call_7b1e73c133f8|white_snr20,1,4.60778442621231,0.9901246043874621,10,False
stress,robust_v2,call_7b1e73c133f8|white_snr20,1,8.019499325752259,0.9999999999643936,10,False
stress,specialist,call_7b1e73c133f8|white_snr10,1,10.049697160720825,0.9999501248354421,2,False
stress,specialist_silero,call_7b1e73c133f8|white_snr10,1,3.1051481306552886,0.9743899853722581,10,False
stress,orig_only,call_7b1e73c133f8|white_snr10,1,1.9240845620632172,0.8725932234707933,10,False
stress,robust_v2,call_7b1e73c133f8|white_snr10,1,6.591317486763001,0.9999999974160652,10,False
stress,specialist,call_7b1e73c133f8|pink_snr10,1,8.99319714307785,0.9998706033811458,8,False
stress,specialist_silero,call_7b1e73c133f8|pink_snr10,1,6.346429681777954,0.9985916444603012,10,False
stress,orig_only,call_7b1e73c133f8|pink_snr10,1,3.8119420051574706,0.9783728635504334,10,False
stress,robust_v2,call_7b1e73c133f8|pink_snr10,1,8.642271566390992,0.9999999999945031,10,False
stress,specialist,call_7b1e73c133f8|mulaw_codec,1,11.339766311645509,0.9999844301807971,10,False
stress,specialist_silero,call_7b1e73c133f8|mulaw_codec,1,8.947278487682343,0.9998651293629006,10,False
stress,orig_only,call_7b1e73c133f8|mulaw_codec,1,7.667091512680054,0.9995322419487156,10,False
stress,robust_v2,call_7b1e73c133f8|mulaw_codec,1,9.992687487602234,0.9999999999999043,10,False
stress,specialist,call_7b1e73c133f8|reverb_0.3s,1,2.2024594485759734,0.9439694436378077,10,False
stress,specialist_silero,call_7b1e73c133f8|reverb_0.3s,1,1.339646300673485,0.8854972736766651,10,False
stress,orig_only,call_7b1e73c133f8|reverb_0.3s,1,0.6115073919296264,0.64828458182873,10,False
stress,robust_v2,call_7b1e73c133f8|reverb_0.3s,1,1.17334243953228,0.9712522668540448,10,False
stress,specialist,call_7b1e73c133f8|tilt_-3dB_oct,1,-3.473999399887888,0.09124522914844414,19,False
stress,specialist_silero,call_7b1e73c133f8|tilt_-3dB_oct,1,10.049497021569145,0.9999501158268449,9,False
stress,orig_only,call_7b1e73c133f8|tilt_-3dB_oct,1,7.483075512780084,0.9994377915555976,9,False
stress,robust_v2,call_7b1e73c133f8|tilt_-3dB_oct,1,9.064705265892876,0.9999999999984521,9,False
stress,specialist,call_810c24005ecc|clean,1,13.779673973719278,0.9999982780572308,12,False
stress,specialist_silero,call_810c24005ecc|clean,1,11.327639917532602,0.9999842588599759,12,False
stress,orig_only,call_810c24005ecc|clean,1,8.884466409683228,0.9998614951097321,12,False
stress,robust_v2,call_810c24005ecc|clean,1,11.453721274932226,0.9999999999999989,12,False
stress,specialist,call_810c24005ecc|gain_-12dB,1,13.784010648727417,0.9999982847831016,12,False
stress,specialist_silero,call_810c24005ecc|gain_-12dB,1,11.282747685909271,0.9999836080555927,12,False
stress,orig_only,call_810c24005ecc|gain_-12dB,1,8.873444080352783,0.9998599602335932,12,False
stress,robust_v2,call_810c24005ecc|gain_-12dB,1,11.421997020641962,0.9999999999999987,12,False
stress,specialist,call_810c24005ecc|lowpass_3400,1,14.03905447324117,0.9999986374260009,12,False
stress,specialist_silero,call_810c24005ecc|lowpass_3400,1,13.037669095126065,0.9999966361910523,11,False
stress,orig_only,call_810c24005ecc|lowpass_3400,1,10.06181474165483,0.9999573232985131,11,False
stress,robust_v2,call_810c24005ecc|lowpass_3400,1,13.05408711866899,1.0,11,False
stress,specialist,call_810c24005ecc|lowpass_3000,1,14.820911407470703,0.9999993271350684,12,False
stress,specialist_silero,call_810c24005ecc|lowpass_3000,1,13.637050758708607,0.9999980415305476,11,False
stress,orig_only,call_810c24005ecc|lowpass_3000,1,10.066909876736728,0.9999575401798504,11,False
stress,robust_v2,call_810c24005ecc|lowpass_3000,1,13.261249672282826,1.0,11,False
stress,specialist,call_810c24005ecc|pstn_300-3400,1,6.1749142316671515,0.9983562649113652,13,False
stress,specialist_silero,call_810c24005ecc|pstn_300-3400,1,4.495116185058247,0.9925584373992079,11,False
stress,orig_only,call_810c24005ecc|pstn_300-3400,1,5.172811990434473,0.9943633456546526,11,False
stress,robust_v2,call_810c24005ecc|pstn_300-3400,1,9.86003291606903,0.9999999999998577,11,False
stress,specialist,call_810c24005ecc|white_snr20,1,11.541349053382874,0.999987019884795,12,False
stress,specialist_silero,call_810c24005ecc|white_snr20,1,9.448186549273403,0.999914174122215,11,False
stress,orig_only,call_810c24005ecc|white_snr20,1,7.13262572071769,0.9992020176046083,11,False
stress,robust_v2,call_810c24005ecc|white_snr20,1,11.753032857721502,0.9999999999999996,11,False
stress,specialist,call_810c24005ecc|white_snr10,1,3.934168815612793,0.9877145486775961,1,False
stress,specialist_silero,call_810c24005ecc|white_snr10,1,6.204681271856481,0.9983997634781013,11,False
stress,orig_only,call_810c24005ecc|white_snr10,1,4.165265083312988,0.984711760298211,11,False
stress,robust_v2,call_810c24005ecc|white_snr10,1,10.61358870159496,0.9999999999999851,11,False
stress,specialist,call_810c24005ecc|pink_snr10,1,9.4618746584112,0.9999152277045903,11,False
stress,specialist_silero,call_810c24005ecc|pink_snr10,1,7.194888461719859,0.9993446037613919,11,False
stress,orig_only,call_810c24005ecc|pink_snr10,1,5.161003611304543,0.9942967732257934,11,False
stress,robust_v2,call_810c24005ecc|pink_snr10,1,11.219755909659646,0.9999999999999976,11,False
stress,specialist,call_810c24005ecc|mulaw_codec,1,13.702448527018229,0.999998153771033,12,False
stress,specialist_silero,call_810c24005ecc|mulaw_codec,1,11.31348035732905,0.9999840564275992,12,False
stress,orig_only,call_810c24005ecc|mulaw_codec,1,8.872764547665914,0.9998598650529945,12,False
stress,robust_v2,call_810c24005ecc|mulaw_codec,1,11.450084944566091,0.9999999999999989,12,False
stress,specialist,call_810c24005ecc|reverb_0.3s,1,5.04528749982516,0.9954574200345132,12,False
stress,specialist_silero,call_810c24005ecc|reverb_0.3s,1,3.524607690897855,0.9823180274731902,11,False
stress,orig_only,call_810c24005ecc|reverb_0.3s,1,2.396662663329731,0.9165724606278277,11,False
stress,robust_v2,call_810c24005ecc|reverb_0.3s,1,2.3407912240786986,0.999109088071682,11,False
stress,specialist,call_810c24005ecc|tilt_-3dB_oct,1,13.262029727300009,0.9999972527503712,12,False
stress,specialist_silero,call_810c24005ecc|tilt_-3dB_oct,1,12.474253264340488,0.9999944069406754,11,False
stress,orig_only,call_810c24005ecc|tilt_-3dB_oct,1,9.498657269911332,0.9999250532142435,11,False
stress,robust_v2,call_810c24005ecc|tilt_-3dB_oct,1,11.516911506652832,0.9999999999999991,11,False
stress,specialist,call_810e3066a7b4|clean,1,14.446260690689087,0.9999990564513369,8,False
stress,specialist_silero,call_810e3066a7b4|clean,1,13.125229477882385,0.9999968917641273,8,False
stress,orig_only,call_810e3066a7b4|clean,1,10.583266019821167,0.9999746641800682,8,False
stress,robust_v2,call_810e3066a7b4|clean,1,15.836560249328613,1.0,8,False
stress,specialist,call_810e3066a7b4|gain_-12dB,1,15.381761074066162,0.9999995943843603,8,False
stress,specialist_silero,call_810e3066a7b4|gain_-12dB,1,12.661268472671509,0.9999952755299907,8,False
stress,orig_only,call_810e3066a7b4|gain_-12dB,1,10.313183426856995,0.9999668084960167,8,False
stress,robust_v2,call_810e3066a7b4|gain_-12dB,1,15.352007389068604,1.0,8,False
stress,specialist,call_810e3066a7b4|lowpass_3400,1,14.896524906158447,0.9999993715180906,8,False
stress,specialist_silero,call_810e3066a7b4|lowpass_3400,1,13.351417064666748,0.9999974656609518,8,False
stress,orig_only,call_810e3066a7b4|lowpass_3400,1,10.512884378433228,0.9999728168037909,8,False
stress,robust_v2,call_810e3066a7b4|lowpass_3400,1,15.73626160621643,1.0,8,False
stress,specialist,call_810e3066a7b4|lowpass_3000,1,14.641181945800781,0.9999992086491866,8,False
stress,specialist_silero,call_810e3066a7b4|lowpass_3000,1,13.498574614524841,0.9999977808353666,8,False
stress,orig_only,call_810e3066a7b4|lowpass_3000,1,10.298466324806213,0.9999663164176171,8,False
stress,robust_v2,call_810e3066a7b4|lowpass_3000,1,15.495270490646362,1.0,8,False
stress,specialist,call_810e3066a7b4|pstn_300-3400,1,10.011089622974396,0.9999483565803496,8,False
stress,specialist_silero,call_810e3066a7b4|pstn_300-3400,1,8.140222817659378,0.9997206406146681,8,False
stress,orig_only,call_810e3066a7b4|pstn_300-3400,1,7.351510226726532,0.9993587887829918,8,False
stress,robust_v2,call_810e3066a7b4|pstn_300-3400,1,14.102723002433777,1.0,8,False
stress,specialist,call_810e3066a7b4|white_snr20,1,12.933812379837036,0.9999963056703179,8,False
stress,specialist_silero,call_810e3066a7b4|white_snr20,1,10.131040632724762,0.9999536547745612,8,False
stress,orig_only,call_810e3066a7b4|white_snr20,1,8.075788378715515,0.9996891186744172,8,False
stress,robust_v2,call_810e3066a7b4|white_snr20,1,14.523094892501831,1.0,8,False
stress,specialist,call_810e3066a7b4|white_snr10,1,6.965271830558777,0.9991938203018862,2,False
stress,specialist_silero,call_810e3066a7b4|white_snr10,1,5.036244839429855,0.9954203688756639,8,False
stress,orig_only,call_810e3066a7b4|white_snr10,1,4.1240101754665375,0.9840781067636344,8,False
stress,robust_v2,call_810e3066a7b4|white_snr10,1,11.556093215942383,0.9999999999999991,8,False
stress,specialist,call_810e3066a7b4|pink_snr10,1,10.473602294921875,0.999965978734858,8,False
stress,specialist_silero,call_810e3066a7b4|pink_snr10,1,9.360398530960083,0.999907098684909,8,False
stress,orig_only,call_810e3066a7b4|pink_snr10,1,6.39168518781662,0.9983273719657146,8,False
stress,robust_v2,call_810e3066a7b4|pink_snr10,1,13.036092042922974,1.0,8,False
stress,specialist,call_810e3066a7b4|mulaw_codec,1,14.440855264663696,0.9999990518373458,8,False
stress,specialist_silero,call_810e3066a7b4|mulaw_codec,1,13.01999694108963,0.9999965821143415,8,False
stress,orig_only,call_810e3066a7b4|mulaw_codec,1,10.532256364822388,0.9999733383145987,8,False
stress,robust_v2,call_810e3066a7b4|mulaw_codec,1,15.780728220939636,1.0,8,False
stress,specialist,call_810e3066a7b4|reverb_0.3s,1,2.3685406744480133,0.9513891597565258,8,False
stress,specialist_silero,call_810e3066a7b4|reverb_0.3s,1,2.0458910730150013,0.9360101264558819,9,False
stress,orig_only,call_810e3066a7b4|reverb_0.3s,1,0.616333994600508,0.6493843144004972,9,False
stress,robust_v2,call_810e3066a7b4|reverb_0.3s,1,3.163875311613083,0.9999245244211722,9,False
stress,specialist,call_810e3066a7b4|tilt_-3dB_oct,1,-3.611023229711196,0.0814967914139918,17,False
stress,specialist_silero,call_810e3066a7b4|tilt_-3dB_oct,1,11.688997864723206,0.9999886391354724,8,False
stress,orig_only,call_810e3066a7b4|tilt_-3dB_oct,1,9.226280808448792,0.9999015910912769,8,False
stress,robust_v2,call_810e3066a7b4|tilt_-3dB_oct,1,13.465651273727417,1.0,8,False
stress,specialist,call_8cafd2754e55|clean,1,12.473643511533737,0.9999944038621444,16,False
stress,specialist_silero,call_8cafd2754e55|clean,1,12.096531430880228,0.9999921351829206,15,False
stress,orig_only,call_8cafd2754e55|clean,1,9.541671721140544,0.9999282084312213,15,False
stress,robust_v2,call_8cafd2754e55|clean,1,13.012809753417969,1.0,15,False
stress,specialist,call_8cafd2754e55|gain_-12dB,1,12.474326342344284,0.9999944073095193,16,False
stress,specialist_silero,call_8cafd2754e55|gain_-12dB,1,11.838286026318867,0.9999900710888414,15,False
stress,orig_only,call_8cafd2754e55|gain_-12dB,1,9.434179671605428,0.9999200620310967,15,False
stress,robust_v2,call_8cafd2754e55|gain_-12dB,1,12.872407579421997,1.0,15,False
stress,specialist,call_8cafd2754e55|lowpass_3400,1,12.53133499622345,0.9999946877616265,16,False
stress,specialist_silero,call_8cafd2754e55|lowpass_3400,1,11.782873558998109,0.9999895619550352,15,False
stress,orig_only,call_8cafd2754e55|lowpass_3400,1,9.483292547861735,0.9999238928740267,15,False
stress,robust_v2,call_8cafd2754e55|lowpass_3400,1,12.957608683904011,1.0,15,False
stress,specialist,call_8cafd2754e55|lowpass_3000,1,13.255643725395203,0.9999972368721729,16,False
stress,specialist_silero,call_8cafd2754e55|lowpass_3000,1,12.586889616648357,0.9999949475247609,15,False
stress,orig_only,call_8cafd2754e55|lowpass_3000,1,9.477603562672932,0.9999234587010236,15,False
stress,robust_v2,call_8cafd2754e55|lowpass_3000,1,13.119212977091472,1.0,15,False
stress,specialist,call_8cafd2754e55|pstn_300-3400,1,4.116056889295578,0.9895549065953736,15,False
stress,specialist_silero,call_8cafd2754e55|pstn_300-3400,1,4.2859281088624686,0.991026124164192,14,False
stress,orig_only,call_8cafd2754e55|pstn_300-3400,1,4.7914836917604715,0.9917681917048401,14,False
stress,robust_v2,call_8cafd2754e55|pstn_300-3400,1,10.915307526077543,0.999999999999994,14,False
stress,specialist,call_8cafd2754e55|white_snr20,1,10.816596719953749,0.9999750353840867,18,False
stress,specialist_silero,call_8cafd2754e55|white_snr20,1,8.60263678630193,0.9998159350231197,15,False
stress,orig_only,call_8cafd2754e55|white_snr20,1,6.800312725702922,0.9988878114444661,15,False
stress,robust_v2,call_8cafd2754e55|white_snr20,1,11.955961656570434,0.9999999999999998,15,False
stress,specialist,call_8cafd2754e55|white_snr10,1,3.682152509689331,0.9846254207814213,1,False
stress,specialist_silero,call_8cafd2754e55|white_snr10,1,6.099951807941709,0.9982414212454384,14,False
stress,orig_only,call_8cafd2754e55|white_snr10,1,4.403285571507046,0.9879108675172789,14,False
stress,robust_v2,call_8cafd2754e55|white_snr10,1,11.91820594242641,0.9999999999999998,14,False
stress,specialist,call_8cafd2754e55|pink_snr10,1,8.013491383370232,0.999686802485917,17,False
stress,specialist_silero,call_8cafd2754e55|pink_snr10,1,6.418232637643814,0.9986798933608803,15,False
stress,orig_only,call_8cafd2754e55|pink_snr10,1,4.761879249413808,0.991522947200201,15,False
stress,robust_v2,call_8cafd2754e55|pink_snr10,1,10.687781810760498,0.999999999999988,15,False
stress,specialist,call_8cafd2754e55|mulaw_codec,1,12.269569545984268,0.99999327224073,16,False
stress,specialist_silero,call_8cafd2754e55|mulaw_codec,1,11.994612423578898,0.999991377497592,15,False
stress,orig_only,call_8cafd2754e55|mulaw_codec,1,9.555846246083577,0.9999292187929607,15,False
stress,robust_v2,call_8cafd2754e55|mulaw_codec,1,13.063885482152303,1.0,15,False
stress,specialist,call_8cafd2754e55|reverb_0.3s,1,3.488579352696737,0.9817443391905146,15,False
stress,specialist_silero,call_8cafd2754e55|reverb_0.3s,1,3.2080878019332886,0.976608795226807,15,False
stress,orig_only,call_8cafd2754e55|reverb_0.3s,1,2.248042284945647,0.9044815327964643,15,False
stress,robust_v2,call_8cafd2754e55|reverb_0.3s,1,3.4105290452639263,0.999963986732643,15,False
stress,specialist,call_8cafd2754e55|tilt_-3dB_oct,1,11.561068899491254,0.9999872488350309,17,False
stress,specialist_silero,call_8cafd2754e55|tilt_-3dB_oct,1,11.32138303120931,0.9999841697271858,15,False
stress,orig_only,call_8cafd2754e55|tilt_-3dB_oct,1,8.826152324676514,0.9998531794046098,15,False
stress,robust_v2,call_8cafd2754e55|tilt_-3dB_oct,1,11.66204603513082,0.9999999999999993,15,False
stress,specialist,call_8d75a71e6126|clean,1,10.974462645394462,0.9999783501907327,14,False
stress,specialist_silero,call_8d75a71e6126|clean,1,10.298547753265925,0.9999601565529791,14,False
stress,orig_only,call_8d75a71e6126|clean,1,7.785391313689096,0.9995844081843915,14,False
stress,robust_v2,call_8d75a71e6126|clean,1,10.516275661332267,0.99999999999998,14,False
stress,specialist,call_8d75a71e6126|gain_-12dB,1,10.277207612991333,0.9999593818265345,14,False
stress,specialist_silero,call_8d75a71e6126|gain_-12dB,1,10.215548583439418,0.9999570576952218,14,False
stress,orig_only,call_8d75a71e6126|gain_-12dB,1,7.727646606309073,0.9995597144167904,14,False
stress,robust_v2,call_8d75a71e6126|gain_-12dB,1,10.358123728207179,0.999999999999968,14,False
stress,specialist,call_8d75a71e6126|lowpass_3400,1,11.061747414725167,0.9999799900803968,14,False
stress,specialist_silero,call_8d75a71e6126|lowpass_3400,1,10.842679057802473,0.9999756161255725,14,False
stress,orig_only,call_8d75a71e6126|lowpass_3400,1,8.005130461284093,0.9996663653919022,14,False
stress,robust_v2,call_8d75a71e6126|lowpass_3400,1,10.76038578578404,0.9999999999999905,14,False
stress,specialist,call_8d75a71e6126|lowpass_3000,1,11.348306213106428,0.9999845497117825,14,False
stress,specialist_silero,call_8d75a71e6126|lowpass_3000,1,11.149647014481681,0.9999815160155976,14,False
stress,orig_only,call_8d75a71e6126|lowpass_3000,1,7.790267654827663,0.9995864289826741,14,False
stress,robust_v2,call_8d75a71e6126|lowpass_3000,1,10.710719278880529,0.9999999999999889,14,False
stress,specialist,call_8d75a71e6126|pstn_300-3400,1,2.9483112586396083,0.9706105827478311,14,False
stress,specialist_silero,call_8d75a71e6126|pstn_300-3400,1,2.8774984240531922,0.9687317832700726,15,False
stress,orig_only,call_8d75a71e6126|pstn_300-3400,1,2.89221364458402,0.9474601846387493,15,False
stress,robust_v2,call_8d75a71e6126|pstn_300-3400,1,8.133516045411428,0.9999999999747085,15,False
stress,specialist,call_8d75a71e6126|white_snr20,1,8.668286970683507,0.9998265215473011,14,False
stress,specialist_silero,call_8d75a71e6126|white_snr20,1,7.562512957624027,0.9995295628933738,14,False
stress,orig_only,call_8d75a71e6126|white_snr20,1,5.682112080710275,0.9966052075320072,14,False
stress,robust_v2,call_8d75a71e6126|white_snr20,1,10.233071735927037,0.9999999999999536,14,False
stress,specialist,call_8d75a71e6126|white_snr10,1,1.1942095756530762,0.8715016113929297,2,False
stress,specialist_silero,call_8d75a71e6126|white_snr10,1,3.1456141153971355,0.9752856578623782,15,False
stress,orig_only,call_8d75a71e6126|white_snr10,1,2.2560913706819217,0.9051746706647049,15,False
stress,robust_v2,call_8d75a71e6126|white_snr10,1,8.170144494374593,0.9999999999773403,15,False
stress,specialist,call_8d75a71e6126|pink_snr10,1,5.8874496002992,0.9978704580242229,15,False
stress,specialist_silero,call_8d75a71e6126|pink_snr10,1,4.407559247811635,0.9919515062913274,15,False
stress,orig_only,call_8d75a71e6126|pink_snr10,1,3.3310843547185263,0.9654799278085241,15,False
stress,robust_v2,call_8d75a71e6126|pink_snr10,1,8.2882186571757,0.9999999999840992,15,False
stress,specialist,call_8d75a71e6126|mulaw_codec,1,10.831092085157122,0.9999753598201273,14,False
stress,specialist_silero,call_8d75a71e6126|mulaw_codec,1,10.183674616473061,0.9999558045925996,14,False
stress,orig_only,call_8d75a71e6126|mulaw_codec,1,7.697900056838989,0.999546426728706,14,False
stress,robust_v2,call_8d75a71e6126|mulaw_codec,1,10.39486415045602,0.9999999999999714,14,False
stress,specialist,call_8d75a71e6126|reverb_0.3s,1,0.9928004781405131,0.8497369847328217,15,False
stress,specialist_silero,call_8d75a71e6126|reverb_0.3s,1,0.5602497230557835,0.7928488998263558,17,False
stress,orig_only,call_8d75a71e6126|reverb_0.3s,1,-0.065685254686019,0.48358458800078097,17,False
stress,robust_v2,call_8d75a71e6126|reverb_0.3s,1,0.9092785540749045,0.9386493182113179,17,False
stress,specialist,call_8d75a71e6126|tilt_-3dB_oct,1,0.42534412622451784,0.7721407264664061,25,False
stress,specialist_silero,call_8d75a71e6126|tilt_-3dB_oct,1,9.029313215187617,0.9998747522911949,14,False
stress,orig_only,call_8d75a71e6126|tilt_-3dB_oct,1,6.939692243933678,0.9990323695816421,14,False
stress,robust_v2,call_8d75a71e6126|tilt_-3dB_oct,1,8.714118114539556,0.9999999999955689,14,False
stress,specialist,call_8da8b9947630|clean,0,-10.924375490708785,0.00012069566533571948,11,False
stress,specialist_silero,call_8da8b9947630|clean,0,-11.976562066511674,4.670262037716018e-05,11,False
stress,orig_only,call_8da8b9947630|clean,0,-7.669544436714866,0.0004666126171033748,11,False
stress,robust_v2,call_8da8b9947630|clean,0,-8.987731846896084,1.9499925952063023e-12,11,False
stress,specialist,call_8da8b9947630|gain_-12dB,0,-11.191239703785289,9.486609739724805e-05,11,False
stress,specialist_silero,call_8da8b9947630|gain_-12dB,0,-11.170355359713236,9.667082696083319e-05,12,False
stress,orig_only,call_8da8b9947630|gain_-12dB,0,-7.355295578638713,0.0006387901425799963,12,False
stress,robust_v2,call_8da8b9947630|gain_-12dB,0,-8.695121844609579,4.6910459849200136e-12,12,False
stress,specialist,call_8da8b9947630|lowpass_3400,0,-9.732001478021795,0.00035392925204515195,11,False
stress,specialist_silero,call_8da8b9947630|lowpass_3400,0,-10.262152325023305,0.00021937814164674685,11,False
stress,orig_only,call_8da8b9947630|lowpass_3400,0,-6.967256589369341,0.0009413473291579436,11,False
stress,robust_v2,call_8da8b9947630|lowpass_3400,0,-7.872970754450018,5.526328989305274e-11,11,False
stress,specialist,call_8da8b9947630|lowpass_3000,0,-8.92729891430248,0.0007313728220779678,11,False
stress,specialist_silero,call_8da8b9947630|lowpass_3000,0,-9.25244613127275,0.0005454876653179054,11,False
stress,orig_only,call_8da8b9947630|lowpass_3000,0,-6.665273406288841,0.0012727860983930315,11,False
stress,robust_v2,call_8da8b9947630|lowpass_3000,0,-7.854741529984907,5.836967702215834e-11,11,False
stress,specialist,call_8da8b9947630|pstn_300-3400,0,-11.706830046393655,5.957327731904728e-05,11,False
stress,specialist_silero,call_8da8b9947630|pstn_300-3400,0,-11.323831664191353,8.416839205316514e-05,9,False
stress,orig_only,call_8da8b9947630|pstn_300-3400,0,-7.473022990756565,0.0005678853334239398,9,False
stress,robust_v2,call_8da8b9947630|pstn_300-3400,0,-6.370668994055854,5.0091129812440006e-09,9,False
stress,specialist,call_8da8b9947630|white_snr20,0,-5.2239047221162105,0.02027810729149406,11,False
stress,specialist_silero,call_8da8b9947630|white_snr20,0,-7.604839216579091,0.0024083513176228373,11,False
stress,orig_only,call_8da8b9947630|white_snr20,0,-5.430865331129595,0.004360209926530916,11,False
stress,robust_v2,call_8da8b9947630|white_snr20,0,-4.866713881492615,4.5628779333852424e-07,11,False
stress,specialist,call_8da8b9947630|white_snr10,0,-2.8939926624298096,0.14490956216719622,3,False
stress,specialist_silero,call_8da8b9947630|white_snr10,0,-7.968692822889849,0.0017354330594697308,11,False
stress,orig_only,call_8da8b9947630|white_snr10,0,-5.729484904896129,0.003238230017555992,11,False
stress,robust_v2,call_8da8b9947630|white_snr10,0,-0.6610716581344604,0.12097653679319603,11,False
stress,specialist,call_8da8b9947630|pink_snr10,0,-6.48996604572643,0.006559341311614511,11,False
stress,specialist_silero,call_8da8b9947630|pink_snr10,0,-8.187927441163497,0.001424356648923452,11,False
stress,orig_only,call_8da8b9947630|pink_snr10,0,-6.199909296902743,0.0020255037281059194,11,False
stress,robust_v2,call_8da8b9947630|pink_snr10,0,-3.127989503470334,8.405387734018607e-05,11,False
stress,specialist,call_8da8b9947630|mulaw_codec,0,-10.999194968830455,0.00011281612099442833,11,False
stress,specialist_silero,call_8da8b9947630|mulaw_codec,0,-11.666530088944869,6.17796240902978e-05,11,False
stress,orig_only,call_8da8b9947630|mulaw_codec,0,-7.558825319463557,0.0005212156579754652,11,False
stress,robust_v2,call_8da8b9947630|mulaw_codec,0,-8.778863039883701,3.648922783669306e-12,11,False
stress,specialist,call_8da8b9947630|reverb_0.3s,0,-8.844186300581152,0.0007882942019097471,11,False
stress,specialist_silero,call_8da8b9947630|reverb_0.3s,0,-6.6970672607421875,0.005447247713690328,10,False
stress,orig_only,call_8da8b9947630|reverb_0.3s,0,-6.90755215883255,0.000999203734066789,10,False
stress,robust_v2,call_8da8b9947630|reverb_0.3s,0,-5.7743869662284855,2.9967243694899974e-08,10,False
stress,specialist,call_8da8b9947630|tilt_-3dB_oct,0,-10.188525791168212,0.0002344461960810883,25,False
stress,specialist_silero,call_8da8b9947630|tilt_-3dB_oct,0,-10.802661375565963,0.00013470660596615058,11,False
stress,orig_only,call_8da8b9947630|tilt_-3dB_oct,0,-7.308553608981046,0.0006693368111466163,11,False
stress,robust_v2,call_8da8b9947630|tilt_-3dB_oct,0,-9.414929173209451,5.413082394492142e-13,11,False
stress,specialist,call_925ba94f05a4|clean,1,11.148255043029785,0.9999814927821363,25,False
stress,specialist_silero,call_925ba94f05a4|clean,1,9.17673947137815,0.9998903532097664,27,False
stress,orig_only,call_925ba94f05a4|clean,1,8.039032927265874,0.9996774832535281,27,False
stress,robust_v2,call_925ba94f05a4|clean,1,13.05819363064236,1.0,27,False
stress,specialist,call_925ba94f05a4|gain_-12dB,1,11.152108116149902,0.9999815570226132,25,False
stress,specialist_silero,call_925ba94f05a4|gain_-12dB,1,11.013293822606405,0.9999790957144504,18,False
stress,orig_only,call_925ba94f05a4|gain_-12dB,1,8.560770123369164,0.9998085648744707,18,False
stress,robust_v2,call_925ba94f05a4|gain_-12dB,1,13.455880761146545,1.0,18,False
stress,specialist,call_925ba94f05a4|lowpass_3400,1,11.291814212799073,0.9999837416265638,25,False
stress,specialist_silero,call_925ba94f05a4|lowpass_3400,1,9.073241357292448,0.9998796197652517,28,False
stress,orig_only,call_925ba94f05a4|lowpass_3400,1,7.7311579287052155,0.9995612570132678,28,False
stress,robust_v2,call_925ba94f05a4|lowpass_3400,1,12.81614962220192,1.0,28,False
stress,specialist,call_925ba94f05a4|lowpass_3000,1,11.51923376083374,0.9999867582293778,25,False
stress,specialist_silero,call_925ba94f05a4|lowpass_3000,1,9.448244512081146,0.999914178611139,35,False
stress,orig_only,call_925ba94f05a4|lowpass_3000,1,8.507537487574986,0.9997981002776196,35,False
stress,robust_v2,call_925ba94f05a4|lowpass_3000,1,13.952978243146624,1.0,35,False
stress,specialist,call_925ba94f05a4|pstn_300-3400,1,5.648224188600268,0.997358669099017,35,False
stress,specialist_silero,call_925ba94f05a4|pstn_300-3400,1,5.044446066021919,0.995453984994091,24,False
stress,orig_only,call_925ba94f05a4|pstn_300-3400,1,5.212006623546283,0.9945788241862827,24,False
stress,robust_v2,call_925ba94f05a4|pstn_300-3400,1,10.541934132575989,0.9999999999999816,24,False
stress,specialist,call_925ba94f05a4|white_snr20,1,11.239893849690755,0.9999829617157917,15,False
stress,specialist_silero,call_925ba94f05a4|white_snr20,1,9.958218596875668,0.9999458328992612,16,False
stress,orig_only,call_925ba94f05a4|white_snr20,1,7.656557023525238,0.9995272906520147,16,False
stress,robust_v2,call_925ba94f05a4|white_snr20,1,14.624725043773651,1.0,16,False
stress,specialist,call_925ba94f05a4|white_snr10,1,5.386143287022908,0.9966562486309097,6,False
stress,specialist_silero,call_925ba94f05a4|white_snr10,1,6.589057350158692,0.9988682780211564,15,False
stress,orig_only,call_925ba94f05a4|white_snr10,1,4.333582909901937,0.9870494631495983,15,False
stress,robust_v2,call_925ba94f05a4|white_snr10,1,12.839248085021973,1.0,15,False
stress,specialist,call_925ba94f05a4|pink_snr10,1,7.276657049472515,0.9993911971151151,13,False
stress,specialist_silero,call_925ba94f05a4|pink_snr10,1,7.672440481185913,0.9995739730548312,15,False
stress,orig_only,call_925ba94f05a4|pink_snr10,1,5.348850059509277,0.9952688757086651,15,False
stress,robust_v2,call_925ba94f05a4|pink_snr10,1,11.637428855895996,0.9999999999999993,15,False
stress,specialist,call_925ba94f05a4|mulaw_codec,1,11.128164558410644,0.9999811541801031,25,False
stress,specialist_silero,call_925ba94f05a4|mulaw_codec,1,9.912871741730234,0.9999435703493809,23,False
stress,orig_only,call_925ba94f05a4|mulaw_codec,1,8.218050438424815,0.9997303323120783,23,False
stress,robust_v2,call_925ba94f05a4|mulaw_codec,1,13.089428683985835,1.0,23,False
stress,specialist,call_925ba94f05a4|reverb_0.3s,1,4.682714315752189,0.9937101166043927,24,False
stress,specialist_silero,call_925ba94f05a4|reverb_0.3s,1,3.172842901560568,0.9758710785383976,31,False
stress,orig_only,call_925ba94f05a4|reverb_0.3s,1,4.093023338625508,0.9835852394279568,31,False
stress,robust_v2,call_925ba94f05a4|reverb_0.3s,1,6.79943028044316,0.999999998616004,31,False
stress,specialist,call_925ba94f05a4|tilt_-3dB_oct,1,12.11008918986601,0.9999922308235125,17,False
stress,specialist_silero,call_925ba94f05a4|tilt_-3dB_oct,1,4.634096621061271,0.9934298576039905,53,False
stress,orig_only,call_925ba94f05a4|tilt_-3dB_oct,1,5.67043839873008,0.9965654824957463,53,False
stress,robust_v2,call_925ba94f05a4|tilt_-3dB_oct,1,10.059698892089555,0.9999999999999218,53,False
stress,specialist,call_957a8384caff|clean,1,11.993018299341202,0.9999913650842881,16,False
stress,specialist_silero,call_957a8384caff|clean,1,10.739705979824066,0.9999732416191929,16,False
stress,orig_only,call_957a8384caff|clean,1,9.445808708667755,0.9999209861753797,16,False
stress,robust_v2,call_957a8384caff|clean,1,13.427120834589005,1.0,16,False
stress,specialist,call_957a8384caff|gain_-12dB,1,12.233353602258783,0.9999930487256515,19,False
stress,specialist_silero,call_957a8384caff|gain_-12dB,1,12.073392136891682,0.9999919692239091,15,False
stress,orig_only,call_957a8384caff|gain_-12dB,1,9.926367696126302,0.9999511334069624,15,False
stress,robust_v2,call_957a8384caff|gain_-12dB,1,13.887117449442545,1.0,15,False
stress,specialist,call_957a8384caff|lowpass_3400,1,12.215024918317795,0.999992932791179,16,False
stress,specialist_silero,call_957a8384caff|lowpass_3400,1,12.49767910639445,0.9999945239398869,15,False
stress,orig_only,call_957a8384caff|lowpass_3400,1,10.08988520304362,0.999958504546849,15,False
stress,robust_v2,call_957a8384caff|lowpass_3400,1,14.146994972229004,1.0,15,False
stress,specialist,call_957a8384caff|lowpass_3000,1,11.53629586275886,0.9999869605577918,17,False
stress,specialist_silero,call_957a8384caff|lowpass_3000,1,12.511521085103352,0.9999945919193214,15,False
stress,orig_only,call_957a8384caff|lowpass_3000,1,9.660033480326335,0.9999362216814927,15,False
stress,robust_v2,call_957a8384caff|lowpass_3000,1,13.563293584187825,1.0,15,False
stress,specialist,call_957a8384caff|pstn_300-3400,1,5.395124736954184,0.9966831517054376,17,False
stress,specialist_silero,call_957a8384caff|pstn_300-3400,1,6.003318365414938,0.9980814828128338,15,False
stress,orig_only,call_957a8384caff|pstn_300-3400,1,5.73719760576884,0.9967865694664583,15,False
stress,robust_v2,call_957a8384caff|pstn_300-3400,1,11.191047128041586,0.9999999999999973,15,False
stress,specialist,call_957a8384caff|white_snr20,1,11.21783179395339,0.9999826190915668,17,False
stress,specialist_silero,call_957a8384caff|white_snr20,1,9.495144287745157,0.9999177348876508,15,False
stress,orig_only,call_957a8384caff|white_snr20,1,7.7268617153167725,0.9995593688572781,15,False
stress,robust_v2,call_957a8384caff|white_snr20,1,14.478694025675455,1.0,15,False
stress,specialist,call_957a8384caff|white_snr10,1,5.980814599990845,0.99804219929071,5,False
stress,specialist_silero,call_957a8384caff|white_snr10,1,4.12178847938776,0.98960823410118,16,False
stress,orig_only,call_957a8384caff|white_snr10,1,3.183521220460534,0.960209420566042,16,False
stress,robust_v2,call_957a8384caff|white_snr10,1,11.562935024499893,0.9999999999999991,16,False
stress,specialist,call_957a8384caff|pink_snr10,1,8.085799387523107,0.9997065816394188,14,False
stress,specialist_silero,call_957a8384caff|pink_snr10,1,5.60976730187734,0.9972656463861481,15,False
stress,orig_only,call_957a8384caff|pink_snr10,1,4.148735769589742,0.9844609155438496,15,False
stress,robust_v2,call_957a8384caff|pink_snr10,1,10.371365706125895,0.9999999999999694,15,False
stress,specialist,call_957a8384caff|mulaw_codec,1,11.252984429106993,0.9999831618115468,17,False
stress,specialist_silero,call_957a8384caff|mulaw_codec,1,10.730095207691193,0.9999730085341826,16,False
stress,orig_only,call_957a8384caff|mulaw_codec,1,9.399859756231308,0.9999172711767195,16,False
stress,robust_v2,call_957a8384caff|mulaw_codec,1,13.438733071088791,1.0,16,False
stress,specialist,call_957a8384caff|reverb_0.3s,1,-0.8063972890377045,0.5271865036477003,15,False
stress,specialist_silero,call_957a8384caff|reverb_0.3s,1,-1.3312563265071196,0.40979672945120693,17,False
stress,orig_only,call_957a8384caff|reverb_0.3s,1,-1.7278529190841843,0.15086242101314756,17,False
stress,robust_v2,call_957a8384caff|reverb_0.3s,1,-0.39066115635282855,0.23649665006356851,17,False
stress,specialist,call_957a8384caff|tilt_-3dB_oct,1,11.4603478246265,0.9999860355170501,18,False
stress,specialist_silero,call_957a8384caff|tilt_-3dB_oct,1,11.32113536198934,0.9999841661886358,15,False
stress,orig_only,call_957a8384caff|tilt_-3dB_oct,1,9.304012393951416,0.9999089501544344,15,False
stress,robust_v2,call_957a8384caff|tilt_-3dB_oct,1,12.614714622497559,1.0,15,False
stress,specialist,call_95ccefc6e4ce|clean,0,-5.737922620028257,0.012848424086983811,20,False
stress,specialist_silero,call_95ccefc6e4ce|clean,0,-5.833758790459898,0.011796453004290006,18,False
stress,orig_only,call_95ccefc6e4ce|clean,0,-4.2328243189387855,0.014303780802065647,18,False
stress,robust_v2,call_95ccefc6e4ce|clean,0,-6.254963113201989,7.0878105895513775e-09,18,False
stress,specialist,call_95ccefc6e4ce|gain_-12dB,0,-5.920621105366283,0.010916766034764661,18,False
stress,specialist_silero,call_95ccefc6e4ce|gain_-12dB,0,-5.829825409148869,0.01183790447449249,19,False
stress,orig_only,call_95ccefc6e4ce|gain_-12dB,0,-4.086210776316492,0.016525114674479174,19,False
stress,robust_v2,call_95ccefc6e4ce|gain_-12dB,0,-6.114980371374833,1.078681669420263e-08,19,False
stress,specialist,call_95ccefc6e4ce|lowpass_3400,0,-3.7598931074142454,0.07198905775719525,20,False
stress,specialist_silero,call_95ccefc6e4ce|lowpass_3400,0,-4.026839454707346,0.057462932216029716,19,False
stress,orig_only,call_95ccefc6e4ce|lowpass_3400,0,-3.515724298201109,0.02886812301536152,19,False
stress,robust_v2,call_95ccefc6e4ce|lowpass_3400,0,-4.936926744486156,3.696236160126052e-07,19,False
stress,specialist,call_95ccefc6e4ce|lowpass_3000,0,-2.3214712023735045,0.2212450839356122,20,False
stress,specialist_silero,call_95ccefc6e4ce|lowpass_3000,0,-2.8050116904079916,0.15514609365198195,20,False
stress,orig_only,call_95ccefc6e4ce|lowpass_3000,0,-3.001299148797989,0.047367216470494154,20,False
stress,robust_v2,call_95ccefc6e4ce|lowpass_3000,0,-4.207664135098457,3.2953581508742988e-06,20,False
stress,specialist,call_95ccefc6e4ce|pstn_300-3400,0,-8.726457018601266,0.0008765798687628178,19,False
stress,specialist_silero,call_95ccefc6e4ce|pstn_300-3400,0,-8.92011419095491,0.000736126841928587,19,False
stress,orig_only,call_95ccefc6e4ce|pstn_300-3400,0,-6.41007860083329,0.0016421939698655931,19,False
stress,robust_v2,call_95ccefc6e4ce|pstn_300-3400,0,-6.45833158493042,3.850762105937409e-09,19,False
stress,specialist,call_95ccefc6e4ce|white_snr20,0,-0.151119650829406,0.6682340594676407,21,False
stress,specialist_silero,call_95ccefc6e4ce|white_snr20,0,-1.5681975450780656,0.35924711147579225,18,False
stress,orig_only,call_95ccefc6e4ce|white_snr20,0,-1.8839432415035036,0.13193660089223874,18,False
stress,robust_v2,call_95ccefc6e4ce|white_snr20,0,-1.6917063925001357,0.006211517390270713,18,False
stress,specialist,call_95ccefc6e4ce|white_snr10,0,-3.3216790897505626,0.10330193583562033,7,False
stress,specialist_silero,call_95ccefc6e4ce|white_snr10,0,-4.457561809155676,0.03969061979030476,18,False
stress,orig_only,call_95ccefc6e4ce|white_snr10,0,-3.890057623386383,0.0200345776712522,18,False
stress,robust_v2,call_95ccefc6e4ce|white_snr10,0,-1.2940028657515843,0.020193217768268837,18,False
stress,specialist,call_95ccefc6e4ce|pink_snr10,0,-2.1951152727007868,0.24151427633767245,20,False
stress,specialist_silero,call_95ccefc6e4ce|pink_snr10,0,-2.4723991932053315,0.19866958334319948,19,False
stress,orig_only,call_95ccefc6e4ce|pink_snr10,0,-3.3408397443984685,0.03419641258803844,19,False
stress,robust_v2,call_95ccefc6e4ce|pink_snr10,0,-2.267326120483248,0.0011103396516515816,19,False
stress,specialist,call_95ccefc6e4ce|mulaw_codec,0,-5.885640147328377,0.011262946692086927,20,False
stress,specialist_silero,call_95ccefc6e4ce|mulaw_codec,0,-5.9218782385190325,0.010904522963072665,18,False
stress,orig_only,call_95ccefc6e4ce|mulaw_codec,0,-4.287371761269039,0.0135547369500528,18,False
stress,robust_v2,call_95ccefc6e4ce|mulaw_codec,0,-6.2566091020901995,7.0528974881891256e-09,18,False
stress,specialist,call_95ccefc6e4ce|reverb_0.3s,0,-9.255417287349701,0.0005440277919641112,20,False
stress,specialist_silero,call_95ccefc6e4ce|reverb_0.3s,0,-9.690613345095986,0.0003673938001886086,19,False
stress,orig_only,call_95ccefc6e4ce|reverb_0.3s,0,-7.920426117746453,0.00036311560646366055,19,False
stress,robust_v2,call_95ccefc6e4ce|reverb_0.3s,0,-9.41405197193748,5.427346242944513e-13,19,False
stress,specialist,call_95ccefc6e4ce|tilt_-3dB_oct,0,-9.162442973026863,0.0005916157795859995,39,False
stress,specialist_silero,call_95ccefc6e4ce|tilt_-3dB_oct,0,-5.746761750233801,0.01274764282475528,19,False
stress,orig_only,call_95ccefc6e4ce|tilt_-3dB_oct,0,-4.1880163330780835,0.01494948117065439,19,False
stress,robust_v2,call_95ccefc6e4ce|tilt_-3dB_oct,0,-6.939049658022429,9.103891458924486e-10,19,False
stress,specialist,call_9a3d5b0a64a3|clean,0,-5.786788921356202,0.012300946528994106,25,False
stress,specialist_silero,call_9a3d5b0a64a3|clean,0,-5.4697091054916385,0.016309667619916986,25,False
stress,orig_only,call_9a3d5b0a64a3|clean,0,-3.0144006633758544,0.04677952298012758,25,False
stress,robust_v2,call_9a3d5b0a64a3|clean,0,-4.704294072389603,7.427673528238086e-07,25,False
stress,specialist,call_9a3d5b0a64a3|gain_-12dB,0,-5.506915887196858,0.015779623545007667,24,False
stress,specialist_silero,call_9a3d5b0a64a3|gain_-12dB,0,-5.2419195373853045,0.019957628108842905,24,False
stress,orig_only,call_9a3d5b0a64a3|gain_-12dB,0,-2.9157788772135973,0.051379046068598645,24,False
stress,robust_v2,call_9a3d5b0a64a3|gain_-12dB,0,-4.99909654383858,3.0673245903565995e-07,24,False
stress,specialist,call_9a3d5b0a64a3|lowpass_3400,0,-4.204768956899643,0.04935940831230441,25,False
stress,specialist_silero,call_9a3d5b0a64a3|lowpass_3400,0,-3.533491723239422,0.08688999817084153,24,False
stress,orig_only,call_9a3d5b0a64a3|lowpass_3400,0,-2.294119448711475,0.09161115815151231,24,False
stress,robust_v2,call_9a3d5b0a64a3|lowpass_3400,0,-3.8514638133347034,9.593727736759376e-06,24,False
stress,specialist,call_9a3d5b0a64a3|lowpass_3000,0,-2.097430571615696,0.2580286861620388,25,False
stress,specialist_silero,call_9a3d5b0a64a3|lowpass_3000,0,-1.8821398342649143,0.2969319587258353,24,False
stress,orig_only,call_9a3d5b0a64a3|lowpass_3000,0,-1.6567805769542854,0.16019463971078426,24,False
stress,robust_v2,call_9a3d5b0a64a3|lowpass_3000,0,-3.1820732491711774,7.146582347538484e-05,24,False
stress,specialist,call_9a3d5b0a64a3|pstn_300-3400,0,-8.248235306739808,0.0013490098057165028,25,False
stress,specialist_silero,call_9a3d5b0a64a3|pstn_300-3400,0,-7.862257122993469,0.0019100605667455007,24,False
stress,orig_only,call_9a3d5b0a64a3|pstn_300-3400,0,-4.877136612931888,0.007561191201575946,24,False
stress,robust_v2,call_9a3d5b0a64a3|pstn_300-3400,0,-5.068926463524501,2.487594082946407e-07,24,False
stress,specialist,call_9a3d5b0a64a3|white_snr20,0,0.10505480386994102,0.7173579018590661,22,False
stress,specialist_silero,call_9a3d5b0a64a3|white_snr20,0,-1.2922746520489454,0.4183314480824961,24,False
stress,orig_only,call_9a3d5b0a64a3|white_snr20,0,-1.305742812032501,0.21320009766004003,24,False
stress,robust_v2,call_9a3d5b0a64a3|white_snr20,0,-0.8148184660822153,0.07984496183786788,24,False
stress,specialist,call_9a3d5b0a64a3|white_snr10,0,-4.950249058859689,0.02581196219765019,7,False
stress,specialist_silero,call_9a3d5b0a64a3|white_snr10,0,-4.545698590900587,0.03676752972308019,23,False
stress,orig_only,call_9a3d5b0a64a3|white_snr10,0,-3.4078529464161913,0.032050940105449476,23,False
stress,robust_v2,call_9a3d5b0a64a3|white_snr10,0,-0.681833989918232,0.11450767182586559,23,False
stress,specialist,call_9a3d5b0a64a3|pink_snr10,0,-2.0098957444230714,0.2734389768626165,18,False
stress,specialist_silero,call_9a3d5b0a64a3|pink_snr10,0,-2.5320373397806417,0.19024010970704291,23,False
stress,orig_only,call_9a3d5b0a64a3|pink_snr10,0,-2.6492257999337236,0.06603674293091942,23,False
stress,robust_v2,call_9a3d5b0a64a3|pink_snr10,0,-1.4674170506389246,0.01210149277793768,23,False
stress,specialist,call_9a3d5b0a64a3|mulaw_codec,0,-5.727266745567322,0.012970965238819179,25,False
stress,specialist_silero,call_9a3d5b0a64a3|mulaw_codec,0,-5.227297847469647,0.020217361594105494,24,False
stress,orig_only,call_9a3d5b0a64a3|mulaw_codec,0,-3.0818515134354434,0.04386210061291829,24,False
stress,robust_v2,call_9a3d5b0a64a3|mulaw_codec,0,-5.057354968041182,2.575466001730479e-07,24,False
stress,specialist,call_9a3d5b0a64a3|reverb_0.3s,0,-8.378397215967594,0.0011996810502612986,23,False
stress,specialist_silero,call_9a3d5b0a64a3|reverb_0.3s,0,-7.960896346880042,0.0017476650884501758,23,False
stress,orig_only,call_9a3d5b0a64a3|reverb_0.3s,0,-6.926994593247123,0.0009799832708412481,23,False
stress,robust_v2,call_9a3d5b0a64a3|reverb_0.3s,0,-8.345931260482125,1.3372860728661697e-11,23,False
stress,specialist,call_9a3d5b0a64a3|tilt_-3dB_oct,0,-5.739530026912689,0.012830038568295555,24,False
stress,specialist_silero,call_9a3d5b0a64a3|tilt_-3dB_oct,0,-5.1063394248485565,0.02249676496147152,24,False
stress,orig_only,call_9a3d5b0a64a3|tilt_-3dB_oct,0,-3.2329541941483817,0.03794425838911716,24,False
stress,robust_v2,call_9a3d5b0a64a3|tilt_-3dB_oct,0,-5.991577515999476,1.56197052364607e-08,24,False
stress,specialist,call_9bb847dfc83e|clean,0,-11.164082884788513,9.721953981084417e-05,8,False
stress,specialist_silero,call_9bb847dfc83e|clean,0,-11.171161770820618,9.660050755607129e-05,8,False
stress,orig_only,call_9bb847dfc83e|clean,0,-5.922174513339996,0.002672207690759009,8,False
stress,robust_v2,call_9bb847dfc83e|clean,0,-6.737238854169846,1.667873184833534e-09,8,False
stress,specialist,call_9bb847dfc83e|gain_-12dB,0,-10.874266783396402,0.00012627817888019726,6,False
stress,specialist_silero,call_9bb847dfc83e|gain_-12dB,0,-11.044645190238953,0.00010828289707281114,8,False
stress,orig_only,call_9bb847dfc83e|gain_-12dB,0,-5.889278709888458,0.0027613271688371613,8,False
stress,robust_v2,call_9bb847dfc83e|gain_-12dB,0,-6.827106863260269,1.2737244492606281e-09,8,False
stress,specialist,call_9bb847dfc83e|lowpass_3400,0,-9.49650798525129,0.00043770027627616006,7,False
stress,specialist_silero,call_9bb847dfc83e|lowpass_3400,0,-9.57113892691476,0.00040920333309025977,7,False
stress,orig_only,call_9bb847dfc83e|lowpass_3400,0,-5.541261945452009,0.00390625622444855,7,False
stress,robust_v2,call_9bb847dfc83e|lowpass_3400,0,-6.18785868372236,8.6684480902915e-09,7,False
stress,specialist,call_9bb847dfc83e|lowpass_3000,0,-8.456578186580114,0.0011180465716049953,7,False
stress,specialist_silero,call_9bb847dfc83e|lowpass_3000,0,-8.73618493761335,0.0008689247453350932,7,False
stress,orig_only,call_9bb847dfc83e|lowpass_3000,0,-5.229990175792149,0.005325069721502207,7,False
stress,robust_v2,call_9bb847dfc83e|lowpass_3000,0,-6.133870022637503,1.0192536724969625e-08,7,False
stress,specialist,call_9bb847dfc83e|pstn_300-3400,0,-10.047302881876627,0.0002663046331014198,6,False
stress,specialist_silero,call_9bb847dfc83e|pstn_300-3400,0,-11.042864640553793,0.00010845701322243981,6,False
stress,orig_only,call_9bb847dfc83e|pstn_300-3400,0,-6.530652364095052,0.0014559315298387557,6,False
stress,robust_v2,call_9bb847dfc83e|pstn_300-3400,0,-6.322858413060506,5.781658573666645e-09,6,False
stress,specialist,call_9bb847dfc83e|white_snr20,0,-3.987083774805069,0.059437226897225214,5,False
stress,specialist_silero,call_9bb847dfc83e|white_snr20,0,-6.101046381252153,0.009291654735805656,7,False
stress,orig_only,call_9bb847dfc83e|white_snr20,0,-3.662918733698981,0.025015675777079693,7,False
stress,robust_v2,call_9bb847dfc83e|white_snr20,0,-3.0930699727364948,9.333613195341449e-05,7,False
stress,specialist,call_9bb847dfc83e|white_snr10,0,-0.2039488951365153,0.6575810454627202,3,False
stress,specialist_silero,call_9bb847dfc83e|white_snr10,0,-5.624985456466675,0.014207410611080142,5,False
stress,orig_only,call_9bb847dfc83e|white_snr10,0,-4.169577741622925,0.015223450282573728,5,False
stress,robust_v2,call_9bb847dfc83e|white_snr10,0,-0.3934438586235046,0.23499258324986524,5,False
stress,specialist,call_9bb847dfc83e|pink_snr10,0,-3.4292310178279877,0.09465106206943219,6,False
stress,specialist_silero,call_9bb847dfc83e|pink_snr10,0,-6.106313010056813,0.009248004932595371,6,False
stress,orig_only,call_9bb847dfc83e|pink_snr10,0,-3.998529543479284,0.018012200620600483,6,False
stress,robust_v2,call_9bb847dfc83e|pink_snr10,0,-2.2755874941746392,0.0010831885156430685,6,False
stress,specialist,call_9bb847dfc83e|mulaw_codec,0,-11.043999314308167,0.00010834602357268351,8,False
stress,specialist_silero,call_9bb847dfc83e|mulaw_codec,0,-11.230950117111206,9.152691362516325e-05,8,False
stress,orig_only,call_9bb847dfc83e|mulaw_codec,0,-5.969331681728363,0.002549432815409396,8,False
stress,robust_v2,call_9bb847dfc83e|mulaw_codec,0,-6.628949791193008,2.3080810408730083e-09,8,False
stress,specialist,call_9bb847dfc83e|reverb_0.3s,0,-9.065685123205185,0.0006455628419575133,8,False
stress,specialist_silero,call_9bb847dfc83e|reverb_0.3s,0,-8.241091914474964,0.0013577225181853195,6,False
stress,orig_only,call_9bb847dfc83e|reverb_0.3s,0,-6.504234115282695,0.0014948489968669863,6,False
stress,robust_v2,call_9bb847dfc83e|reverb_0.3s,0,-6.395215233167012,4.65350236466845e-09,6,False
stress,specialist,call_9bb847dfc83e|tilt_-3dB_oct,0,-9.948675394058228,0.0002910870877964258,17,False
stress,specialist_silero,call_9bb847dfc83e|tilt_-3dB_oct,0,-9.361937522888184,0.0004941904621039514,7,False
stress,orig_only,call_9bb847dfc83e|tilt_-3dB_oct,0,-5.514981951032366,0.004009856321386,7,False
stress,robust_v2,call_9bb847dfc83e|tilt_-3dB_oct,0,-6.759602785110474,1.5596438283843609e-09,7,False
stress,specialist,call_9f11e2c5441c|clean,0,-9.280969311793646,0.0005316329495543344,12,False
stress,specialist_silero,call_9f11e2c5441c|clean,0,-8.746275901794434,0.0008610545054208335,7,False
stress,orig_only,call_9f11e2c5441c|clean,0,-6.101134674889701,0.00223531640357279,7,False
stress,robust_v2,call_9f11e2c5441c|clean,0,-6.3553129860333035,5.2452708155356086e-09,7,False
stress,specialist,call_9f11e2c5441c|gain_-12dB,0,-8.571292066574097,0.0010082028925300999,10,False
stress,specialist_silero,call_9f11e2c5441c|gain_-12dB,0,-7.546085370911492,0.0025391609606581584,9,False
stress,orig_only,call_9f11e2c5441c|gain_-12dB,0,-4.858499142858717,0.00770233847983843,9,False
stress,robust_v2,call_9f11e2c5441c|gain_-12dB,0,-4.800721837414636,5.561843302413726e-07,9,False
stress,specialist,call_9f11e2c5441c|lowpass_3400,0,-7.784764806429545,0.002048134864884363,12,False
stress,specialist_silero,call_9f11e2c5441c|lowpass_3400,0,-6.413939014077187,0.007021908623643925,8,False
stress,orig_only,call_9f11e2c5441c|lowpass_3400,0,-4.340023368597031,0.012868467344425632,8,False
stress,robust_v2,call_9f11e2c5441c|lowpass_3400,0,-4.279587976634502,2.655794807088378e-06,8,False
stress,specialist,call_9f11e2c5441c|lowpass_3000,0,-6.231244285901387,0.0082701290440879,12,False
stress,specialist_silero,call_9f11e2c5441c|lowpass_3000,0,-6.085386071886335,0.009422656606059333,7,False
stress,orig_only,call_9f11e2c5441c|lowpass_3000,0,-4.588920457022531,0.010061560798046175,7,False
stress,robust_v2,call_9f11e2c5441c|lowpass_3000,0,-4.529139620917184,1.2561989296864757e-06,7,False
stress,specialist,call_9f11e2c5441c|pstn_300-3400,0,-10.147569049488414,0.00024327164774547925,11,False
stress,specialist_silero,call_9f11e2c5441c|pstn_300-3400,0,-8.04167209731208,0.001624999399353336,9,False
stress,orig_only,call_9f11e2c5441c|pstn_300-3400,0,-4.720951682991451,0.00882806921279044,9,False
stress,robust_v2,call_9f11e2c5441c|pstn_300-3400,0,-2.2629848851097956,0.0011248785923364095,9,False
stress,specialist,call_9f11e2c5441c|white_snr20,0,-4.636949857076009,0.033959753514570076,9,False
stress,specialist_silero,call_9f11e2c5441c|white_snr20,0,-6.736529476112789,0.005257672233566169,9,False
stress,orig_only,call_9f11e2c5441c|white_snr20,0,-4.824732767211066,0.0079647525139356,9,False
stress,robust_v2,call_9f11e2c5441c|white_snr20,0,-5.30345180299547,1.2308932420679368e-07,9,False
stress,specialist,call_9f11e2c5441c|white_snr10,0,-4.329402923583984,0.04434132981026003,5,False
stress,specialist_silero,call_9f11e2c5441c|white_snr10,0,-4.482379111376676,0.038845721282030884,11,False
stress,orig_only,call_9f11e2c5441c|white_snr10,0,-4.059170668775385,0.01697036518126505,11,False
stress,robust_v2,call_9f11e2c5441c|white_snr10,0,-2.7401719201694834,0.0002690038676555466,11,False
stress,specialist,call_9f11e2c5441c|pink_snr10,0,-6.190829813480377,0.00857469145435779,8,False
stress,specialist_silero,call_9f11e2c5441c|pink_snr10,0,-5.055026426911354,0.023537931959757796,11,False
stress,orig_only,call_9f11e2c5441c|pink_snr10,0,-5.167936942794106,0.005664044371368069,11,False
stress,robust_v2,call_9f11e2c5441c|pink_snr10,0,-3.7677405679767784,1.233297440164726e-05,11,False
stress,specialist,call_9f11e2c5441c|mulaw_codec,0,-9.470203508933386,0.00044821020930975935,12,False
stress,specialist_silero,call_9f11e2c5441c|mulaw_codec,0,-8.860238143375941,0.0007769661013323512,7,False
stress,orig_only,call_9f11e2c5441c|mulaw_codec,0,-6.153067077909197,0.0021224339326589327,7,False
stress,robust_v2,call_9f11e2c5441c|mulaw_codec,0,-6.392415915216718,4.692746818499889e-09,7,False
stress,specialist,call_9f11e2c5441c|reverb_0.3s,0,-10.273249308268229,0.00021719262372729573,12,False
stress,specialist_silero,call_9f11e2c5441c|reverb_0.3s,0,-7.950210273265839,0.0017645706013498504,8,False
stress,orig_only,call_9f11e2c5441c|reverb_0.3s,0,-8.125320434570312,0.0002958623218687194,8,False
stress,robust_v2,call_9f11e2c5441c|reverb_0.3s,0,-6.884466588497162,1.0723645502622376e-09,8,False
stress,specialist,call_9f11e2c5441c|tilt_-3dB_oct,0,-9.409869877915634,0.00047327913594632826,19,False
stress,specialist_silero,call_9f11e2c5441c|tilt_-3dB_oct,0,-7.239997470378876,0.0033442928373583094,10,False
stress,orig_only,call_9f11e2c5441c|tilt_-3dB_oct,0,-4.754302179813385,0.00854097729582787,10,False
stress,robust_v2,call_9f11e2c5441c|tilt_-3dB_oct,0,-5.301814824342728,1.2369529464348315e-07,10,False
stress,specialist,call_a3a1f51a4bf9|clean,1,11.42213158607483,0.9999855455122909,10,False
stress,specialist_silero,call_a3a1f51a4bf9|clean,1,9.710940014232289,0.9999322911578138,11,False
stress,orig_only,call_a3a1f51a4bf9|clean,1,7.163682352412831,0.9992264004931521,11,False
stress,robust_v2,call_a3a1f51a4bf9|clean,1,10.408972089940852,0.9999999999999725,11,False
stress,specialist,call_a3a1f51a4bf9|gain_-12dB,1,11.763359642028808,0.9999893765114243,10,False
stress,specialist_silero,call_a3a1f51a4bf9|gain_-12dB,1,11.433212089538575,0.9999856893290942,10,False
stress,orig_only,call_a3a1f51a4bf9|gain_-12dB,1,7.534191656112671,0.9994657923871559,10,False
stress,robust_v2,call_a3a1f51a4bf9|gain_-12dB,1,10.194601821899415,0.9999999999999478,10,False
stress,specialist,call_a3a1f51a4bf9|lowpass_3400,1,11.848264217376709,0.999990160094678,10,False
stress,specialist_silero,call_a3a1f51a4bf9|lowpass_3400,1,11.441473388671875,0.9999857956227837,10,False
stress,orig_only,call_a3a1f51a4bf9|lowpass_3400,1,7.501815366744995,0.9994482233955223,10,False
stress,robust_v2,call_a3a1f51a4bf9|lowpass_3400,1,10.313381767272949,0.9999999999999634,10,False
stress,specialist,call_a3a1f51a4bf9|lowpass_3000,1,12.466639995574951,0.9999943683809305,10,False
stress,specialist_silero,call_a3a1f51a4bf9|lowpass_3000,1,11.77300043106079,0.9999894685374151,10,False
stress,orig_only,call_a3a1f51a4bf9|lowpass_3000,1,7.065426683425903,0.9991465985168347,10,False
stress,robust_v2,call_a3a1f51a4bf9|lowpass_3000,1,10.273886823654175,0.9999999999999589,10,False
stress,specialist,call_a3a1f51a4bf9|pstn_300-3400,1,3.664557468891144,0.9843831876764658,10,False
stress,specialist_silero,call_a3a1f51a4bf9|pstn_300-3400,1,3.6861343383789062,0.9846797237993005,10,False
stress,orig_only,call_a3a1f51a4bf9|pstn_300-3400,1,2.6750308215618133,0.9355370929568726,10,False
stress,robust_v2,call_a3a1f51a4bf9|pstn_300-3400,1,7.039809739589691,0.9999999993271032,10,False
stress,specialist,call_a3a1f51a4bf9|white_snr20,1,10.154755115509033,0.9999546360326927,12,False
stress,specialist_silero,call_a3a1f51a4bf9|white_snr20,1,7.958436298370361,0.9996708536307964,10,False
stress,orig_only,call_a3a1f51a4bf9|white_snr20,1,5.457714533805847,0.995754810247404,10,False
stress,robust_v2,call_a3a1f51a4bf9|white_snr20,1,9.324355602264404,0.9999999999992897,10,False
stress,specialist,call_a3a1f51a4bf9|white_snr10,1,3.968319892883301,0.9880829633738766,2,False
stress,specialist_silero,call_a3a1f51a4bf9|white_snr10,1,3.8990558169104834,0.9873240306911891,11,False
stress,orig_only,call_a3a1f51a4bf9|white_snr10,1,2.3077653395858677,0.9095181223417859,11,False
stress,robust_v2,call_a3a1f51a4bf9|white_snr10,1,7.083045916123823,0.9999999994089601,11,False
stress,specialist,call_a3a1f51a4bf9|pink_snr10,1,8.069539149602255,0.9997022455482865,12,False
stress,specialist_silero,call_a3a1f51a4bf9|pink_snr10,1,7.182081151008606,0.999336989824476,10,False
stress,orig_only,call_a3a1f51a4bf9|pink_snr10,1,4.452971076965332,0.9884900998199873,10,False
stress,robust_v2,call_a3a1f51a4bf9|pink_snr10,1,8.926487350463868,0.9999999999976568,10,False
stress,specialist,call_a3a1f51a4bf9|mulaw_codec,1,11.5389714717865,0.9999869920044877,10,False
stress,specialist_silero,call_a3a1f51a4bf9|mulaw_codec,1,9.546648892489346,0.9999214708018067,11,False
stress,orig_only,call_a3a1f51a4bf9|mulaw_codec,1,7.115301804109053,0.9991880843070295,11,False
stress,robust_v2,call_a3a1f51a4bf9|mulaw_codec,1,10.354378310116855,0.9999999999999676,11,False
stress,specialist,call_a3a1f51a4bf9|reverb_0.3s,1,2.1072328090667725,0.939246844957728,11,False
stress,specialist_silero,call_a3a1f51a4bf9|reverb_0.3s,1,2.0322535742412913,0.9352690193846819,11,False
stress,orig_only,call_a3a1f51a4bf9|reverb_0.3s,1,0.4759611595760692,0.6167937089460789,11,False
stress,robust_v2,call_a3a1f51a4bf9|reverb_0.3s,1,1.2524971772323956,0.9771902109038236,11,False
stress,specialist,call_a3a1f51a4bf9|tilt_-3dB_oct,1,3.075378362949078,0.9737109608854088,13,False
stress,specialist_silero,call_a3a1f51a4bf9|tilt_-3dB_oct,1,10.809684562683106,0.9999748791750854,10,False
stress,orig_only,call_a3a1f51a4bf9|tilt_-3dB_oct,1,7.213482022285461,0.9992639542928129,10,False
stress,robust_v2,call_a3a1f51a4bf9|tilt_-3dB_oct,1,9.552451562881469,0.9999999999996416,10,False
stress,specialist,call_a7c95e99f3b6|clean,0,-8.150779517491658,0.0014728448877255316,15,False
stress,specialist_silero,call_a7c95e99f3b6|clean,0,-8.468495607376099,0.0011060997754058154,10,False
stress,orig_only,call_a7c95e99f3b6|clean,0,-5.954883861541748,0.0025864379723282774,10,False
stress,robust_v2,call_a7c95e99f3b6|clean,0,-6.242940092086792,7.348127753328521e-09,10,False
stress,specialist,call_a7c95e99f3b6|gain_-12dB,0,-7.8509876251220705,0.0019295476311992142,10,False
stress,specialist_silero,call_a7c95e99f3b6|gain_-12dB,0,-8.597691774368286,0.0009844902814568626,10,False
stress,orig_only,call_a7c95e99f3b6|gain_-12dB,0,-5.800345468521118,0.0030173768828656903,10,False
stress,robust_v2,call_a7c95e99f3b6|gain_-12dB,0,-6.130162048339844,1.0306550681959366e-08,10,False
stress,specialist,call_a7c95e99f3b6|lowpass_3400,0,-6.171578669548035,0.008723651917879105,15,False
stress,specialist_silero,call_a7c95e99f3b6|lowpass_3400,0,-7.1267037153244015,0.0037029776866125763,10,False
stress,orig_only,call_a7c95e99f3b6|lowpass_3400,0,-5.237031888961792,0.005287901409479586,10,False
stress,robust_v2,call_a7c95e99f3b6|lowpass_3400,0,-5.394846510887146,9.357153375826471e-08,10,False
stress,specialist,call_a7c95e99f3b6|lowpass_3000,0,-4.302085109551748,0.04539781795128123,15,False
stress,specialist_silero,call_a7c95e99f3b6|lowpass_3000,0,-5.501090230047703,0.015861481923401793,10,False
stress,orig_only,call_a7c95e99f3b6|lowpass_3000,0,-4.57531977891922,0.010197934606968126,10,False
stress,robust_v2,call_a7c95e99f3b6|lowpass_3000,0,-4.728947436809539,6.898145799050031e-07,10,False
stress,specialist,call_a7c95e99f3b6|pstn_300-3400,0,-10.339057445526123,0.00020467197717723,11,False
stress,specialist_silero,call_a7c95e99f3b6|pstn_300-3400,0,-10.644381099277073,0.00015538695675405985,9,False
stress,orig_only,call_a7c95e99f3b6|pstn_300-3400,0,-6.675481743282742,0.0012598754488272292,9,False
stress,robust_v2,call_a7c95e99f3b6|pstn_300-3400,0,-4.481769012080298,1.448027193306717e-06,9,False
stress,specialist,call_a7c95e99f3b6|white_snr20,0,-2.630254238843918,0.17695919393367465,10,False
stress,specialist_silero,call_a7c95e99f3b6|white_snr20,0,-4.093125796318054,0.054307491787476674,10,False
stress,orig_only,call_a7c95e99f3b6|white_snr20,0,-3.1138067126274107,0.042541320592210996,10,False
stress,robust_v2,call_a7c95e99f3b6|white_snr20,0,-3.690317440032959,1.5557497554137e-05,10,False
stress,specialist,call_a7c95e99f3b6|white_snr10,0,-3.312860301562718,0.10404146928383583,7,False
stress,specialist_silero,call_a7c95e99f3b6|white_snr10,0,-4.573613119125366,0.03588569393179232,10,False
stress,orig_only,call_a7c95e99f3b6|white_snr10,0,-4.097386813163757,0.01634445935084622,10,False
stress,robust_v2,call_a7c95e99f3b6|white_snr10,0,-1.952136680483818,0.0028533331176568825,10,False
stress,specialist,call_a7c95e99f3b6|pink_snr10,0,-3.8016377025180392,0.06951251561391736,9,False
stress,specialist_silero,call_a7c95e99f3b6|pink_snr10,0,-4.205120364824931,0.049344529817030615,9,False
stress,orig_only,call_a7c95e99f3b6|pink_snr10,0,-3.7143019172880383,0.023792566056553673,9,False
stress,robust_v2,call_a7c95e99f3b6|pink_snr10,0,-2.9497194952434964,0.00014348185483826212,9,False
stress,specialist,call_a7c95e99f3b6|mulaw_codec,0,-8.243226877848308,0.0013551126567664866,15,False
stress,specialist_silero,call_a7c95e99f3b6|mulaw_codec,0,-8.413628721237183,0.0011621812144500035,10,False
stress,orig_only,call_a7c95e99f3b6|mulaw_codec,0,-5.98557825088501,0.0025084509862308433,10,False
stress,robust_v2,call_a7c95e99f3b6|mulaw_codec,0,-6.20716141462326,8.180731605135377e-09,10,False
stress,specialist,call_a7c95e99f3b6|reverb_0.3s,0,-7.4355878829956055,0.0028046701843676184,12,False
stress,specialist_silero,call_a7c95e99f3b6|reverb_0.3s,0,-7.028393968939781,0.0040451289957957395,8,False
stress,orig_only,call_a7c95e99f3b6|reverb_0.3s,0,-4.842753987759352,0.007823616453308872,8,False
stress,robust_v2,call_a7c95e99f3b6|reverb_0.3s,0,-5.342025285586715,1.096386403751835e-07,8,False
stress,specialist,call_a7c95e99f3b6|tilt_-3dB_oct,0,-7.227868604660034,0.00338097508009828,15,False
stress,specialist_silero,call_a7c95e99f3b6|tilt_-3dB_oct,0,-7.137920379638672,0.003665820154892484,10,False
stress,orig_only,call_a7c95e99f3b6|tilt_-3dB_oct,0,-4.966699266433716,0.006917912486858688,10,False
stress,robust_v2,call_a7c95e99f3b6|tilt_-3dB_oct,0,-5.539341914653778,6.065730251386374e-08,10,False
stress,specialist,call_abf730747901|clean,0,-10.467512872483995,0.00018227314692342419,9,False
stress,specialist_silero,call_abf730747901|clean,0,-9.569916367530823,0.00040965487077691934,8,False
stress,orig_only,call_abf730747901|clean,0,-6.029992327094078,0.0023997398318111613,8,False
stress,robust_v2,call_abf730747901|clean,0,-8.310373336076736,1.487826030649026e-11,8,False
stress,specialist,call_abf730747901|gain_-12dB,0,-9.767941686842176,0.0003426378602623403,9,False
stress,specialist_silero,call_abf730747901|gain_-12dB,0,-9.744527101516724,0.0003499524427893434,8,False
stress,orig_only,call_abf730747901|gain_-12dB,0,-6.378620773553848,0.0016945860317735166,8,False
stress,robust_v2,call_abf730747901|gain_-12dB,0,-8.537642925977707,7.523958065472437e-12,8,False
stress,specialist,call_abf730747901|lowpass_3400,0,-9.072192192077637,0.0006417854347154608,9,False
stress,specialist_silero,call_abf730747901|lowpass_3400,0,-9.04400646686554,0.0006583085301760183,8,False
stress,orig_only,call_abf730747901|lowpass_3400,0,-5.9216389656066895,0.002673635341558614,8,False
stress,robust_v2,call_abf730747901|lowpass_3400,0,-7.506027847528458,1.6615773917747899e-10,8,False
stress,specialist,call_abf730747901|lowpass_3000,0,-7.832229561275906,0.001962424824241308,9,False
stress,specialist_silero,call_abf730747901|lowpass_3000,0,-6.986987411975861,0.004198497782341341,8,False
stress,orig_only,call_abf730747901|lowpass_3000,0,-4.919017642736435,0.007253309832179937,8,False
stress,robust_v2,call_abf730747901|lowpass_3000,0,-6.4500822722911835,3.947249535036675e-09,8,False
stress,specialist,call_abf730747901|pstn_300-3400,0,-12.939942677815756,1.9578351013717412e-05,9,False
stress,specialist_silero,call_abf730747901|pstn_300-3400,0,-13.098999977111816,1.696047689779273e-05,7,False
stress,orig_only,call_abf730747901|pstn_300-3400,0,-8.242009503500801,0.00026328516823568535,7,False
stress,robust_v2,call_abf730747901|pstn_300-3400,0,-7.852663857596261,5.87346324260775e-11,7,False
stress,specialist,call_abf730747901|white_snr20,0,-4.03875276020595,0.05688340187144553,7,False
stress,specialist_silero,call_abf730747901|white_snr20,0,-3.4038685858249664,0.09663069449869444,8,False
stress,orig_only,call_abf730747901|white_snr20,0,-2.7758138924837112,0.0586452271290775,8,False
stress,robust_v2,call_abf730747901|white_snr20,0,-0.97065045312047,0.05156591702749534,8,False
stress,specialist,call_abf730747901|white_snr10,0,-9.9763765335083,0.00028390247526226004,2,False
stress,specialist_silero,call_abf730747901|white_snr10,0,-7.454558789730072,0.0027571933556420785,8,False
stress,orig_only,call_abf730747901|white_snr10,0,-6.269645273685455,0.001889323624996805,8,False
stress,robust_v2,call_abf730747901|white_snr10,0,-2.1767423767596483,0.0014565498708531026,8,False
stress,specialist,call_abf730747901|pink_snr10,0,-4.048064911365509,0.05643423532365832,5,False
stress,specialist_silero,call_abf730747901|pink_snr10,0,-4.66204833984375,0.03322447522954023,8,False
stress,orig_only,call_abf730747901|pink_snr10,0,-4.364813655614853,0.012557332789361553,8,False
stress,robust_v2,call_abf730747901|pink_snr10,0,-1.3158182501792908,0.018938193640266523,8,False
stress,specialist,call_abf730747901|mulaw_codec,0,-10.368159929911295,0.00019936759865652278,9,False
stress,specialist_silero,call_abf730747901|mulaw_codec,0,-9.892673790454865,0.00030617170131511356,8,False
stress,orig_only,call_abf730747901|mulaw_codec,0,-6.218042314052582,0.0019891786309285584,8,False
stress,robust_v2,call_abf730747901|mulaw_codec,0,-8.312406539916992,1.478778491141146e-11,8,False
stress,specialist,call_abf730747901|reverb_0.3s,0,-14.630982518196106,4.256131160835606e-06,8,False
stress,specialist_silero,call_abf730747901|reverb_0.3s,0,-15.28352151598249,2.3619287281353565e-06,7,False
stress,orig_only,call_abf730747901|reverb_0.3s,0,-11.264631952558245,1.2818196809660108e-05,7,False
stress,robust_v2,call_abf730747901|reverb_0.3s,0,-11.616273335048131,7.334149711285618e-16,7,False
stress,specialist,call_abf730747901|tilt_-3dB_oct,0,-10.08321647083058,0.0002578141971545699,17,False
stress,specialist_silero,call_abf730747901|tilt_-3dB_oct,0,-10.177599012851715,0.0002367689260780306,8,False
stress,orig_only,call_abf730747901|tilt_-3dB_oct,0,-7.065093219280243,0.0008536858664339867,8,False
stress,robust_v2,call_abf730747901|tilt_-3dB_oct,0,-9.306468427181244,7.49473614934187e-13,8,False
stress,specialist,call_af9ad367dcce|clean,1,11.297492027282715,0.9999838247191578,14,False
stress,specialist_silero,call_af9ad367dcce|clean,1,9.94937343597412,0.9999453988137098,15,False
stress,orig_only,call_af9ad367dcce|clean,1,7.9882121086120605,0.9996606747569274,15,False
stress,robust_v2,call_af9ad367dcce|clean,1,11.55067408879598,0.9999999999999991,15,False
stress,specialist,call_af9ad367dcce|gain_-12dB,1,11.547682387488228,0.9999870938603187,14,False
stress,specialist_silero,call_af9ad367dcce|gain_-12dB,1,11.256014653614589,0.9999832077940303,14,False
stress,orig_only,call_af9ad367dcce|gain_-12dB,1,8.216665574482509,0.9997299587012283,14,False
stress,robust_v2,call_af9ad367dcce|gain_-12dB,1,11.508270910808019,0.9999999999999989,14,False
stress,specialist,call_af9ad367dcce|lowpass_3400,1,11.558448791503906,0.9999872186493984,14,False
stress,specialist_silero,call_af9ad367dcce|lowpass_3400,1,11.50435859816415,0.9999865792745387,14,False
stress,orig_only,call_af9ad367dcce|lowpass_3400,1,8.321139301572527,0.999756740696378,14,False
stress,robust_v2,call_af9ad367dcce|lowpass_3400,1,11.823969227927071,0.9999999999999996,14,False
stress,specialist,call_af9ad367dcce|lowpass_3000,1,11.70281491960798,0.9999887799152829,14,False
stress,specialist_silero,call_af9ad367dcce|lowpass_3000,1,11.607842104775566,0.9999877758600867,14,False
stress,orig_only,call_af9ad367dcce|lowpass_3000,1,7.92417972428458,0.9996382443396324,14,False
stress,robust_v2,call_af9ad367dcce|lowpass_3000,1,11.59505319595337,0.9999999999999991,14,False
stress,specialist,call_af9ad367dcce|pstn_300-3400,1,2.8182574723448073,0.9670711732680224,14,False
stress,specialist_silero,call_af9ad367dcce|pstn_300-3400,1,3.694042239870344,0.9847870101899359,14,False
stress,orig_only,call_af9ad367dcce|pstn_300-3400,1,3.832312294415065,0.9787997124892174,14,False
stress,robust_v2,call_af9ad367dcce|pstn_300-3400,1,9.006585989679609,0.9999999999981573,14,False
stress,specialist,call_af9ad367dcce|white_snr20,1,9.90815830975771,0.9999433298205113,16,False
stress,specialist_silero,call_af9ad367dcce|white_snr20,1,8.074913399560112,0.9997036857320355,14,False
stress,orig_only,call_af9ad367dcce|white_snr20,1,6.327664613723755,0.9982169844533019,14,False
stress,robust_v2,call_af9ad367dcce|white_snr20,1,11.245133774621147,0.9999999999999978,14,False
stress,specialist,call_af9ad367dcce|white_snr10,1,8.237568497657776,0.9997441291198008,4,False
stress,specialist_silero,call_af9ad367dcce|white_snr10,1,4.3784279855234285,0.9917388806295184,14,False
stress,orig_only,call_af9ad367dcce|white_snr10,1,3.4094455071858,0.9679984301830016,14,False
stress,robust_v2,call_af9ad367dcce|white_snr10,1,9.677426440375191,0.9999999999997538,14,False
stress,specialist,call_af9ad367dcce|pink_snr10,1,7.215381171305975,0.9993566053126982,15,False
stress,specialist_silero,call_af9ad367dcce|pink_snr10,1,5.425288736820221,0.9967719359490189,14,False
stress,orig_only,call_af9ad367dcce|pink_snr10,1,4.157247185707092,0.9845905844983668,14,False
stress,robust_v2,call_af9ad367dcce|pink_snr10,1,9.712574481964111,0.9999999999997784,14,False
stress,specialist,call_af9ad367dcce|mulaw_codec,1,11.22121068409511,0.9999826720091824,14,False
stress,specialist_silero,call_af9ad367dcce|mulaw_codec,1,9.779821840922038,0.9999363716932967,15,False
stress,orig_only,call_af9ad367dcce|mulaw_codec,1,7.886255423227946,0.9996242667947883,15,False
stress,robust_v2,call_af9ad367dcce|mulaw_codec,1,11.457618776957194,0.9999999999999989,15,False
stress,specialist,call_af9ad367dcce|reverb_0.3s,1,2.7114624210766385,0.9638600225328708,14,False
stress,specialist_silero,call_af9ad367dcce|reverb_0.3s,1,3.575837586607252,0.9831034006049884,14,False
stress,orig_only,call_af9ad367dcce|reverb_0.3s,1,2.042290359735489,0.8851662814585559,14,False
stress,robust_v2,call_af9ad367dcce|reverb_0.3s,1,2.778860790388925,0.9997604676152864,14,False
stress,specialist,call_af9ad367dcce|tilt_-3dB_oct,1,10.884816237858363,0.9999765259340586,14,False
stress,specialist_silero,call_af9ad367dcce|tilt_-3dB_oct,1,10.302941117967878,0.9999603142049809,14,False
stress,orig_only,call_af9ad367dcce|tilt_-3dB_oct,1,7.792802487100873,0.9995874755563683,14,False
stress,robust_v2,call_af9ad367dcce|tilt_-3dB_oct,1,10.630923748016357,0.999999999999986,14,False
stress,specialist,call_b5cc1f8d8fee|clean,0,-11.03696839949664,0.00010903559493946126,17,False
stress,specialist_silero,call_b5cc1f8d8fee|clean,0,-10.702211243765694,0.0001474866376701707,14,False
stress,orig_only,call_b5cc1f8d8fee|clean,0,-7.49128384249551,0.0005576151030204019,14,False
stress,robust_v2,call_b5cc1f8d8fee|clean,0,-7.040720275470188,6.710611656959284e-10,14,False
stress,specialist,call_b5cc1f8d8fee|gain_-12dB,0,-10.947223313649495,0.00011823281114455654,15,False
stress,specialist_silero,call_b5cc1f8d8fee|gain_-12dB,0,-10.9196376099306,0.00012121276608633351,17,False
stress,orig_only,call_b5cc1f8d8fee|gain_-12dB,0,-7.475167975706213,0.0005666692229291404,17,False
stress,robust_v2,call_b5cc1f8d8fee|gain_-12dB,0,-6.660315948374131,2.100799506641512e-09,17,False
stress,specialist,call_b5cc1f8d8fee|lowpass_3400,0,-9.935845795799704,0.0002944759030033853,17,False
stress,specialist_silero,call_b5cc1f8d8fee|lowpass_3400,0,-9.928749288831439,0.000296367289554689,14,False
stress,orig_only,call_b5cc1f8d8fee|lowpass_3400,0,-7.070120743342808,0.0008494083474712221,14,False
stress,robust_v2,call_b5cc1f8d8fee|lowpass_3400,0,-6.432934654610498,4.1556209723066855e-09,14,False
stress,specialist,call_b5cc1f8d8fee|lowpass_3000,0,-8.667732743655934,0.0009242437604445087,17,False
stress,specialist_silero,call_b5cc1f8d8fee|lowpass_3000,0,-8.442043584935805,0.0011327915923661786,17,False
stress,orig_only,call_b5cc1f8d8fee|lowpass_3000,0,-6.662784646539127,0.0012759536554281265,17,False
stress,robust_v2,call_b5cc1f8d8fee|lowpass_3000,0,-5.340161533916698,1.102533748720654e-07,17,False
stress,specialist,call_b5cc1f8d8fee|pstn_300-3400,0,-13.759525803958669,9.344628900196034e-06,17,False
stress,specialist_silero,call_b5cc1f8d8fee|pstn_300-3400,0,-12.581039333343506,2.706683848370848e-05,10,False
stress,orig_only,call_b5cc1f8d8fee|pstn_300-3400,0,-8.818277597427368,0.00014798116000928956,10,False
stress,robust_v2,call_b5cc1f8d8fee|pstn_300-3400,0,-7.055446010828018,6.420608510738657e-10,10,False
stress,specialist,call_b5cc1f8d8fee|white_snr20,0,-6.381999694384062,0.007225767001906829,13,False
stress,specialist_silero,call_b5cc1f8d8fee|white_snr20,0,-8.08580581843853,0.0015616491556940048,16,False
stress,orig_only,call_b5cc1f8d8fee|white_snr20,0,-5.1477209478616714,0.005779045452212167,16,False
stress,robust_v2,call_b5cc1f8d8fee|white_snr20,0,-3.4205752201378345,3.4944110867245915e-05,16,False
stress,specialist,call_b5cc1f8d8fee|white_snr10,0,-5.90381498336792,0.011081750364777949,5,False
stress,specialist_silero,call_b5cc1f8d8fee|white_snr10,0,-5.896541890043479,0.011153911855358727,13,False
stress,orig_only,call_b5cc1f8d8fee|white_snr10,0,-4.4063633772043085,0.012052429440086117,13,False
stress,robust_v2,call_b5cc1f8d8fee|white_snr10,0,-0.7022583645123702,0.10844005986188493,13,False
stress,specialist,call_b5cc1f8d8fee|pink_snr10,0,-8.26147198677063,0.001333012503197287,8,False
stress,specialist_silero,call_b5cc1f8d8fee|pink_snr10,0,-7.014606796778166,0.004095566439000828,13,False
stress,orig_only,call_b5cc1f8d8fee|pink_snr10,0,-6.044902122937716,0.002364309580223144,13,False
stress,robust_v2,call_b5cc1f8d8fee|pink_snr10,0,-3.9220493149298887,7.762891263098286e-06,13,False
stress,specialist,call_b5cc1f8d8fee|mulaw_codec,0,-11.235786466037526,9.112834539151926e-05,17,False
stress,specialist_silero,call_b5cc1f8d8fee|mulaw_codec,0,-11.246223513285319,9.027412198829645e-05,15,False
stress,orig_only,call_b5cc1f8d8fee|mulaw_codec,0,-7.881536865234375,0.0003775096426522587,15,False
stress,robust_v2,call_b5cc1f8d8fee|mulaw_codec,0,-6.8696371952692665,1.121149221675584e-09,15,False
stress,specialist,call_b5cc1f8d8fee|reverb_0.3s,0,-8.96472574604882,0.0007070997793802717,18,False
stress,specialist_silero,call_b5cc1f8d8fee|reverb_0.3s,0,-7.4902644256750746,0.002669999104352144,12,False
stress,orig_only,call_b5cc1f8d8fee|reverb_0.3s,0,-7.272016008694966,0.0006942277525890733,12,False
stress,robust_v2,call_b5cc1f8d8fee|reverb_0.3s,0,-6.590800960858663,2.587941965122937e-09,12,False
stress,specialist,call_b5cc1f8d8fee|tilt_-3dB_oct,0,-11.055709460685993,0.00010720719275640795,29,False
stress,specialist_silero,call_b5cc1f8d8fee|tilt_-3dB_oct,0,-11.038862773350306,0.00010884936960600574,14,False
stress,orig_only,call_b5cc1f8d8fee|tilt_-3dB_oct,0,-7.874932731900897,0.00038001006673389257,14,False
stress,robust_v2,call_b5cc1f8d8fee|tilt_-3dB_oct,0,-8.04124048777989,3.3358067680132816e-11,14,False
stress,specialist,call_b658b1155216|clean,0,-13.403735777911018,1.288264369847182e-05,17,False
stress,specialist_silero,call_b658b1155216|clean,0,-12.762808118547712,2.297200114122114e-05,14,False
stress,orig_only,call_b658b1155216|clean,0,-9.314752204077584,9.007730738065965e-05,14,False
stress,robust_v2,call_b658b1155216|clean,0,-10.380443470818657,2.9887668854996305e-14,14,False
stress,specialist,call_b658b1155216|gain_-12dB,0,-13.009555906057358,1.8386250669532555e-05,16,False
stress,specialist_silero,call_b658b1155216|gain_-12dB,0,-12.112615712483723,4.1306671978826554e-05,15,False
stress,orig_only,call_b658b1155216|gain_-12dB,0,-8.80360320409139,0.00015016837645000304,15,False
stress,robust_v2,call_b658b1155216|gain_-12dB,0,-9.649778278668721,2.675861468805743e-13,15,False
stress,specialist,call_b658b1155216|lowpass_3400,0,-12.431378673104678,3.0980769665033765e-05,17,False
stress,specialist_silero,call_b658b1155216|lowpass_3400,0,-11.595546347754341,6.586642345205502e-05,14,False
stress,orig_only,call_b658b1155216|lowpass_3400,0,-8.841209650039673,0.00014462674783311344,14,False
stress,robust_v2,call_b658b1155216|lowpass_3400,0,-9.585331669875554,3.2466094294419774e-13,14,False
stress,specialist,call_b658b1155216|lowpass_3000,0,-11.936725700602812,4.841205723347084e-05,17,False
stress,specialist_silero,call_b658b1155216|lowpass_3000,0,-11.16237040928432,9.736988671575152e-05,14,False
stress,orig_only,call_b658b1155216|lowpass_3000,0,-8.661473172051567,0.0001730991015519873,14,False
stress,robust_v2,call_b658b1155216|lowpass_3000,0,-9.227822295257024,9.489057789694267e-13,14,False
stress,specialist,call_b658b1155216|pstn_300-3400,0,-15.354478518168131,2.215423389485652e-06,15,False
stress,specialist_silero,call_b658b1155216|pstn_300-3400,0,-14.974075390742374,3.1228232679028403e-06,13,False
stress,orig_only,call_b658b1155216|pstn_300-3400,0,-10.859365756695087,1.9223347919567534e-05,13,False
stress,robust_v2,call_b658b1155216|pstn_300-3400,0,-10.169940361609825,5.620216673056767e-14,13,False
stress,specialist,call_b658b1155216|white_snr20,0,-9.229015753819393,0.0005571381777846219,13,False
stress,specialist_silero,call_b658b1155216|white_snr20,0,-10.49724194407463,0.0001774488128744408,16,False
stress,orig_only,call_b658b1155216|white_snr20,0,-6.934161394834518,0.0009729918418554344,16,False
stress,robust_v2,call_b658b1155216|white_snr20,0,-7.354003086686134,2.621749045388231e-10,16,False
stress,specialist,call_b658b1155216|white_snr10,0,-9.517797946929932,0.0004293745330656257,4,False
stress,specialist_silero,call_b658b1155216|white_snr10,0,-8.670437812805176,0.0009219923351937774,14,False
stress,orig_only,call_b658b1155216|white_snr10,0,-6.618880101612636,0.0013331454399719265,14,False
stress,robust_v2,call_b658b1155216|white_snr10,0,-3.970637987766947,6.709939165524667e-06,14,False
stress,specialist,call_b658b1155216|pink_snr10,0,-11.025550270080567,0.00011016481375718624,10,False
stress,specialist_silero,call_b658b1155216|pink_snr10,0,-9.246566104888917,0.0005483883598281091,15,False
stress,orig_only,call_b658b1155216|pink_snr10,0,-7.770754432678222,0.00042171693524304613,15,False
stress,robust_v2,call_b658b1155216|pink_snr10,0,-6.6487014353275296,2.175288998937544e-09,15,False
stress,specialist,call_b658b1155216|mulaw_codec,0,-13.291026648353128,1.4261932831896528e-05,17,False
stress,specialist_silero,call_b658b1155216|mulaw_codec,0,-12.97523123877389,1.8964690623391446e-05,14,False
stress,orig_only,call_b658b1155216|mulaw_codec,0,-9.462280852454048,7.772305872469958e-05,14,False
stress,robust_v2,call_b658b1155216|mulaw_codec,0,-10.50293847492763,2.0696424794810317e-14,14,False
stress,specialist,call_b658b1155216|reverb_0.3s,0,-11.408373664407168,7.798610742865486e-05,17,False
stress,specialist_silero,call_b658b1155216|reverb_0.3s,0,-9.936162505831037,0.0002943917741689455,14,False
stress,orig_only,call_b658b1155216|reverb_0.3s,0,-8.616439887455531,0.0001810710658200918,14,False
stress,robust_v2,call_b658b1155216|reverb_0.3s,0,-8.667061839784894,5.103035692991609e-12,14,False
stress,specialist,call_b658b1155216|tilt_-3dB_oct,0,-11.989604241507394,4.615618205003781e-05,35,False
stress,specialist_silero,call_b658b1155216|tilt_-3dB_oct,0,-12.564425706863403,2.7475696968750475e-05,15,False
stress,orig_only,call_b658b1155216|tilt_-3dB_oct,0,-8.991480827331543,0.00012445015480591057,15,False
stress,robust_v2,call_b658b1155216|tilt_-3dB_oct,0,-10.110556475321452,6.716195685175963e-14,15,False
stress,specialist,call_b712f501aeb8|clean,1,12.323497515458326,0.999993591820913,26,False
stress,specialist_silero,call_b712f501aeb8|clean,1,8.879591275345195,0.9998566352738887,33,False
stress,orig_only,call_b712f501aeb8|clean,1,6.9206532348286025,0.9990137887065391,33,False
stress,robust_v2,call_b712f501aeb8|clean,1,11.533633723403469,0.9999999999999991,33,False
stress,specialist,call_b712f501aeb8|gain_-12dB,1,12.317916796757626,0.999993559466071,26,False
stress,specialist_silero,call_b712f501aeb8|gain_-12dB,1,11.445463064171019,0.9999858466727252,21,False
stress,orig_only,call_b712f501aeb8|gain_-12dB,1,7.2510085588409785,0.9992910444772656,21,False
stress,robust_v2,call_b712f501aeb8|gain_-12dB,1,11.579118461835952,0.9999999999999991,21,False
stress,specialist,call_b712f501aeb8|lowpass_3400,1,12.456376259143536,0.9999943159759698,26,False
stress,specialist_silero,call_b712f501aeb8|lowpass_3400,1,8.871773707516054,0.9998556204110478,34,False
stress,orig_only,call_b712f501aeb8|lowpass_3400,1,6.762415053213344,0.9988449028407823,34,False
stress,robust_v2,call_b712f501aeb8|lowpass_3400,1,11.720300414982963,0.9999999999999996,34,False
stress,specialist,call_b712f501aeb8|lowpass_3000,1,13.07485345693735,0.9999967471971983,26,False
stress,specialist_silero,call_b712f501aeb8|lowpass_3000,1,10.260200287844684,0.9999587536252624,37,False
stress,orig_only,call_b712f501aeb8|lowpass_3000,1,7.962113844381796,0.9996517055096962,37,False
stress,robust_v2,call_b712f501aeb8|lowpass_3000,1,12.96038279662261,1.0,37,False
stress,specialist,call_b712f501aeb8|pstn_300-3400,1,5.505652238022197,0.9969970822833211,33,False
stress,specialist_silero,call_b712f501aeb8|pstn_300-3400,1,5.307108958130297,0.996409933551766,23,False
stress,orig_only,call_b712f501aeb8|pstn_300-3400,1,4.435862193936887,0.9882938091159396,23,False
stress,robust_v2,call_b712f501aeb8|pstn_300-3400,1,10.61317407566568,0.9999999999999851,23,False
stress,specialist,call_b712f501aeb8|white_snr20,1,10.01236750682195,0.9999484160995102,24,False
stress,specialist_silero,call_b712f501aeb8|white_snr20,1,7.6198419985317045,0.9995532722293513,21,False
stress,orig_only,call_b712f501aeb8|white_snr20,1,5.5637995799382525,0.9961804643777689,21,False
stress,robust_v2,call_b712f501aeb8|white_snr20,1,10.815651780083066,0.999999999999992,21,False
stress,specialist,call_b712f501aeb8|white_snr10,1,7.2304258942604065,0.9993652762141115,8,False
stress,specialist_silero,call_b712f501aeb8|white_snr10,1,4.225981080532074,0.9905319956667553,20,False
stress,orig_only,call_b712f501aeb8|white_snr10,1,2.800589382648468,0.9427076649199598,20,False
stress,robust_v2,call_b712f501aeb8|white_snr10,1,8.76156210899353,0.9999999999961566,20,False
stress,specialist,call_b712f501aeb8|pink_snr10,1,7.446197135107858,0.9994775237940786,21,False
stress,specialist_silero,call_b712f501aeb8|pink_snr10,1,4.999040937423706,0.9952647393917647,20,False
stress,orig_only,call_b712f501aeb8|pink_snr10,1,3.344315433502197,0.9659181933972526,20,False
stress,robust_v2,call_b712f501aeb8|pink_snr10,1,8.624051195383071,0.9999999999941942,20,False
stress,specialist,call_b712f501aeb8|mulaw_codec,1,12.229208689469557,0.9999930226753634,26,False
stress,specialist_silero,call_b712f501aeb8|mulaw_codec,1,8.960363499323527,0.9998667124149042,30,False
stress,orig_only,call_b712f501aeb8|mulaw_codec,1,6.8153295358022055,0.9989043700303699,30,False
stress,robust_v2,call_b712f501aeb8|mulaw_codec,1,11.34235603014628,0.9999999999999982,30,False
stress,specialist,call_b712f501aeb8|reverb_0.3s,1,6.29416610436006,0.9985237279884,22,False
stress,specialist_silero,call_b712f501aeb8|reverb_0.3s,1,5.055489065125585,0.9954988615640197,32,False
stress,orig_only,call_b712f501aeb8|reverb_0.3s,1,4.273957621771842,0.9862647271758646,32,False
stress,robust_v2,call_b712f501aeb8|reverb_0.3s,1,6.589391089975834,0.9999999974010889,32,False
stress,specialist,call_b712f501aeb8|tilt_-3dB_oct,1,12.715553200763205,0.9999955013994847,23,False
stress,specialist_silero,call_b712f501aeb8|tilt_-3dB_oct,1,6.42753037463787,0.9986909092572227,43,False
stress,orig_only,call_b712f501aeb8|tilt_-3dB_oct,1,5.948070246119832,0.9973959249075719,43,False
stress,robust_v2,call_b712f501aeb8|tilt_-3dB_oct,1,9.934702751248382,0.9999999999998861,43,False
stress,specialist,call_bc2c7c34acea|clean,0,-4.957598290273121,0.02564571142368385,14,False
stress,specialist_silero,call_bc2c7c34acea|clean,0,-5.418643270220075,0.017065749391430827,14,False
stress,orig_only,call_bc2c7c34acea|clean,0,-3.806379633290427,0.02174514662743384,14,False
stress,robust_v2,call_bc2c7c34acea|clean,0,-4.454459232943399,1.571658274079066e-06,14,False
stress,specialist,call_bc2c7c34acea|gain_-12dB,0,-4.813874244689941,0.029094080632065915,15,False
stress,specialist_silero,call_bc2c7c34acea|gain_-12dB,0,-5.1827349577631265,0.02102954226166905,14,False
stress,orig_only,call_bc2c7c34acea|gain_-12dB,0,-3.784988135099411,0.022204878690685888,14,False
stress,robust_v2,call_bc2c7c34acea|gain_-12dB,0,-4.36698462494782,2.043276485652953e-06,14,False
stress,specialist,call_bc2c7c34acea|lowpass_3400,0,-3.839010570730482,0.06736244667831402,14,False
stress,specialist_silero,call_bc2c7c34acea|lowpass_3400,0,-3.891594871878624,0.0644416309261932,14,False
stress,orig_only,call_bc2c7c34acea|lowpass_3400,0,-3.1109538738216673,0.042657672924978414,14,False
stress,robust_v2,call_bc2c7c34acea|lowpass_3400,0,-3.613508870026895,1.9588925063704884e-05,14,False
stress,specialist,call_bc2c7c34acea|lowpass_3000,0,-2.7252634380544936,0.16481526696730547,14,False
stress,specialist_silero,call_bc2c7c34acea|lowpass_3000,0,-2.953843431813376,0.13834436308922465,14,False
stress,orig_only,call_bc2c7c34acea|lowpass_3000,0,-2.692143978817122,0.06343851653494754,14,False
stress,robust_v2,call_bc2c7c34acea|lowpass_3000,0,-3.082445102078574,9.635881579329978e-05,14,False
stress,specialist,call_bc2c7c34acea|pstn_300-3400,0,-9.16185868581136,0.000591927630280105,15,False
stress,specialist_silero,call_bc2c7c34acea|pstn_300-3400,0,-9.30080885887146,0.0005222041159691432,10,False
stress,orig_only,call_bc2c7c34acea|pstn_300-3400,0,-6.464641666412353,0.0015551270943778756,10,False
stress,robust_v2,call_bc2c7c34acea|pstn_300-3400,0,-4.751606869697571,6.444805112551265e-07,10,False
stress,specialist,call_bc2c7c34acea|white_snr20,0,-2.2465950325131416,0.23310635714292377,14,False
stress,specialist_silero,call_bc2c7c34acea|white_snr20,0,-3.8166058531829288,0.06864387481032126,14,False
stress,orig_only,call_bc2c7c34acea|white_snr20,0,-2.927614920905658,0.05080521995476674,14,False
stress,robust_v2,call_bc2c7c34acea|white_snr20,0,-1.9336031079292297,0.00301598180153729,14,False
stress,specialist,call_bc2c7c34acea|white_snr10,0,-8.450307846069336,0.0011243840282322995,1,False
stress,specialist_silero,call_bc2c7c34acea|white_snr10,0,-8.48287394841512,0.0010918556015860862,15,False
stress,orig_only,call_bc2c7c34acea|white_snr10,0,-6.296195904413859,0.0018399120430865469,15,False
stress,robust_v2,call_bc2c7c34acea|white_snr10,0,-1.3363886197408041,0.017825029319340695,15,False
stress,specialist,call_bc2c7c34acea|pink_snr10,0,-2.9235473600300876,0.14163585706305679,11,False
stress,specialist_silero,call_bc2c7c34acea|pink_snr10,0,-3.3366275747617085,0.1020589946199688,15,False
stress,orig_only,call_bc2c7c34acea|pink_snr10,0,-3.1489783922831216,0.04113155126725047,15,False
stress,robust_v2,call_bc2c7c34acea|pink_snr10,0,-0.5728640198707581,0.1520526041694812,15,False
stress,specialist,call_bc2c7c34acea|mulaw_codec,0,-4.956302468265806,0.025674948985696576,14,False
stress,specialist_silero,call_bc2c7c34acea|mulaw_codec,0,-5.27132174372673,0.019445197702090296,14,False
stress,orig_only,call_bc2c7c34acea|mulaw_codec,0,-3.695892368044172,0.024223924516522798,14,False
stress,robust_v2,call_bc2c7c34acea|mulaw_codec,0,-4.423595896789005,1.7241275311116575e-06,14,False
stress,specialist,call_bc2c7c34acea|reverb_0.3s,0,-4.433330399649484,0.04053255210367483,14,False
stress,specialist_silero,call_bc2c7c34acea|reverb_0.3s,0,-3.697700777224132,0.07582986900342994,14,False
stress,orig_only,call_bc2c7c34acea|reverb_0.3s,0,-3.79344294326646,0.022022049060041862,14,False
stress,robust_v2,call_bc2c7c34acea|reverb_0.3s,0,-3.8953016655785695,8.411477562677928e-06,14,False
stress,specialist,call_bc2c7c34acea|tilt_-3dB_oct,0,-8.36522020234002,0.001214014913118998,36,False
stress,specialist_silero,call_bc2c7c34acea|tilt_-3dB_oct,0,-6.333987815039499,0.007543315485587233,14,False
stress,orig_only,call_bc2c7c34acea|tilt_-3dB_oct,0,-4.411633423396519,0.011989839208712567,14,False
stress,robust_v2,call_bc2c7c34acea|tilt_-3dB_oct,0,-5.057750429425921,2.5724123222389496e-07,14,False
stress,specialist,call_bd98a8224da0|clean,0,-10.136203169822693,0.0002457791436644034,12,False
stress,specialist_silero,call_bd98a8224da0|clean,0,-10.58119068145752,0.00016450411496456678,10,False
stress,orig_only,call_bd98a8224da0|clean,0,-6.585863614082337,0.0013778342475582169,10,False
stress,robust_v2,call_bd98a8224da0|clean,0,-8.196135854721069,2.0959951630486522e-11,10,False
stress,specialist,call_bd98a8224da0|gain_-12dB,0,-10.291258465160023,0.00021369200762685864,11,False
stress,specialist_silero,call_bd98a8224da0|gain_-12dB,0,-10.26017198562622,0.0002197704692668995,10,False
stress,orig_only,call_bd98a8224da0|gain_-12dB,0,-6.218005728721619,0.0019892512622484474,10,False
stress,robust_v2,call_bd98a8224da0|gain_-12dB,0,-8.06119680404663,3.1419562351661115e-11,10,False
stress,specialist,call_bd98a8224da0|lowpass_3400,0,-9.058628896872202,0.0006496841541146357,12,False
stress,specialist_silero,call_bd98a8224da0|lowpass_3400,0,-8.83486795425415,0.0007949458975897157,10,False
stress,orig_only,call_bd98a8224da0|lowpass_3400,0,-6.06615719795227,0.0023147014051492203,10,False
stress,robust_v2,call_bd98a8224da0|lowpass_3400,0,-7.146545314788819,4.885223247601842e-10,10,False
stress,specialist,call_bd98a8224da0|lowpass_3000,0,-7.518624961997072,0.002602705907763585,12,False
stress,specialist_silero,call_bd98a8224da0|lowpass_3000,0,-8.147839307785034,0.0014767523341147504,10,False
stress,orig_only,call_bd98a8224da0|lowpass_3000,0,-6.144838142395019,0.002139933833912028,10,False
stress,robust_v2,call_bd98a8224da0|lowpass_3000,0,-7.076501309871674,6.027588415933259e-10,10,False
stress,specialist,call_bd98a8224da0|pstn_300-3400,0,-9.92045525709788,0.00029859324177941793,12,False
stress,specialist_silero,call_bd98a8224da0|pstn_300-3400,0,-10.121676815880669,0.0002490215427729299,9,False
stress,orig_only,call_bd98a8224da0|pstn_300-3400,0,-6.758348835839166,0.001159798139052955,9,False
stress,robust_v2,call_bd98a8224da0|pstn_300-3400,0,-6.529536459181044,3.110104902386501e-09,9,False
stress,specialist,call_bd98a8224da0|white_snr20,0,-4.6752295385707505,0.03284450280520383,11,False
stress,specialist_silero,call_bd98a8224da0|white_snr20,0,-5.1396812915802,0.021844500575170043,10,False
stress,orig_only,call_bd98a8224da0|white_snr20,0,-3.8612407445907593,0.020608239707559255,10,False
stress,robust_v2,call_bd98a8224da0|white_snr20,0,-3.8395241022109987,9.943591841797699e-06,10,False
stress,specialist,call_bd98a8224da0|white_snr10,0,-0.7878096103668213,0.5313657150520725,3,False
stress,specialist_silero,call_bd98a8224da0|white_snr10,0,-6.2508166313171385,0.008126512383638183,10,False
stress,orig_only,call_bd98a8224da0|white_snr10,0,-4.811029601097107,0.00807375881183995,10,False
stress,robust_v2,call_bd98a8224da0|white_snr10,0,-0.9343759268522263,0.05715539037104925,10,False
stress,specialist,call_bd98a8224da0|pink_snr10,0,-5.465137374401093,0.01637599217386403,10,False
stress,specialist_silero,call_bd98a8224da0|pink_snr10,0,-6.480744504928589,0.006613793259507326,10,False
stress,orig_only,call_bd98a8224da0|pink_snr10,0,-5.461106824874878,0.004230874057019084,10,False
stress,robust_v2,call_bd98a8224da0|pink_snr10,0,-2.867035683989525,0.00018386827800044263,10,False
stress,specialist,call_bd98a8224da0|mulaw_codec,0,-10.145043532053629,0.00024382659817618,12,False
stress,specialist_silero,call_bd98a8224da0|mulaw_codec,0,-10.622381973266602,0.0001585022042268182,10,False
stress,orig_only,call_bd98a8224da0|mulaw_codec,0,-6.650969123840332,0.0012910995522516346,10,False
stress,robust_v2,call_bd98a8224da0|mulaw_codec,0,-8.273950171470641,1.6596147688949173e-11,10,False
stress,specialist,call_bd98a8224da0|reverb_0.3s,0,-8.770638236632713,0.0008423459011701098,13,False
stress,specialist_silero,call_bd98a8224da0|reverb_0.3s,0,-6.537645194265577,0.006284827661329833,9,False
stress,orig_only,call_bd98a8224da0|reverb_0.3s,0,-6.98218133714464,0.0009274152125768438,9,False
stress,robust_v2,call_bd98a8224da0|reverb_0.3s,0,-6.958819283379449,8.579649646665176e-10,9,False
stress,specialist,call_bd98a8224da0|tilt_-3dB_oct,0,-10.389349699020386,0.0001955921093244599,12,False
stress,specialist_silero,call_bd98a8224da0|tilt_-3dB_oct,0,-10.249282693862915,0.0002219403279932221,10,False
stress,orig_only,call_bd98a8224da0|tilt_-3dB_oct,0,-6.9089751720428465,0.000997784282871493,10,False
stress,robust_v2,call_bd98a8224da0|tilt_-3dB_oct,0,-8.56568455696106,6.9168982891679834e-12,10,False
stress,specialist,call_be72006df132|clean,0,-12.778196716308594,2.265519095801375e-05,10,False
stress,specialist_silero,call_be72006df132|clean,0,-12.16666669845581,3.934023088132277e-05,10,False
stress,orig_only,call_be72006df132|clean,0,-8.591920280456543,0.00018556490172550792,10,False
stress,robust_v2,call_be72006df132|clean,0,-8.643729734420777,5.473027367799249e-12,10,False
stress,specialist,call_be72006df132|gain_-12dB,0,-12.183840664950283,3.873523450232907e-05,11,False
stress,specialist_silero,call_be72006df132|gain_-12dB,0,-11.750621795654297,5.726499581888808e-05,11,False
stress,orig_only,call_be72006df132|gain_-12dB,0,-8.06926872513511,0.0003129141493566235,11,False
stress,robust_v2,call_be72006df132|gain_-12dB,0,-7.723582582040266,8.651115539452531e-11,11,False
stress,specialist,call_be72006df132|lowpass_3400,0,-11.058804559707642,0.00010690819434838815,10,False
stress,specialist_silero,call_be72006df132|lowpass_3400,0,-10.324225165627219,0.00020742943749045686,11,False
stress,orig_only,call_be72006df132|lowpass_3400,0,-7.873352354223078,0.00038061087220598894,11,False
stress,robust_v2,call_be72006df132|lowpass_3400,0,-6.79331875931133,1.4096050483547646e-09,11,False
stress,specialist,call_be72006df132|lowpass_3000,0,-9.276496887207031,0.0005337818831314778,10,False
stress,specialist_silero,call_be72006df132|lowpass_3000,0,-8.883952292529019,0.0007605275486016763,11,False
stress,orig_only,call_be72006df132|lowpass_3000,0,-7.4702723459763964,0.0005694486438144406,11,False
stress,robust_v2,call_be72006df132|lowpass_3000,0,-6.1388703259554775,1.004078048748228e-08,11,False
stress,specialist,call_be72006df132|pstn_300-3400,0,-14.73116888999939,3.8882054622926296e-06,10,False
stress,specialist_silero,call_be72006df132|pstn_300-3400,0,-13.57948865890503,1.0993175049952752e-05,10,False
stress,orig_only,call_be72006df132|pstn_300-3400,0,-9.608346652984618,6.716126995689706e-05,10,False
stress,robust_v2,call_be72006df132|pstn_300-3400,0,-6.938660341501236,9.11453055672654e-10,10,False
stress,specialist,call_be72006df132|white_snr20,0,-6.770490711927414,0.005099786990149998,10,False
stress,specialist_silero,call_be72006df132|white_snr20,0,-8.65211785923351,0.0009373477882937394,11,False
stress,orig_only,call_be72006df132|white_snr20,0,-5.159430157054555,0.005712156304318223,11,False
stress,robust_v2,call_be72006df132|white_snr20,0,-4.179048928347501,3.5907467246586853e-06,11,False
stress,specialist,call_be72006df132|white_snr10,0,-7.996702575683594,0.0016921888981096137,5,False
stress,specialist_silero,call_be72006df132|white_snr10,0,-7.66660924391313,0.0022780700819160257,11,False
stress,orig_only,call_be72006df132|white_snr10,0,-4.781172557310625,0.00831641714271188,11,False
stress,robust_v2,call_be72006df132|white_snr10,0,-1.6552628671581096,0.006924171615312314,11,False
stress,specialist,call_be72006df132|pink_snr10,0,-11.10539976755778,0.00010250637780062933,9,False
stress,specialist_silero,call_be72006df132|pink_snr10,0,-8.869277748194607,0.0007706584209200255,11,False
stress,orig_only,call_be72006df132|pink_snr10,0,-6.5838518576188525,0.0013806050738371116,11,False
stress,robust_v2,call_be72006df132|pink_snr10,0,-4.409108963879672,1.8007115018617877e-06,11,False
stress,specialist,call_be72006df132|mulaw_codec,0,-13.173934268951417,1.5851472442122178e-05,10,False
stress,specialist_silero,call_be72006df132|mulaw_codec,0,-12.117509078979491,4.1124670573899144e-05,10,False
stress,orig_only,call_be72006df132|mulaw_codec,0,-8.568751049041747,0.0001899136655822733,10,False
stress,robust_v2,call_be72006df132|mulaw_codec,0,-8.546464538574218,7.327449488753774e-12,10,False
stress,specialist,call_be72006df132|reverb_0.3s,0,-12.201312732696532,3.812928315949003e-05,10,False
stress,specialist_silero,call_be72006df132|reverb_0.3s,0,-12.209803438186645,3.7838247373103636e-05,10,False
stress,orig_only,call_be72006df132|reverb_0.3s,0,-9.507647609710693,7.427605828427711e-05,10,False
stress,robust_v2,call_be72006df132|reverb_0.3s,0,-7.2524854183197025,3.5551408212116295e-10,10,False
stress,specialist,call_be72006df132|tilt_-3dB_oct,0,-13.133326270363547,1.644314211475822e-05,11,False
stress,specialist_silero,call_be72006df132|tilt_-3dB_oct,0,-12.752479813315652,2.318711411378773e-05,11,False
stress,orig_only,call_be72006df132|tilt_-3dB_oct,0,-8.803172198208896,0.0001502331041280151,11,False
stress,robust_v2,call_be72006df132|tilt_-3dB_oct,0,-8.299684958024459,1.536306484261703e-11,11,False
stress,specialist,call_bf0384ed27ed|clean,0,-7.008254718780518,0.004119014440843445,15,False
stress,specialist_silero,call_bf0384ed27ed|clean,0,-6.939680762588978,0.0043808184926959395,16,False
stress,orig_only,call_bf0384ed27ed|clean,0,-4.462594196200371,0.011400926989838257,16,False
stress,robust_v2,call_bf0384ed27ed|clean,0,-7.270664431154728,3.3664461604553166e-10,16,False
stress,specialist,call_bf0384ed27ed|gain_-12dB,0,-7.3278447469075525,0.0030901894430520227,15,False
stress,specialist_silero,call_bf0384ed27ed|gain_-12dB,0,-6.984889547030131,0.0042064205181231214,15,False
stress,orig_only,call_bf0384ed27ed|gain_-12dB,0,-4.407522545258204,0.01203863483483817,15,False
stress,robust_v2,call_bf0384ed27ed|gain_-12dB,0,-7.17020248969396,4.5505288655887793e-10,15,False
stress,specialist,call_bf0384ed27ed|lowpass_3400,0,-5.478499499956767,0.016182882114240373,15,False
stress,specialist_silero,call_bf0384ed27ed|lowpass_3400,0,-5.535975556820631,0.015377464272692291,16,False
stress,orig_only,call_bf0384ed27ed|lowpass_3400,0,-4.127194419503212,0.01587207809820504,16,False
stress,robust_v2,call_bf0384ed27ed|lowpass_3400,0,-6.253076054155827,7.128049733529458e-09,16,False
stress,specialist,call_bf0384ed27ed|lowpass_3000,0,-3.8669847806294757,0.06579363321269291,15,False
stress,specialist_silero,call_bf0384ed27ed|lowpass_3000,0,-3.6676614060997963,0.07775164253583394,16,False
stress,orig_only,call_bf0384ed27ed|lowpass_3000,0,-3.6272327192127705,0.025900965787354444,16,False
stress,robust_v2,call_bf0384ed27ed|lowpass_3000,0,-5.525910243391991,6.315140161859739e-08,16,False
stress,specialist,call_bf0384ed27ed|pstn_300-3400,0,-9.239375330507755,0.0005519566259442998,16,False
stress,specialist_silero,call_bf0384ed27ed|pstn_300-3400,0,-8.806696160634358,0.0008153987270459056,15,False
stress,orig_only,call_bf0384ed27ed|pstn_300-3400,0,-6.073414452870687,0.002298002297834953,15,False
stress,robust_v2,call_bf0384ed27ed|pstn_300-3400,0,-6.697819435596466,1.877249227102365e-09,15,False
stress,specialist,call_bf0384ed27ed|white_snr20,0,0.3957251012325287,0.7674037436126513,16,False
stress,specialist_silero,call_bf0384ed27ed|white_snr20,0,-1.2949138768017292,0.4177520046774389,16,False
stress,orig_only,call_bf0384ed27ed|white_snr20,0,-1.6357722436077893,0.16304115533007238,16,False
stress,robust_v2,call_bf0384ed27ed|white_snr20,0,-1.342529272660613,0.017505359149136618,16,False
stress,specialist,call_bf0384ed27ed|white_snr10,0,-3.6676427364349364,0.07775285068427859,5,False
stress,specialist_silero,call_bf0384ed27ed|white_snr10,0,-5.30509184996287,0.01887254342787908,15,False
stress,orig_only,call_bf0384ed27ed|white_snr10,0,-4.19219446182251,0.014888078599058122,15,False
stress,robust_v2,call_bf0384ed27ed|white_snr10,0,-2.0456284999847414,0.0021569829576640206,15,False
stress,specialist,call_bf0384ed27ed|pink_snr10,0,-2.1816098369084873,0.24375396175480044,13,False
stress,specialist_silero,call_bf0384ed27ed|pink_snr10,0,-2.7127202199772,0.1663793451118544,16,False
stress,orig_only,call_bf0384ed27ed|pink_snr10,0,-3.3973284736275673,0.03237906089247476,16,False
stress,robust_v2,call_bf0384ed27ed|pink_snr10,0,-2.7880604527890682,0.0002330134457540098,16,False
stress,specialist,call_bf0384ed27ed|mulaw_codec,0,-7.134709390004476,0.003676419110770161,15,False
stress,specialist_silero,call_bf0384ed27ed|mulaw_codec,0,-7.048854842782021,0.00397141530721975,16,False
stress,orig_only,call_bf0384ed27ed|mulaw_codec,0,-4.458553789183497,0.011446556214916045,16,False
stress,robust_v2,call_bf0384ed27ed|mulaw_codec,0,-7.326479062438011,2.847421199382434e-10,16,False
stress,specialist,call_bf0384ed27ed|reverb_0.3s,0,-10.286273638407389,0.00021465527212622543,15,False
stress,specialist_silero,call_bf0384ed27ed|reverb_0.3s,0,-10.314412021636963,0.0002092741782224043,15,False
stress,orig_only,call_bf0384ed27ed|reverb_0.3s,0,-8.480427010854084,0.0002074470400770358,15,False
stress,robust_v2,call_bf0384ed27ed|reverb_0.3s,0,-10.654111417134603,1.315026806394483e-14,15,False
stress,specialist,call_bf0384ed27ed|tilt_-3dB_oct,0,-9.500171280332975,0.00043625628435004556,28,False
stress,specialist_silero,call_bf0384ed27ed|tilt_-3dB_oct,0,-7.772517893995557,0.0020708497355237674,14,False
stress,orig_only,call_bf0384ed27ed|tilt_-3dB_oct,0,-5.843042354498591,0.002891620625573353,14,False
stress,robust_v2,call_bf0384ed27ed|tilt_-3dB_oct,0,-8.757185970033918,3.894102409157654e-12,14,False
stress,specialist,call_c04725672945|clean,1,11.423636118570963,0.9999855651244962,21,False
stress,specialist_silero,call_c04725672945|clean,1,9.925709123196809,0.9999442202838404,23,False
stress,orig_only,call_c04725672945|clean,1,8.278685549031133,0.9997461937525877,23,False
stress,robust_v2,call_c04725672945|clean,1,12.1855091634004,0.9999999999999998,23,False
stress,specialist,call_c04725672945|gain_-12dB,1,11.62628455956777,0.9999879776251592,24,False
stress,specialist_silero,call_c04725672945|gain_-12dB,1,10.645505114035172,0.9999708674257753,22,False
stress,orig_only,call_c04725672945|gain_-12dB,1,8.437087232416326,0.9997833665686582,22,False
stress,robust_v2,call_c04725672945|gain_-12dB,1,12.126825655048544,0.9999999999999998,22,False
stress,specialist,call_c04725672945|lowpass_3400,1,11.631264686584473,0.9999880315356329,21,False
stress,specialist_silero,call_c04725672945|lowpass_3400,1,10.908150044354526,0.9999770150621202,22,False
stress,orig_only,call_c04725672945|lowpass_3400,1,8.464734348383816,0.9997892725778985,22,False
stress,robust_v2,call_c04725672945|lowpass_3400,1,12.257952478798954,1.0,22,False
stress,specialist,call_c04725672945|lowpass_3000,1,11.724570819309779,0.9999889980552387,21,False
stress,specialist_silero,call_c04725672945|lowpass_3000,1,11.06772986867211,0.9999800978180391,22,False
stress,orig_only,call_c04725672945|lowpass_3000,1,8.068191652948206,0.9996867487435798,22,False
stress,robust_v2,call_c04725672945|lowpass_3000,1,11.710581037131222,0.9999999999999996,22,False
stress,specialist,call_c04725672945|pstn_300-3400,1,6.630408547141335,0.9989096874380986,22,False
stress,specialist_silero,call_c04725672945|pstn_300-3400,1,5.940719263894217,0.9979702073140924,21,False
stress,orig_only,call_c04725672945|pstn_300-3400,1,5.380846818288167,0.9954171773623172,21,False
stress,robust_v2,call_c04725672945|pstn_300-3400,1,10.461928271111988,0.9999999999999767,21,False
stress,specialist,call_c04725672945|white_snr20,1,10.931207056398746,0.9999774883760499,27,False
stress,specialist_silero,call_c04725672945|white_snr20,1,9.396223263307052,0.9999100538892217,22,False
stress,orig_only,call_c04725672945|white_snr20,1,6.96549624746496,0.9990569956823326,22,False
stress,robust_v2,call_c04725672945|white_snr20,1,13.429006814956665,1.0,22,False
stress,specialist,call_c04725672945|white_snr10,1,6.6268885508179665,0.998906222215438,8,False
stress,specialist_silero,call_c04725672945|white_snr10,1,4.08167145604437,0.989229247844486,22,False
stress,orig_only,call_c04725672945|white_snr10,1,2.8447622697461736,0.9450473054952951,22,False
stress,robust_v2,call_c04725672945|white_snr10,1,10.790386779741807,0.9999999999999913,22,False
stress,specialist,call_c04725672945|pink_snr10,1,6.35365509445017,0.99860078506516,22,False
stress,specialist_silero,call_c04725672945|pink_snr10,1,4.667937874794006,0.9936262174506085,22,False
stress,orig_only,call_c04725672945|pink_snr10,1,3.617451053451408,0.9738510939101485,22,False
stress,robust_v2,call_c04725672945|pink_snr10,1,9.312515556812286,0.9999999999992639,22,False
stress,specialist,call_c04725672945|mulaw_codec,1,11.402502355121431,0.9999852871821173,21,False
stress,specialist_silero,call_c04725672945|mulaw_codec,1,9.80083325634832,0.9999375667562899,23,False
stress,orig_only,call_c04725672945|mulaw_codec,1,8.228928659273231,0.9997332491405126,23,False
stress,robust_v2,call_c04725672945|mulaw_codec,1,12.075034667616306,0.9999999999999998,23,False
stress,specialist,call_c04725672945|reverb_0.3s,1,-0.7802523333917964,0.5330636520658043,22,False
stress,specialist_silero,call_c04725672945|reverb_0.3s,1,-0.7715698538914971,0.5350134473879761,23,False
stress,orig_only,call_c04725672945|reverb_0.3s,1,-1.9427209256783775,0.12534923868590722,23,False
stress,robust_v2,call_c04725672945|reverb_0.3s,1,-0.1742511456427367,0.3722086137765377,23,False
stress,specialist,call_c04725672945|tilt_-3dB_oct,1,10.86570013893975,0.9999761174718275,27,False
stress,specialist_silero,call_c04725672945|tilt_-3dB_oct,1,9.90817997672341,0.9999433309285299,22,False
stress,orig_only,call_c04725672945|tilt_-3dB_oct,1,7.682364902713082,0.9995393286519679,22,False
stress,robust_v2,call_c04725672945|tilt_-3dB_oct,1,10.851914636113428,0.9999999999999927,22,False
stress,specialist,call_c21f9cf2390e|clean,1,9.86718781789144,0.9999411954149029,15,False
stress,specialist_silero,call_c21f9cf2390e|clean,1,7.679881617426872,0.9995768231433168,16,False
stress,orig_only,call_c21f9cf2390e|clean,1,5.884983718395233,0.9972268204092252,16,False
stress,robust_v2,call_c21f9cf2390e|clean,1,8.937196433544159,0.9999999999977307,16,False
stress,specialist,call_c21f9cf2390e|gain_-12dB,1,10.336849451065063,0.9999615101745983,14,False
stress,specialist_silero,call_c21f9cf2390e|gain_-12dB,1,8.93096833569663,0.9998631297803977,14,False
stress,orig_only,call_c21f9cf2390e|gain_-12dB,1,6.618735943521772,0.9986666626187376,14,False
stress,robust_v2,call_c21f9cf2390e|gain_-12dB,1,9.459013257707868,0.9999999999995257,14,False
stress,specialist,call_c21f9cf2390e|lowpass_3400,1,9.86657485961914,0.9999411628792223,15,False
stress,specialist_silero,call_c21f9cf2390e|lowpass_3400,1,9.20912412234715,0.999893510985842,14,False
stress,orig_only,call_c21f9cf2390e|lowpass_3400,1,6.4304918221064975,0.9983909352715212,14,False
stress,robust_v2,call_c21f9cf2390e|lowpass_3400,1,9.475018569401332,0.9999999999995479,14,False
stress,specialist,call_c21f9cf2390e|lowpass_3000,1,10.590832805633545,0.9999693940480828,15,False
stress,specialist_silero,call_c21f9cf2390e|lowpass_3000,1,9.99767736026219,0.9999477277282064,14,False
stress,orig_only,call_c21f9cf2390e|lowpass_3000,1,6.353011846542358,0.9982615334127796,14,False
stress,robust_v2,call_c21f9cf2390e|lowpass_3000,1,9.577800818852015,0.9999999999996678,14,False
stress,specialist,call_c21f9cf2390e|pstn_300-3400,1,2.085167731841405,0.9381005983211541,15,False
stress,specialist_silero,call_c21f9cf2390e|pstn_300-3400,1,2.1965267612383914,0.9436855928784832,13,False
stress,orig_only,call_c21f9cf2390e|pstn_300-3400,1,2.0620002563183126,0.8871545733882,13,False
stress,robust_v2,call_c21f9cf2390e|pstn_300-3400,1,7.2156003300960245,0.9999999996028872,13,False
stress,specialist,call_c21f9cf2390e|white_snr20,1,10.026548306147257,0.9999490720031261,12,False
stress,specialist_silero,call_c21f9cf2390e|white_snr20,1,7.080927817026774,0.9992736639329883,15,False
stress,orig_only,call_c21f9cf2390e|white_snr20,1,5.244030904769898,0.9947487858111034,15,False
stress,robust_v2,call_c21f9cf2390e|white_snr20,1,10.002103185653686,0.999999999999907,15,False
stress,specialist,call_c21f9cf2390e|white_snr10,1,6.825229008992513,0.9990853150073469,3,False
stress,specialist_silero,call_c21f9cf2390e|white_snr10,1,3.267107590039571,0.9777951289551968,15,False
stress,orig_only,call_c21f9cf2390e|white_snr10,1,1.7876683076222737,0.8566411662434474,15,False
stress,robust_v2,call_c21f9cf2390e|white_snr10,1,7.82963228225708,0.9999999999370637,15,False
stress,specialist,call_c21f9cf2390e|pink_snr10,1,6.507022035618623,0.9987814200928631,12,False
stress,specialist_silero,call_c21f9cf2390e|pink_snr10,1,5.244034056862195,0.9962004508818687,15,False
stress,orig_only,call_c21f9cf2390e|pink_snr10,1,3.640118674437205,0.9744221696493173,15,False
stress,robust_v2,call_c21f9cf2390e|pink_snr10,1,8.835771131515504,0.9999999999969238,15,False
stress,specialist,call_c21f9cf2390e|mulaw_codec,1,9.675306701660157,0.9999300785929018,15,False
stress,specialist_silero,call_c21f9cf2390e|mulaw_codec,1,7.560122579336166,0.999528547451318,16,False
stress,orig_only,call_c21f9cf2390e|mulaw_codec,1,5.8717361856251955,0.9971899421232115,16,False
stress,robust_v2,call_c21f9cf2390e|mulaw_codec,1,8.893902510404587,0.9999999999974161,16,False
stress,specialist,call_c21f9cf2390e|reverb_0.3s,1,0.41804371401667595,0.7709795143418353,16,False
stress,specialist_silero,call_c21f9cf2390e|reverb_0.3s,1,0.17261181558881486,0.7295538719007445,14,False
stress,orig_only,call_c21f9cf2390e|reverb_0.3s,1,-0.14333656430244446,0.46422708527822626,14,False
stress,robust_v2,call_c21f9cf2390e|reverb_0.3s,1,0.9871875047683716,0.9508071287930845,14,False
stress,specialist,call_c21f9cf2390e|tilt_-3dB_oct,1,-0.5262806529090518,0.5894385047870605,21,False
stress,specialist_silero,call_c21f9cf2390e|tilt_-3dB_oct,1,8.232168483734132,0.999742879476895,15,False
stress,orig_only,call_c21f9cf2390e|tilt_-3dB_oct,1,6.0751540184021,0.9977059825903682,15,False
stress,robust_v2,call_c21f9cf2390e|tilt_-3dB_oct,1,8.044948705037434,0.999999999967011,15,False
stress,specialist,call_c49b6face6c3|clean,1,9.779661238193512,0.9999363624711859,8,False
stress,specialist_silero,call_c49b6face6c3|clean,1,7.16449154747857,0.9993263885440365,9,False
stress,orig_only,call_c49b6face6c3|clean,1,6.834463053279453,0.9989251116891642,9,False
stress,robust_v2,call_c49b6face6c3|clean,1,11.23545429441664,0.9999999999999978,9,False
stress,specialist,call_c49b6face6c3|gain_-12dB,1,9.817055887646145,0.9999384740721824,9,False
stress,specialist_silero,call_c49b6face6c3|gain_-12dB,1,9.130533576011658,0.9998856849709,8,False
stress,orig_only,call_c49b6face6c3|gain_-12dB,1,7.450319051742554,0.9994190815305979,8,False
stress,robust_v2,call_c49b6face6c3|gain_-12dB,1,11.76446783542633,0.9999999999999996,8,False
stress,specialist,call_c49b6face6c3|lowpass_3400,1,9.990033447742462,0.9999473659134747,8,False
stress,specialist_silero,call_c49b6face6c3|lowpass_3400,1,9.692803382873535,0.9999311738976074,8,False
stress,orig_only,call_c49b6face6c3|lowpass_3400,1,7.531067967414856,0.9994641219755275,8,False
stress,robust_v2,call_c49b6face6c3|lowpass_3400,1,11.91315072774887,0.9999999999999998,8,False
stress,specialist,call_c49b6face6c3|lowpass_3000,1,10.265592694282532,0.9999589538498961,8,False
stress,specialist_silero,call_c49b6face6c3|lowpass_3000,1,10.406189739704132,0.9999638448242915,8,False
stress,orig_only,call_c49b6face6c3|lowpass_3000,1,7.52354022860527,0.9994600749905437,8,False
stress,robust_v2,call_c49b6face6c3|lowpass_3000,1,11.811773002147675,0.9999999999999996,8,False
stress,specialist,call_c49b6face6c3|pstn_300-3400,1,5.10250249505043,0.9956850313144665,8,False
stress,specialist_silero,call_c49b6face6c3|pstn_300-3400,1,4.136771887540817,0.9897463724305577,8,False
stress,orig_only,call_c49b6face6c3|pstn_300-3400,1,4.242739498615265,0.9858353439951132,8,False
stress,robust_v2,call_c49b6face6c3|pstn_300-3400,1,9.96560949087143,0.9999999999998963,8,False
stress,specialist,call_c49b6face6c3|white_snr20,1,9.123441484239367,0.9998849510631489,9,False
stress,specialist_silero,call_c49b6face6c3|white_snr20,1,5.62765681081348,0.9973093185997725,9,False
stress,orig_only,call_c49b6face6c3|white_snr20,1,5.230832139650981,0.994679388062789,9,False
stress,robust_v2,call_c49b6face6c3|white_snr20,1,11.625266498989529,0.9999999999999993,9,False
stress,specialist,call_c49b6face6c3|white_snr10,1,7.790153384208679,0.999616892547392,4,False
stress,specialist_silero,call_c49b6face6c3|white_snr10,1,2.6842577126291065,0.9629950122275279,9,False
stress,orig_only,call_c49b6face6c3|white_snr10,1,2.2430807616975574,0.9040520224559877,9,False
stress,robust_v2,call_c49b6face6c3|white_snr10,1,9.952840752071804,0.9999999999998923,9,False
stress,specialist,call_c49b6face6c3|pink_snr10,1,7.403765678405762,0.9994571400736928,5,False
stress,specialist_silero,call_c49b6face6c3|pink_snr10,1,3.809904807143741,0.9862766200745374,9,False
stress,orig_only,call_c49b6face6c3|pink_snr10,1,2.8523673332399793,0.9454409243212702,9,False
stress,robust_v2,call_c49b6face6c3|pink_snr10,1,8.3738341861301,0.999999999987701,9,False
stress,specialist,call_c49b6face6c3|mulaw_codec,1,9.812897443771362,0.9999382427588949,8,False
stress,specialist_silero,call_c49b6face6c3|mulaw_codec,1,7.102393786112468,0.9992875891524835,9,False
stress,orig_only,call_c49b6face6c3|mulaw_codec,1,6.793443189726935,0.9988801535079245,9,False
stress,robust_v2,call_c49b6face6c3|mulaw_codec,1,11.217813968658447,0.9999999999999976,9,False
stress,specialist,call_c49b6face6c3|reverb_0.3s,1,-0.1826150483555264,0.6619029036168342,9,False
stress,specialist_silero,call_c49b6face6c3|reverb_0.3s,1,-0.8335114320119222,0.52108354293495,9,False
stress,orig_only,call_c49b6face6c3|reverb_0.3s,1,-0.9782542602883445,0.2732383138776277,9,False
stress,robust_v2,call_c49b6face6c3|reverb_0.3s,1,2.016189008951187,0.997644319153919,9,False
stress,specialist,call_c49b6face6c3|tilt_-3dB_oct,1,-4.362495190218875,0.04309291345061154,19,False
stress,specialist_silero,call_c49b6face6c3|tilt_-3dB_oct,1,7.880560100078583,0.999646897647191,8,False
stress,orig_only,call_c49b6face6c3|tilt_-3dB_oct,1,6.570650935173035,0.9986010745042508,8,False
stress,robust_v2,call_c49b6face6c3|tilt_-3dB_oct,1,9.954684495925903,0.9999999999998928,8,False
stress,specialist,call_c4fc8a865292|clean,0,-8.182001316547394,0.0014319836223139536,20,False
stress,specialist_silero,call_c4fc8a865292|clean,0,-8.821103572845459,0.0008048740383375158,15,False
stress,orig_only,call_c4fc8a865292|clean,0,-6.082769926389059,0.0022766523687817496,15,False
stress,robust_v2,call_c4fc8a865292|clean,0,-7.90208067893982,5.0641888969138865e-11,15,False
stress,specialist,call_c4fc8a865292|gain_-12dB,0,-9.637115653355917,0.00038555934562563933,15,False
stress,specialist_silero,call_c4fc8a865292|gain_-12dB,0,-8.82324697971344,0.000803319910355118,15,False
stress,orig_only,call_c4fc8a865292|gain_-12dB,0,-5.808696564038595,0.0029923584938368526,15,False
stress,robust_v2,call_c4fc8a865292|gain_-12dB,0,-7.697879485289255,9.344590007078643e-11,15,False
stress,specialist,call_c4fc8a865292|lowpass_3400,0,-7.459522676467896,0.00274490351665538,20,False
stress,specialist_silero,call_c4fc8a865292|lowpass_3400,0,-8.416218294816858,0.0011594715586870843,17,False
stress,orig_only,call_c4fc8a865292|lowpass_3400,0,-5.5969281056348015,0.0036955330074110366,17,False
stress,robust_v2,call_c4fc8a865292|lowpass_3400,0,-7.09220790161806,5.750157377940189e-10,17,False
stress,specialist,call_c4fc8a865292|lowpass_3000,0,-7.062481796741485,0.0039230657458371445,20,False
stress,specialist_silero,call_c4fc8a865292|lowpass_3000,0,-7.725436761975288,0.0021605385499258918,16,False
stress,orig_only,call_c4fc8a865292|lowpass_3000,0,-5.310554511845112,0.004914911453069964,16,False
stress,robust_v2,call_c4fc8a865292|lowpass_3000,0,-7.4551369696855545,1.9356438703934527e-10,16,False
stress,specialist,call_c4fc8a865292|pstn_300-3400,0,-9.101632695449027,0.0006249691409673127,19,False
stress,specialist_silero,call_c4fc8a865292|pstn_300-3400,0,-9.674956211676964,0.00037261989518009827,13,False
stress,orig_only,call_c4fc8a865292|pstn_300-3400,0,-6.837266151721661,0.0010718827371154268,13,False
stress,robust_v2,call_c4fc8a865292|pstn_300-3400,0,-6.728943824768066,1.709899096591506e-09,13,False
stress,specialist,call_c4fc8a865292|white_snr20,0,-7.324601721763611,0.003099218580296215,10,False
stress,specialist_silero,call_c4fc8a865292|white_snr20,0,-6.438699923455715,0.006867806428915575,16,False
stress,orig_only,call_c4fc8a865292|white_snr20,0,-4.148808050900698,0.015537978762746528,16,False
stress,robust_v2,call_c4fc8a865292|white_snr20,0,-4.969128616154194,3.355864683117197e-07,16,False
stress,specialist,call_c4fc8a865292|white_snr10,0,-6.889169216156006,0.0045841991998131,2,False
stress,specialist_silero,call_c4fc8a865292|white_snr10,0,-4.962411875836551,0.0255373863725945,16,False
stress,orig_only,call_c4fc8a865292|white_snr10,0,-3.647644688375294,0.025390923188185206,16,False
stress,robust_v2,call_c4fc8a865292|white_snr10,0,-1.715319398790598,0.0057891824305321814,16,False
stress,specialist,call_c4fc8a865292|pink_snr10,0,-8.750013078962054,0.0008581578785625182,7,False
stress,specialist_silero,call_c4fc8a865292|pink_snr10,0,-7.41883547231555,0.0028472722865469846,16,False
stress,orig_only,call_c4fc8a865292|pink_snr10,0,-5.135284896939993,0.005850939570355363,16,False
stress,robust_v2,call_c4fc8a865292|pink_snr10,0,-4.340170426294208,2.2144344966425043e-06,16,False
stress,specialist,call_c4fc8a865292|mulaw_codec,0,-8.423054897785187,0.0011523482150808855,20,False
stress,specialist_silero,call_c4fc8a865292|mulaw_codec,0,-8.564742341637611,0.0010141737636617898,16,False
stress,orig_only,call_c4fc8a865292|mulaw_codec,0,-5.866638448089361,0.00282437882646288,16,False
stress,robust_v2,call_c4fc8a865292|mulaw_codec,0,-7.596485160291195,1.2666751164710844e-10,16,False
stress,specialist,call_c4fc8a865292|reverb_0.3s,0,-8.128344229857127,0.0015029238337780446,15,False
stress,specialist_silero,call_c4fc8a865292|reverb_0.3s,0,-7.105859696865082,0.003773027205488926,12,False
stress,orig_only,call_c4fc8a865292|reverb_0.3s,0,-5.219846804936727,0.005379066725613161,12,False
stress,robust_v2,call_c4fc8a865292|reverb_0.3s,0,-4.138728002707164,4.0524534887250225e-06,12,False
stress,specialist,call_c4fc8a865292|tilt_-3dB_oct,0,-10.764725162869407,0.00013939755709831576,21,False
stress,specialist_silero,call_c4fc8a865292|tilt_-3dB_oct,0,-8.511444509029388,0.0010640931362157964,16,False
stress,orig_only,call_c4fc8a865292|tilt_-3dB_oct,0,-5.755492150783539,0.0031553605833902413,16,False
stress,robust_v2,call_c4fc8a865292|tilt_-3dB_oct,0,-7.6322594210505486,1.1377727993281017e-10,16,False
stress,specialist,call_ca184bb77a63|clean,0,-9.905574062596196,0.0003026290357938844,23,False
stress,specialist_silero,call_ca184bb77a63|clean,0,-8.6561359167099,0.0009339581983146238,20,False
stress,orig_only,call_ca184bb77a63|clean,0,-5.192887854576111,0.005525240980441911,20,False
stress,robust_v2,call_ca184bb77a63|clean,0,-5.970549070835114,1.663682493187697e-08,20,False
stress,specialist,call_ca184bb77a63|gain_-12dB,0,-8.157315906356363,0.0014641951788839764,17,False
stress,specialist_silero,call_ca184bb77a63|gain_-12dB,0,-8.022335078981188,0.0016535583399799483,18,False
stress,orig_only,call_ca184bb77a63|gain_-12dB,0,-4.989481833246019,0.006763140354762588,18,False
stress,robust_v2,call_ca184bb77a63|gain_-12dB,0,-6.071090910169813,1.230484508458266e-08,18,False
stress,specialist,call_ca184bb77a63|lowpass_3400,0,-8.734215611996857,0.0008704690418475769,23,False
stress,specialist_silero,call_ca184bb77a63|lowpass_3400,0,-7.882927358150482,0.0018748270127487868,20,False
stress,orig_only,call_ca184bb77a63|lowpass_3400,0,-4.834947109222412,0.007884450061378627,20,False
stress,robust_v2,call_ca184bb77a63|lowpass_3400,0,-5.306039595603943,1.2213743511162178e-07,20,False
stress,specialist,call_ca184bb77a63|lowpass_3000,0,-7.17209105387978,0.0035548969852343374,23,False
stress,specialist_silero,call_ca184bb77a63|lowpass_3000,0,-6.762484397206988,0.0051365779637956846,21,False
stress,orig_only,call_ca184bb77a63|lowpass_3000,0,-4.381746110462007,0.012349099985864016,21,False
stress,robust_v2,call_ca184bb77a63|lowpass_3000,0,-4.902047245984986,4.103964684158101e-07,21,False
stress,specialist,call_ca184bb77a63|pstn_300-3400,0,-10.004510792818936,0.0002767869655917457,22,False
stress,specialist_silero,call_ca184bb77a63|pstn_300-3400,0,-9.624613784608387,0.0003899322727758309,21,False
stress,orig_only,call_ca184bb77a63|pstn_300-3400,0,-5.6209046840667725,0.0036082964838037353,21,False
stress,robust_v2,call_ca184bb77a63|pstn_300-3400,0,-5.188664904662541,1.7368979994450365e-07,21,False
stress,specialist,call_ca184bb77a63|white_snr20,0,-0.1538821075643812,0.6676811410277264,14,False
stress,specialist_silero,call_ca184bb77a63|white_snr20,0,-3.0303822606801987,0.1303143501981234,15,False
stress,orig_only,call_ca184bb77a63|white_snr20,0,-2.1614627674221993,0.10326491869982138,15,False
stress,robust_v2,call_ca184bb77a63|white_snr20,0,-1.8609333237012227,0.003747917488585643,15,False
stress,specialist,call_ca184bb77a63|white_snr10,0,-0.5057755878993443,0.5939091534445664,7,False
stress,specialist_silero,call_ca184bb77a63|white_snr10,0,-2.983662161843053,0.13516766865247384,14,False
stress,orig_only,call_ca184bb77a63|white_snr10,0,-2.8506284366760934,0.05464884161507398,14,False
stress,robust_v2,call_ca184bb77a63|white_snr10,0,-0.6944435717804092,0.11072757575788113,14,False
stress,specialist,call_ca184bb77a63|pink_snr10,0,-2.819373676410088,0.15345480662912936,13,False
stress,specialist_silero,call_ca184bb77a63|pink_snr10,0,-5.538316760744367,0.015345506805674144,14,False
stress,orig_only,call_ca184bb77a63|pink_snr10,0,-4.3490287491253445,0.012754573566715178,14,False
stress,robust_v2,call_ca184bb77a63|pink_snr10,0,-4.153817638754845,3.8730943786666056e-06,14,False
stress,specialist,call_ca184bb77a63|mulaw_codec,0,-9.44760000705719,0.00045744270262412356,22,False
stress,specialist_silero,call_ca184bb77a63|mulaw_codec,0,-9.015786681856428,0.000675277475626198,21,False
stress,orig_only,call_ca184bb77a63|mulaw_codec,0,-5.399572656268165,0.00449818638080637,21,False
stress,robust_v2,call_ca184bb77a63|mulaw_codec,0,-5.846860522315616,2.4111387659520834e-08,21,False
stress,specialist,call_ca184bb77a63|reverb_0.3s,0,-10.13700530840003,0.0002456013346408184,23,False
stress,specialist_silero,call_ca184bb77a63|reverb_0.3s,0,-9.243213229709202,0.0005500492736513578,18,False
stress,orig_only,call_ca184bb77a63|reverb_0.3s,0,-6.459377551244365,0.0015633222156790432,18,False
stress,robust_v2,call_ca184bb77a63|reverb_0.3s,0,-6.836245391103956,1.2392788804092942e-09,18,False
stress,specialist,call_ca184bb77a63|tilt_-3dB_oct,0,-8.759904476729306,0.0008505381127721631,22,False
stress,specialist_silero,call_ca184bb77a63|tilt_-3dB_oct,0,-9.478899428718968,0.0004447081432067738,19,False
stress,orig_only,call_ca184bb77a63|tilt_-3dB_oct,0,-6.185531026438663,0.0020547770724831677,19,False
stress,robust_v2,call_ca184bb77a63|tilt_-3dB_oct,0,-5.913928609145315,1.9716975984893183e-08,19,False
stress,specialist,call_cf313f91b995|clean,0,-10.784931182861328,0.0001368790332410525,7,False
stress,specialist_silero,call_cf313f91b995|clean,0,-10.021214127540588,0.00027264711690229405,8,False
stress,orig_only,call_cf313f91b995|clean,0,-7.133021533489227,0.0007976668581634296,8,False
stress,robust_v2,call_cf313f91b995|clean,0,-8.021888345479965,3.5352039298183955e-11,8,False
stress,specialist,call_cf313f91b995|gain_-12dB,0,-10.489245772361755,0.00017873371105220858,8,False
stress,specialist_silero,call_cf313f91b995|gain_-12dB,0,-9.980583190917969,0.0002828270441275433,8,False
stress,orig_only,call_cf313f91b995|gain_-12dB,0,-7.0238595604896545,0.0008895902925291596,8,False
stress,robust_v2,call_cf313f91b995|gain_-12dB,0,-7.814599335193634,6.583970727028214e-11,8,False
stress,specialist,call_cf313f91b995|lowpass_3400,0,-10.316139016832624,0.00020894834087712902,7,False
stress,specialist_silero,call_cf313f91b995|lowpass_3400,0,-10.073606422969274,0.00026005925345868426,7,False
stress,orig_only,call_cf313f91b995|lowpass_3400,0,-7.790198734828404,0.00041359950983298313,7,False
stress,robust_v2,call_cf313f91b995|lowpass_3400,0,-8.463704449789864,9.392464948040421e-12,7,False
stress,specialist,call_cf313f91b995|lowpass_3000,0,-8.398282051086426,0.0011783698426103607,7,False
stress,specialist_silero,call_cf313f91b995|lowpass_3000,0,-7.999488251549857,0.0016879473618622166,7,False
stress,orig_only,call_cf313f91b995|lowpass_3000,0,-6.608272450310843,0.001347343097194206,7,False
stress,robust_v2,call_cf313f91b995|lowpass_3000,0,-7.0390457425798685,6.744407895031115e-10,7,False
stress,specialist,call_cf313f91b995|pstn_300-3400,0,-11.88253048488072,5.083855143995441e-05,7,False
stress,specialist_silero,call_cf313f91b995|pstn_300-3400,0,-11.971116610935756,4.693268289198257e-05,7,False
stress,orig_only,call_cf313f91b995|pstn_300-3400,0,-8.852409430912562,0.00014301622717880099,7,False
stress,robust_v2,call_cf313f91b995|pstn_300-3400,0,-6.534357275281634,3.065448867320735e-09,7,False
stress,specialist,call_cf313f91b995|white_snr20,0,-5.455925598740578,0.016510438947955963,8,False
stress,specialist_silero,call_cf313f91b995|white_snr20,0,-6.179369583725929,0.00866306129546143,8,False
stress,orig_only,call_cf313f91b995|white_snr20,0,-4.727011829614639,0.008775199647287027,8,False
stress,robust_v2,call_cf313f91b995|white_snr20,0,-5.078049898147583,2.420431220230296e-07,8,False
stress,specialist,call_cf313f91b995|white_snr10,0,-3.945758104324341,0.06155672598037631,2,False
stress,specialist_silero,call_cf313f91b995|white_snr10,0,-7.249622072492327,0.0033154669084733287,7,False
stress,orig_only,call_cf313f91b995|white_snr10,0,-5.816103560583932,0.0029703415808765457,7,False
stress,robust_v2,call_cf313f91b995|white_snr10,0,-3.654585157121931,1.7317850123278163e-05,7,False
stress,specialist,call_cf313f91b995|pink_snr10,0,-5.374966902658343,0.01773967015692481,8,False
stress,specialist_silero,call_cf313f91b995|pink_snr10,0,-5.1416295170784,0.02180696462561296,8,False
stress,orig_only,call_cf313f91b995|pink_snr10,0,-4.901814728975296,0.0073782387430607575,8,False
stress,robust_v2,call_cf313f91b995|pink_snr10,0,-4.496450379490852,1.3856343287073605e-06,8,False
stress,specialist,call_cf313f91b995|mulaw_codec,0,-10.6523791040693,0.00015426961492000235,7,False
stress,specialist_silero,call_cf313f91b995|mulaw_codec,0,-10.0744469165802,0.00025986212361176235,8,False
stress,orig_only,call_cf313f91b995|mulaw_codec,0,-7.113619148731232,0.0008132819053025661,8,False
stress,robust_v2,call_cf313f91b995|mulaw_codec,0,-8.009771764278412,3.666071783347691e-11,8,False
stress,specialist,call_cf313f91b995|reverb_0.3s,0,-10.668480634689331,0.00015204449594827675,7,False
stress,specialist_silero,call_cf313f91b995|reverb_0.3s,0,-11.394027165004186,7.900227782812195e-05,7,False
stress,orig_only,call_cf313f91b995|reverb_0.3s,0,-8.298807076045446,0.0002487515729416141,7,False
stress,robust_v2,call_cf313f91b995|reverb_0.3s,0,-7.387395007269723,2.3718397216867825e-10,7,False
stress,specialist,call_cf313f91b995|tilt_-3dB_oct,0,-9.866745846612114,0.0003134179140153015,14,False
stress,specialist_silero,call_cf313f91b995|tilt_-3dB_oct,0,-11.088302314281464,0.00010410010919640596,8,False
stress,orig_only,call_cf313f91b995|tilt_-3dB_oct,0,-8.35583871603012,0.00023496506634879992,8,False
stress,robust_v2,call_cf313f91b995|tilt_-3dB_oct,0,-9.14835798740387,1.204358612818266e-12,8,False
stress,specialist,call_d4518fcb700a|clean,1,11.864630356431007,0.9999903043570053,16,False
stress,specialist_silero,call_d4518fcb700a|clean,1,9.70707937081655,0.9999320548622533,18,False
stress,orig_only,call_d4518fcb700a|clean,1,7.962939865059322,0.9996519929892775,18,False
stress,robust_v2,call_d4518fcb700a|clean,1,11.047950347264608,0.999999999999996,18,False
stress,specialist,call_d4518fcb700a|gain_-12dB,1,12.333473712205887,0.9999936492545869,16,False
stress,specialist_silero,call_d4518fcb700a|gain_-12dB,1,11.363857686519623,0.9999847650299933,16,False
stress,orig_only,call_d4518fcb700a|gain_-12dB,1,8.862981081008911,0.9998584875138609,16,False
stress,robust_v2,call_d4518fcb700a|gain_-12dB,1,12.021877087652683,0.9999999999999998,16,False
stress,specialist,call_d4518fcb700a|lowpass_3400,1,12.130159795284271,0.9999923702766148,16,False
stress,specialist_silero,call_d4518fcb700a|lowpass_3400,1,11.366075575351715,0.9999847954923461,16,False
stress,orig_only,call_d4518fcb700a|lowpass_3400,1,8.750926196575165,0.9998417104328283,16,False
stress,robust_v2,call_d4518fcb700a|lowpass_3400,1,12.055505648255348,0.9999999999999998,16,False
stress,specialist,call_d4518fcb700a|lowpass_3000,1,12.897059351205826,0.9999961810833703,16,False
stress,specialist_silero,call_d4518fcb700a|lowpass_3000,1,11.842726314769072,0.9999901107953673,17,False
stress,orig_only,call_d4518fcb700a|lowpass_3000,1,8.449978639097775,0.999786140761035,17,False
stress,robust_v2,call_d4518fcb700a|lowpass_3000,1,11.881606410531436,0.9999999999999998,17,False
stress,specialist,call_d4518fcb700a|pstn_300-3400,1,5.712588634341955,0.9975073503055454,16,False
stress,specialist_silero,call_d4518fcb700a|pstn_300-3400,1,6.349319934844971,0.998595307947335,14,False
stress,orig_only,call_d4518fcb700a|pstn_300-3400,1,5.623662744249616,0.9964016059421817,14,False
stress,robust_v2,call_d4518fcb700a|pstn_300-3400,1,11.928701894623893,0.9999999999999998,14,False
stress,specialist,call_d4518fcb700a|white_snr20,1,10.120244643267464,0.9999532010547951,17,False
stress,specialist_silero,call_d4518fcb700a|white_snr20,1,7.955953229876125,0.9996701154812003,17,False
stress,orig_only,call_d4518fcb700a|white_snr20,1,6.345263915903428,0.9982480352685472,17,False
stress,robust_v2,call_d4518fcb700a|white_snr20,1,11.06482299636392,0.9999999999999962,17,False
stress,specialist,call_d4518fcb700a|white_snr10,1,6.269689559936523,0.9984908057655876,2,False
stress,specialist_silero,call_d4518fcb700a|white_snr10,1,4.515522958601222,0.9926932355406857,17,False
stress,orig_only,call_d4518fcb700a|white_snr10,1,3.188420609516256,0.960396191446394,17,False
stress,robust_v2,call_d4518fcb700a|white_snr10,1,9.442649041905122,0.999999999999502,17,False
stress,specialist,call_d4518fcb700a|pink_snr10,1,5.513584627824671,0.997018438305065,17,False
stress,specialist_silero,call_d4518fcb700a|pink_snr10,1,4.54783757776022,0.9929017501647536,16,False
stress,orig_only,call_d4518fcb700a|pink_snr10,1,3.442470258101821,0.9690057925181293,16,False
stress,robust_v2,call_d4518fcb700a|pink_snr10,1,8.981767356395721,0.9999999999980147,16,False
stress,specialist,call_d4518fcb700a|mulaw_codec,1,11.860766172409058,0.9999902704873423,16,False
stress,specialist_silero,call_d4518fcb700a|mulaw_codec,1,9.7255007425944,0.9999331749953198,18,False
stress,orig_only,call_d4518fcb700a|mulaw_codec,1,7.972086985905965,0.9996551606441985,18,False
stress,robust_v2,call_d4518fcb700a|mulaw_codec,1,11.09595795472463,0.9999999999999964,18,False
stress,specialist,call_d4518fcb700a|reverb_0.3s,1,1.3172562893699198,0.8834325506622468,17,False
stress,specialist_silero,call_d4518fcb700a|reverb_0.3s,1,1.8055215552449226,0.9217222074050595,16,False
stress,orig_only,call_d4518fcb700a|reverb_0.3s,1,1.2499870378524065,0.7772976173568279,16,False
stress,robust_v2,call_d4518fcb700a|reverb_0.3s,1,1.7457987652160227,0.9947140150021416,16,False
stress,specialist,call_d4518fcb700a|tilt_-3dB_oct,1,8.19387936592102,0.9997338420533288,19,False
stress,specialist_silero,call_d4518fcb700a|tilt_-3dB_oct,1,10.526590515585507,0.9999675672688023,17,False
stress,orig_only,call_d4518fcb700a|tilt_-3dB_oct,1,8.178248251185698,0.9997193855528576,17,False
stress,robust_v2,call_d4518fcb700a|tilt_-3dB_oct,1,10.521432568045224,0.9999999999999805,17,False
stress,specialist,call_d60330be1b1f|clean,0,-10.19431964556376,0.00023322383983232693,12,False
stress,specialist_silero,call_d60330be1b1f|clean,0,-10.256024544055645,0.00022059439872027596,13,False
stress,orig_only,call_d60330be1b1f|clean,0,-6.792062979478103,0.0011213914483689667,13,False
stress,robust_v2,call_d60330be1b1f|clean,0,-8.85457937534039,2.9074691355795175e-12,13,False
stress,specialist,call_d60330be1b1f|gain_-12dB,0,-10.436563675220196,0.0001874348492798189,13,False
stress,specialist_silero,call_d60330be1b1f|gain_-12dB,0,-10.409843664902906,0.00019200861050165189,13,False
stress,orig_only,call_d60330be1b1f|gain_-12dB,0,-6.872428307166467,0.0010348862835010805,13,False
stress,robust_v2,call_d60330be1b1f|gain_-12dB,0,-9.033979709331806,1.697373383920884e-12,13,False
stress,specialist,call_d60330be1b1f|lowpass_3400,0,-9.288231213887533,0.0005281621161623588,12,False
stress,specialist_silero,call_d60330be1b1f|lowpass_3400,0,-8.894835545466496,0.0007531001159814865,13,False
stress,orig_only,call_d60330be1b1f|lowpass_3400,0,-6.062596421975356,0.0023229390498332465,13,False
stress,robust_v2,call_d60330be1b1f|lowpass_3400,0,-7.641480500881489,1.1067296742306188e-10,13,False
stress,specialist,call_d60330be1b1f|lowpass_3000,0,-8.194493412971497,0.0014159535486401248,12,False
stress,specialist_silero,call_d60330be1b1f|lowpass_3000,0,-8.254462773983295,0.0013414598046693612,13,False
stress,orig_only,call_d60330be1b1f|lowpass_3000,0,-5.990680318612319,0.002495717152376736,13,False
stress,robust_v2,call_d60330be1b1f|lowpass_3000,0,-7.995708982531841,3.824046194625712e-11,13,False
stress,specialist,call_d60330be1b1f|pstn_300-3400,0,-12.670603935535137,2.4965224058120153e-05,13,False
stress,specialist_silero,call_d60330be1b1f|pstn_300-3400,0,-11.850933991945707,5.230896351446555e-05,13,False
stress,orig_only,call_d60330be1b1f|pstn_300-3400,0,-8.151908801152157,0.00028810172039197293,13,False
stress,robust_v2,call_d60330be1b1f|pstn_300-3400,0,-7.606155778353031,1.2304544771525374e-10,13,False
stress,specialist,call_d60330be1b1f|white_snr20,0,-3.89226235250632,0.06440532434469344,15,False
stress,specialist_silero,call_d60330be1b1f|white_snr20,0,-4.528253078460693,0.037329188305096725,13,False
stress,orig_only,call_d60330be1b1f|white_snr20,0,-3.1038199617312503,0.042949959985268675,13,False
stress,robust_v2,call_d60330be1b1f|white_snr20,0,-3.8587430142439327,9.38649663878416e-06,13,False
stress,specialist,call_d60330be1b1f|white_snr10,0,2.080887794494629,0.9378759353666929,1,False
stress,specialist_silero,call_d60330be1b1f|white_snr10,0,-5.372821292051902,0.01777344177558659,13,False
stress,orig_only,call_d60330be1b1f|white_snr10,0,-4.078026372652787,0.016658655561064894,13,False
stress,robust_v2,call_d60330be1b1f|white_snr10,0,-0.5518001570151403,0.16038039564056178,13,False
stress,specialist,call_d60330be1b1f|pink_snr10,0,-5.846887111663818,0.011659137218601009,8,False
stress,specialist_silero,call_d60330be1b1f|pink_snr10,0,-6.090462611271785,0.009379991090046851,13,False
stress,orig_only,call_d60330be1b1f|pink_snr10,0,-4.693411558866501,0.009072337766777846,13,False
stress,robust_v2,call_d60330be1b1f|pink_snr10,0,-3.4030678134698134,3.682843689367685e-05,13,False
stress,specialist,call_d60330be1b1f|mulaw_codec,0,-10.25528883934021,0.00022074087575780918,12,False
stress,specialist_silero,call_d60330be1b1f|mulaw_codec,0,-10.411220330458422,0.0001917702582091861,13,False
stress,orig_only,call_d60330be1b1f|mulaw_codec,0,-6.848644843468299,0.0010597680945563695,13,False
stress,robust_v2,call_d60330be1b1f|mulaw_codec,0,-8.940764977381779,2.245046387986498e-12,13,False
stress,specialist,call_d60330be1b1f|reverb_0.3s,0,-9.39655343691508,0.0004789983037737993,12,False
stress,specialist_silero,call_d60330be1b1f|reverb_0.3s,0,-6.742923319339752,0.005227580300432406,11,False
stress,orig_only,call_d60330be1b1f|reverb_0.3s,0,-6.946701970967379,0.000960877805358628,11,False
stress,robust_v2,call_d60330be1b1f|reverb_0.3s,0,-6.982398389415308,7.993716222881597e-10,11,False
stress,specialist,call_d60330be1b1f|tilt_-3dB_oct,0,-10.405622558934349,0.00019274128979795995,28,False
stress,specialist_silero,call_d60330be1b1f|tilt_-3dB_oct,0,-8.431722310873178,0.0011433800786371817,13,False
stress,orig_only,call_d60330be1b1f|tilt_-3dB_oct,0,-5.743555921774644,0.0031931283809167503,13,False
stress,robust_v2,call_d60330be1b1f|tilt_-3dB_oct,0,-7.662807776377751,1.038136833984413e-10,13,False
stress,specialist,call_d88d3c23953c|clean,1,10.48981323838234,0.9999664728117209,16,False
stress,specialist_silero,call_d88d3c23953c|clean,1,9.16163620154063,0.9998888486656686,15,False
stress,orig_only,call_d88d3c23953c|clean,1,7.4582230806350704,0.999423652392699,15,False
stress,robust_v2,call_d88d3c23953c|clean,1,10.141143953800201,0.9999999999999387,15,False
stress,specialist,call_d88d3c23953c|gain_-12dB,1,10.495520681142807,0.9999666450499136,16,False
stress,specialist_silero,call_d88d3c23953c|gain_-12dB,1,8.936040711402892,0.9998637547959173,15,False
stress,orig_only,call_d88d3c23953c|gain_-12dB,1,7.321280121803284,0.999339121943398,15,False
stress,robust_v2,call_d88d3c23953c|gain_-12dB,1,10.025229728221893,0.9999999999999132,15,False
stress,specialist,call_d88d3c23953c|lowpass_3400,1,10.587644062936306,0.9999693058497666,16,False
stress,specialist_silero,call_d88d3c23953c|lowpass_3400,1,8.979642295837403,0.9998690110152543,15,False
stress,orig_only,call_d88d3c23953c|lowpass_3400,1,7.282665689786275,0.9993131212714386,15,False
stress,robust_v2,call_d88d3c23953c|lowpass_3400,1,10.072589135169983,0.9999999999999247,15,False
stress,specialist,call_d88d3c23953c|lowpass_3000,1,11.24680182337761,0.9999830676019982,16,False
stress,specialist_silero,call_d88d3c23953c|lowpass_3000,1,9.927129737536113,0.999944291745511,15,False
stress,orig_only,call_d88d3c23953c|lowpass_3000,1,7.625184265772502,0.9995122327204615,15,False
stress,robust_v2,call_d88d3c23953c|lowpass_3000,1,10.33897381623586,0.9999999999999662,15,False
stress,specialist,call_d88d3c23953c|pstn_300-3400,1,3.6416760912308326,0.9840625517774823,13,False
stress,specialist_silero,call_d88d3c23953c|pstn_300-3400,1,2.1200839706829617,0.9399052643147511,14,False
stress,orig_only,call_d88d3c23953c|pstn_300-3400,1,3.4037236869335175,0.9678207072494212,14,False
stress,robust_v2,call_d88d3c23953c|pstn_300-3400,1,8.28341960481235,0.9999999999838687,14,False
stress,specialist,call_d88d3c23953c|white_snr20,1,9.651199966669083,0.9999285408866773,16,False
stress,specialist_silero,call_d88d3c23953c|white_snr20,1,5.768065109848976,0.9976287831696777,16,False
stress,orig_only,call_d88d3c23953c|white_snr20,1,4.922624818980694,0.9927726182460738,16,False
stress,robust_v2,call_d88d3c23953c|white_snr20,1,9.197142601013184,0.9999999999989597,16,False
stress,specialist,call_d88d3c23953c|white_snr10,1,6.287426233291626,0.9985147347289496,3,False
stress,specialist_silero,call_d88d3c23953c|white_snr10,1,4.051930446835125,0.9889394895364366,17,False
stress,orig_only,call_d88d3c23953c|white_snr10,1,2.644213722032659,0.9336534595171926,17,False
stress,robust_v2,call_d88d3c23953c|white_snr10,1,8.270984004525577,0.9999999999832556,17,False
stress,specialist,call_d88d3c23953c|pink_snr10,1,7.986468553543091,0.9996790732024199,12,False
stress,specialist_silero,call_d88d3c23953c|pink_snr10,1,5.11457213233499,0.9957315764497743,17,False
stress,orig_only,call_d88d3c23953c|pink_snr10,1,3.442305525436121,0.9690008446263798,17,False
stress,robust_v2,call_d88d3c23953c|pink_snr10,1,7.914100892403546,0.9999999999511517,17,False
stress,specialist,call_d88d3c23953c|mulaw_codec,1,10.396272286772728,0.9999635197946831,16,False
stress,specialist_silero,call_d88d3c23953c|mulaw_codec,1,8.970737683773041,0.9998679542906707,15,False
stress,orig_only,call_d88d3c23953c|mulaw_codec,1,7.3436374743779504,0.9993537240377581,15,False
stress,robust_v2,call_d88d3c23953c|mulaw_codec,1,9.985167360305786,0.9999999999999021,15,False
stress,specialist,call_d88d3c23953c|reverb_0.3s,1,2.7329458234941257,0.9645293311567911,17,False
stress,specialist_silero,call_d88d3c23953c|reverb_0.3s,1,2.8622469380497932,0.9683121730387642,16,False
stress,orig_only,call_d88d3c23953c|reverb_0.3s,1,1.6444085082039237,0.8381339116035483,16,False
stress,robust_v2,call_d88d3c23953c|reverb_0.3s,1,1.7944257408380508,0.9954282510909043,16,False
stress,specialist,call_d88d3c23953c|tilt_-3dB_oct,1,9.742467308044434,0.9999341903247488,15,False
stress,specialist_silero,call_d88d3c23953c|tilt_-3dB_oct,1,9.194305432694298,0.9998920774843961,14,False
stress,orig_only,call_d88d3c23953c|tilt_-3dB_oct,1,7.142587287085397,0.9992099210480456,14,False
stress,robust_v2,call_d88d3c23953c|tilt_-3dB_oct,1,9.12945591551917,0.9999999999987255,14,False
stress,specialist,call_dc1a55102190|clean,0,-12.278831481933594,3.5553135164595875e-05,10,False
stress,specialist_silero,call_dc1a55102190|clean,0,-11.618148708343506,6.453660809495232e-05,10,False
stress,orig_only,call_dc1a55102190|clean,0,-7.207820630073547,0.0007402214752635188,10,False
stress,robust_v2,call_dc1a55102190|clean,0,-9.244444108009338,9.027485652824144e-13,10,False
stress,specialist,call_dc1a55102190|gain_-12dB,0,-11.204211365092885,9.376214681790224e-05,11,False
stress,specialist_silero,call_dc1a55102190|gain_-12dB,0,-11.57654972076416,6.70052633785609e-05,10,False
stress,orig_only,call_dc1a55102190|gain_-12dB,0,-7.220076942443848,0.0007312110535328662,10,False
stress,robust_v2,call_dc1a55102190|gain_-12dB,0,-9.171542358398437,1.1234384654430408e-12,10,False
stress,specialist,call_dc1a55102190|lowpass_3400,0,-11.009242725372314,0.00011179788740609295,10,False
stress,specialist_silero,call_dc1a55102190|lowpass_3400,0,-10.334785196516249,0.00020546244902136488,9,False
stress,orig_only,call_dc1a55102190|lowpass_3400,0,-7.0167678727044,0.0008959157396179616,9,False
stress,robust_v2,call_dc1a55102190|lowpass_3400,0,-8.275117496649424,1.6538130033244507e-11,9,False
stress,specialist,call_dc1a55102190|lowpass_3000,0,-8.845629262924195,0.0007872691596414121,10,False
stress,specialist_silero,call_dc1a55102190|lowpass_3000,0,-8.560703648461235,0.0010178731173539927,9,False
stress,orig_only,call_dc1a55102190|lowpass_3000,0,-6.006071620517307,0.002457692596280926,9,False
stress,robust_v2,call_dc1a55102190|lowpass_3000,0,-7.241677151785956,3.6723047939995207e-10,9,False
stress,specialist,call_dc1a55102190|pstn_300-3400,0,-13.219677639007568,1.5210438326131898e-05,10,False
stress,specialist_silero,call_dc1a55102190|pstn_300-3400,0,-13.124338573879665,1.6577051708910985e-05,9,False
stress,orig_only,call_dc1a55102190|pstn_300-3400,0,-8.315810786353218,0.00024455865625969174,9,False
stress,robust_v2,call_dc1a55102190|pstn_300-3400,0,-8.470860209729937,9.192983101883515e-12,9,False
stress,specialist,call_dc1a55102190|white_snr20,0,-6.109796126683553,0.009219248535922826,12,False
stress,specialist_silero,call_dc1a55102190|white_snr20,0,-8.539414358139037,0.001037597609162745,10,False
stress,orig_only,call_dc1a55102190|white_snr20,0,-5.37667486667633,0.004601893721077715,10,False
stress,robust_v2,call_dc1a55102190|white_snr20,0,-7.037629890441894,6.773116074668533e-10,10,False
stress,specialist,call_dc1a55102190|white_snr10,0,-3.4861345291137695,0.09034120416141928,3,False
stress,specialist_silero,call_dc1a55102190|white_snr10,0,-6.628889560699463,0.005790923814815574,9,False
stress,orig_only,call_dc1a55102190|white_snr10,0,-4.680332978566487,0.009190672700857813,9,False
stress,robust_v2,call_dc1a55102190|white_snr10,0,-3.140799793932173,8.08851532741016e-05,9,False
stress,specialist,call_dc1a55102190|pink_snr10,0,-6.648707628250122,0.005688858815892337,8,False
stress,specialist_silero,call_dc1a55102190|pink_snr10,0,-7.360068745083279,0.0030018849845112796,9,False
stress,orig_only,call_dc1a55102190|pink_snr10,0,-5.638823456234402,0.0035444432062478565,9,False
stress,robust_v2,call_dc1a55102190|pink_snr10,0,-3.7335932014716997,1.3663353066679963e-05,9,False
stress,specialist,call_dc1a55102190|mulaw_codec,0,-12.142743062973022,4.0198782609203636e-05,10,False
stress,specialist_silero,call_dc1a55102190|mulaw_codec,0,-11.740218257904052,5.780513877876127e-05,10,False
stress,orig_only,call_dc1a55102190|mulaw_codec,0,-7.310925436019898,0.0006677522000451999,10,False
stress,robust_v2,call_dc1a55102190|mulaw_codec,0,-9.346029210090638,6.655999168872701e-13,10,False
stress,specialist,call_dc1a55102190|reverb_0.3s,0,-9.14220838546753,0.0006025117742003623,10,False
stress,specialist_silero,call_dc1a55102190|reverb_0.3s,0,-7.4936990473005505,0.0026617580491732763,9,False
stress,orig_only,call_dc1a55102190|reverb_0.3s,0,-6.828789790471395,0.0010809971548117717,9,False
stress,robust_v2,call_dc1a55102190|reverb_0.3s,0,-7.042568160427941,6.673513267312989e-10,9,False
stress,specialist,call_dc1a55102190|tilt_-3dB_oct,0,-9.620989371091127,0.0003912092720901279,32,False
stress,specialist_silero,call_dc1a55102190|tilt_-3dB_oct,0,-10.186747074127197,0.00023482274369422045,9,False
stress,orig_only,call_dc1a55102190|tilt_-3dB_oct,0,-6.618797726101345,0.0013332551166103156,9,False
stress,robust_v2,call_dc1a55102190|tilt_-3dB_oct,0,-8.931112349033356,2.3110086374570455e-12,9,False
stress,specialist,call_e2d538297f0c|clean,0,-6.464438104111215,0.006711181584181771,23,False
stress,specialist_silero,call_e2d538297f0c|clean,0,-6.596459892663089,0.005961880930738299,22,False
stress,orig_only,call_e2d538297f0c|clean,0,-4.932103457775983,0.007159687822554375,22,False
stress,robust_v2,call_e2d538297f0c|clean,0,-7.263164081356742,3.4430533709403696e-10,22,False
stress,specialist,call_e2d538297f0c|gain_-12dB,0,-6.528797667473555,0.006334890270494104,24,False
stress,specialist_silero,call_e2d538297f0c|gain_-12dB,0,-6.258388293060389,0.008071619504032153,22,False
stress,orig_only,call_e2d538297f0c|gain_-12dB,0,-4.633315313946117,0.009628856272110574,22,False
stress,robust_v2,call_e2d538297f0c|gain_-12dB,0,-6.873887078328566,1.1069456998016864e-09,22,False
stress,specialist,call_e2d538297f0c|lowpass_3400,0,-4.849435373492863,0.0282011253547459,23,False
stress,specialist_silero,call_e2d538297f0c|lowpass_3400,0,-4.919388800859451,0.026521591716732937,22,False
stress,orig_only,call_e2d538297f0c|lowpass_3400,0,-4.239627911285921,0.014208172016872881,22,False
stress,robust_v2,call_e2d538297f0c|lowpass_3400,0,-6.075075496326793,1.2158631581718496e-08,22,False
stress,specialist,call_e2d538297f0c|lowpass_3000,0,-3.5546332364496975,0.08538813796249399,23,False
stress,specialist_silero,call_e2d538297f0c|lowpass_3000,0,-3.947329244830392,0.0614748697355462,22,False
stress,orig_only,call_e2d538297f0c|lowpass_3000,0,-3.8707259133119476,0.02041766342418764,22,False
stress,robust_v2,call_e2d538297f0c|lowpass_3000,0,-5.560790828683159,5.6877128117395095e-08,22,False
stress,specialist,call_e2d538297f0c|pstn_300-3400,0,-8.363312862136148,0.0012161038281050377,22,False
stress,specialist_silero,call_e2d538297f0c|pstn_300-3400,0,-8.159109007228505,0.0014618312181835394,22,False
stress,orig_only,call_e2d538297f0c|pstn_300-3400,0,-6.237477822737261,0.0019509659028429476,22,False
stress,robust_v2,call_e2d538297f0c|pstn_300-3400,0,-6.350794326175343,5.316859731847125e-09,22,False
stress,specialist,call_e2d538297f0c|white_snr20,0,-1.469520078528495,0.37999206777562483,21,False
stress,specialist_silero,call_e2d538297f0c|white_snr20,0,-1.9995299590670543,0.2753013907211264,23,False
stress,orig_only,call_e2d538297f0c|white_snr20,0,-2.4266249424089557,0.08116481363782924,23,False
stress,robust_v2,call_e2d538297f0c|white_snr20,0,-2.654549515765646,0.00034776055744116795,23,False
stress,specialist,call_e2d538297f0c|white_snr10,0,-5.732192561030388,0.012914176314192886,8,False
stress,specialist_silero,call_e2d538297f0c|white_snr10,0,-5.012681950693545,0.02443241085424318,23,False
stress,orig_only,call_e2d538297f0c|white_snr10,0,-4.314646886742634,0.013194838474561748,23,False
stress,robust_v2,call_e2d538297f0c|white_snr10,0,-2.104528766611348,0.0018082492158143777,23,False
stress,specialist,call_e2d538297f0c|pink_snr10,0,-4.320621973981983,0.04467834147879733,19,False
stress,specialist_silero,call_e2d538297f0c|pink_snr10,0,-3.16438971945773,0.1172102982688422,23,False
stress,orig_only,call_e2d538297f0c|pink_snr10,0,-3.6746062733556912,0.02473219489228551,23,False
stress,robust_v2,call_e2d538297f0c|pink_snr10,0,-3.2073506751786107,6.624713926939775e-05,23,False
stress,specialist,call_e2d538297f0c|mulaw_codec,0,-6.633593214594799,0.005766535972006851,23,False
stress,specialist_silero,call_e2d538297f0c|mulaw_codec,0,-6.576392684470523,0.006070170742807144,22,False
stress,orig_only,call_e2d538297f0c|mulaw_codec,0,-4.930439732968807,0.0071715239907268755,22,False
stress,robust_v2,call_e2d538297f0c|mulaw_codec,0,-7.18474141034213,4.356315792730346e-10,22,False
stress,specialist,call_e2d538297f0c|reverb_0.3s,0,-11.642541139022164,6.313157763945843e-05,23,False
stress,specialist_silero,call_e2d538297f0c|reverb_0.3s,0,-11.940823306208072,4.823337423496375e-05,23,False
stress,orig_only,call_e2d538297f0c|reverb_0.3s,0,-9.577739259471064,6.924853901277201e-05,23,False
stress,robust_v2,call_e2d538297f0c|reverb_0.3s,0,-11.591696946517281,7.895323706730542e-16,23,False
stress,specialist,call_e2d538297f0c|tilt_-3dB_oct,0,-8.298525866866111,0.001289231081625389,30,False
stress,specialist_silero,call_e2d538297f0c|tilt_-3dB_oct,0,-5.957647022345792,0.010561808699043794,23,False
stress,orig_only,call_e2d538297f0c|tilt_-3dB_oct,0,-4.5650269466897715,0.010302355314279317,23,False
stress,robust_v2,call_e2d538297f0c|tilt_-3dB_oct,0,-7.000135954307473,7.579468407513457e-10,23,False
stress,specialist,call_e329faf2b6a1|clean,1,8.822930246591568,0.9998491149711776,16,False
stress,specialist_silero,call_e329faf2b6a1|clean,1,8.472650257746379,0.999793030325123,15,False
stress,orig_only,call_e329faf2b6a1|clean,1,6.907227241992951,0.9990004718796224,15,False
stress,robust_v2,call_e329faf2b6a1|clean,1,10.097502477963765,0.9999999999999301,15,False
stress,specialist,call_e329faf2b6a1|gain_-12dB,1,9.52127454802394,0.9999196519543214,16,False
stress,specialist_silero,call_e329faf2b6a1|gain_-12dB,1,8.309558471043905,0.9997602200386296,15,False
stress,orig_only,call_e329faf2b6a1|gain_-12dB,1,6.853778978188832,0.9989456532321019,15,False
stress,robust_v2,call_e329faf2b6a1|gain_-12dB,1,9.86292499701182,0.9999999999998588,15,False
stress,specialist,call_e329faf2b6a1|lowpass_3400,1,9.538381908088923,0.9999208827871008,16,False
stress,specialist_silero,call_e329faf2b6a1|lowpass_3400,1,8.913407643636068,0.9998609437346897,15,False
stress,orig_only,call_e329faf2b6a1|lowpass_3400,1,6.987848746776581,0.9990778211300558,15,False
stress,robust_v2,call_e329faf2b6a1|lowpass_3400,1,10.288517268498738,0.9999999999999607,15,False
stress,specialist,call_e329faf2b6a1|lowpass_3000,1,9.645410509670482,0.9999281665843696,17,False
stress,specialist_silero,call_e329faf2b6a1|lowpass_3000,1,9.447508201003075,0.9999141215701431,16,False
stress,orig_only,call_e329faf2b6a1|lowpass_3000,1,6.864410914480686,0.9989567919675809,16,False
stress,robust_v2,call_e329faf2b6a1|lowpass_3000,1,10.138763904571533,0.9999999999999383,16,False
stress,specialist,call_e329faf2b6a1|pstn_300-3400,1,4.082006944343448,0.9892324732123687,16,False
stress,specialist_silero,call_e329faf2b6a1|pstn_300-3400,1,4.226786457575285,0.9905388095486075,13,False
stress,orig_only,call_e329faf2b6a1|pstn_300-3400,1,4.562358874541062,0.9896704048696974,13,False
stress,robust_v2,call_e329faf2b6a1|pstn_300-3400,1,8.889298860843365,0.9999999999973801,13,False
stress,specialist,call_e329faf2b6a1|white_snr20,1,8.441506896700178,0.9997871321148076,14,False
stress,specialist_silero,call_e329faf2b6a1|white_snr20,1,5.7365642465077915,0.9975605738209057,13,False
stress,orig_only,call_e329faf2b6a1|white_snr20,1,4.686226145579265,0.9908628367548045,13,False
stress,robust_v2,call_e329faf2b6a1|white_snr20,1,10.297254855816181,0.9999999999999616,13,False
stress,specialist,call_e329faf2b6a1|white_snr10,1,8.95807154973348,0.9998664364783771,3,False
stress,specialist_silero,call_e329faf2b6a1|white_snr10,1,1.3392208644321986,0.885458340033784,14,False
stress,orig_only,call_e329faf2b6a1|white_snr10,1,1.4824966724429811,0.8149493921901543,14,False
stress,robust_v2,call_e329faf2b6a1|white_snr10,1,8.338817255837577,0.9999999999863387,14,False
stress,specialist,call_e329faf2b6a1|pink_snr10,1,5.915484441651238,0.9979235492253745,9,False
stress,specialist_silero,call_e329faf2b6a1|pink_snr10,1,4.664785018989018,0.9936081724157352,14,False
stress,orig_only,call_e329faf2b6a1|pink_snr10,1,3.0179023380790437,0.9533763733226188,14,False
stress,robust_v2,call_e329faf2b6a1|pink_snr10,1,8.045602083206177,0.9999999999670757,14,False
stress,specialist,call_e329faf2b6a1|mulaw_codec,1,8.71863355487585,0.9998342259324172,16,False
stress,specialist_silero,call_e329faf2b6a1|mulaw_codec,1,8.408423519134521,0.9997806822998927,15,False
stress,orig_only,call_e329faf2b6a1|mulaw_codec,1,6.914575854937236,0.9990077828413123,15,False
stress,robust_v2,call_e329faf2b6a1|mulaw_codec,1,10.111701862017314,0.9999999999999332,15,False
stress,specialist,call_e329faf2b6a1|reverb_0.3s,1,-2.0375440195202827,0.26851004017159075,16,False
stress,specialist_silero,call_e329faf2b6a1|reverb_0.3s,1,-1.8022313969475883,0.3122036106928252,14,False
stress,orig_only,call_e329faf2b6a1|reverb_0.3s,1,-1.360182238476617,0.20421068535317238,14,False
stress,robust_v2,call_e329faf2b6a1|reverb_0.3s,1,-0.29674928528921946,0.29105868133190965,14,False
stress,specialist,call_e329faf2b6a1|tilt_-3dB_oct,1,5.373790550231933,0.9966188915913634,15,False
stress,specialist_silero,call_e329faf2b6a1|tilt_-3dB_oct,1,7.507558186848958,0.9995056556696726,15,False
stress,orig_only,call_e329faf2b6a1|tilt_-3dB_oct,1,6.097070950269699,0.9977556018331928,15,False
stress,robust_v2,call_e329faf2b6a1|tilt_-3dB_oct,1,8.458017154534657,0.9999999999904459,15,False
stress,specialist,call_e3f555297277|clean,1,10.947923226789994,0.9999778254192349,11,False
stress,specialist_silero,call_e3f555297277|clean,1,9.340972185134888,0.9999054557983477,10,False
stress,orig_only,call_e3f555297277|clean,1,8.54372854232788,0.9998052752015265,10,False
stress,robust_v2,call_e3f555297277|clean,1,12.541101741790772,1.0,10,False
stress,specialist,call_e3f555297277|gain_-12dB,1,11.770114612579345,0.9999894410747944,10,False
stress,specialist_silero,call_e3f555297277|gain_-12dB,1,11.276804129282633,0.9999835198983106,9,False
stress,orig_only,call_e3f555297277|gain_-12dB,1,9.14843331442939,0.9998936249706455,9,False
stress,robust_v2,call_e3f555297277|gain_-12dB,1,12.952308230929905,1.0,9,False
stress,specialist,call_e3f555297277|lowpass_3400,1,11.286971178921787,0.9999836704134226,11,False
stress,specialist_silero,call_e3f555297277|lowpass_3400,1,11.43047449323866,0.9999856539307477,9,False
stress,orig_only,call_e3f555297277|lowpass_3400,1,9.098462528652615,0.9998881748827377,9,False
stress,robust_v2,call_e3f555297277|lowpass_3400,1,12.938258541954887,1.0,9,False
stress,specialist,call_e3f555297277|lowpass_3000,1,11.120179219679398,0.9999810178822098,11,False
stress,specialist_silero,call_e3f555297277|lowpass_3000,1,11.596636666191948,0.9999876516197118,9,False
stress,orig_only,call_e3f555297277|lowpass_3000,1,8.94279342227512,0.9998693415758394,9,False
stress,robust_v2,call_e3f555297277|lowpass_3000,1,12.681098620096842,1.0,9,False
stress,specialist,call_e3f555297277|pstn_300-3400,1,4.972327048128301,0.995149755192478,11,False
stress,specialist_silero,call_e3f555297277|pstn_300-3400,1,5.439545022116767,0.996813069361235,9,False
stress,orig_only,call_e3f555297277|pstn_300-3400,1,4.838829436235958,0.9921458606606318,9,False
stress,robust_v2,call_e3f555297277|pstn_300-3400,1,10.440310531192356,0.9999999999999751,9,False
stress,specialist,call_e3f555297277|white_snr20,1,11.8393890592787,0.9999900809673845,9,False
stress,specialist_silero,call_e3f555297277|white_snr20,1,8.025728967454699,0.9996902412845599,9,False
stress,orig_only,call_e3f555297277|white_snr20,1,6.634700377782186,0.9986877518762872,9,False
stress,robust_v2,call_e3f555297277|white_snr20,1,12.775002320607504,1.0,9,False
stress,specialist,call_e3f555297277|white_snr10,1,8.387587547302246,0.9997765202899586,1,False
stress,specialist_silero,call_e3f555297277|white_snr10,1,4.386435932583279,0.9917978787480292,9,False
stress,orig_only,call_e3f555297277|white_snr10,1,3.4296354055404663,0.9686179870008992,9,False
stress,robust_v2,call_e3f555297277|white_snr10,1,11.37070608139038,0.9999999999999984,9,False
stress,specialist,call_e3f555297277|pink_snr10,1,10.41471801485334,0.9999641220089278,7,False
stress,specialist_silero,call_e3f555297277|pink_snr10,1,6.605540084838867,0.9988849689956232,10,False
stress,orig_only,call_e3f555297277|pink_snr10,1,4.559216833114624,0.9896382346418722,10,False
stress,robust_v2,call_e3f555297277|pink_snr10,1,10.567520380020142,0.9999999999999829,10,False
stress,specialist,call_e3f555297277|mulaw_codec,1,10.785656495527787,0.9999743285170672,11,False
stress,specialist_silero,call_e3f555297277|mulaw_codec,1,9.153473138809204,0.9998880269093346,10,False
stress,orig_only,call_e3f555297277|mulaw_codec,1,8.342142915725708,0.9997617955331185,10,False
stress,robust_v2,call_e3f555297277|mulaw_codec,1,12.440101432800294,1.0,10,False
stress,specialist,call_e3f555297277|reverb_0.3s,1,1.000704848104053,0.8506455228406264,9,False
stress,specialist_silero,call_e3f555297277|reverb_0.3s,1,1.201531457901001,0.8722397628612523,10,False
stress,orig_only,call_e3f555297277|reverb_0.3s,1,-0.09618964791297913,0.47597111233555633,10,False
stress,robust_v2,call_e3f555297277|reverb_0.3s,1,2.490841794013977,0.9994318321721607,10,False
stress,specialist,call_e3f555297277|tilt_-3dB_oct,1,3.815441404070173,0.9863440839270136,14,False
stress,specialist_silero,call_e3f555297277|tilt_-3dB_oct,1,10.579607645670572,0.9999690824392082,9,False
stress,orig_only,call_e3f555297277|tilt_-3dB_oct,1,8.431138197580973,0.9997820742494682,9,False
stress,robust_v2,call_e3f555297277|tilt_-3dB_oct,1,11.69543743133545,0.9999999999999993,9,False
stress,specialist,call_e58669998b76|clean,0,-10.306719160079956,0.0002107317960042689,10,False
stress,specialist_silero,call_e58669998b76|clean,0,-10.531647523244223,0.00017202473831257292,9,False
stress,orig_only,call_e58669998b76|clean,0,-6.459155877431233,0.0015636682597433048,9,False
stress,robust_v2,call_e58669998b76|clean,0,-8.021873712539673,3.5353591245088754e-11,9,False
stress,specialist,call_e58669998b76|gain_-12dB,0,-10.09464681148529,0.0002551691076117285,8,False
stress,specialist_silero,call_e58669998b76|gain_-12dB,0,-10.300510777367485,0.00021191553763530842,9,False
stress,orig_only,call_e58669998b76|gain_-12dB,0,-6.261133246951633,0.0019054434638308532,9,False
stress,robust_v2,call_e58669998b76|gain_-12dB,0,-7.908035516738892,4.9745229306115455e-11,9,False
stress,specialist,call_e58669998b76|lowpass_3400,0,-9.453768825531006,0.00045490432633249516,10,False
stress,specialist_silero,call_e58669998b76|lowpass_3400,0,-9.78003978729248,0.00033891857145942883,9,False
stress,orig_only,call_e58669998b76|lowpass_3400,0,-6.232727593845791,0.0019602372740079505,9,False
stress,robust_v2,call_e58669998b76|lowpass_3400,0,-7.111500945356157,5.426791597693625e-10,9,False
stress,specialist,call_e58669998b76|lowpass_3000,0,-8.600216245651245,0.0009822521598325516,10,False
stress,specialist_silero,call_e58669998b76|lowpass_3000,0,-8.39720090230306,0.0011795187621911273,9,False
stress,orig_only,call_e58669998b76|lowpass_3000,0,-5.516242689556545,0.00400482435961608,9,False
stress,robust_v2,call_e58669998b76|lowpass_3000,0,-6.260855992635091,6.963608844300604e-09,9,False
stress,specialist,call_e58669998b76|pstn_300-3400,0,-12.827673053741455,2.166591022406136e-05,10,False
stress,specialist_silero,call_e58669998b76|pstn_300-3400,0,-13.300124698215061,1.414531576735406e-05,9,False
stress,orig_only,call_e58669998b76|pstn_300-3400,0,-8.394305600060356,0.0002261003284618131,9,False
stress,robust_v2,call_e58669998b76|pstn_300-3400,0,-6.923793209923638,9.530253325542236e-10,9,False
stress,specialist,call_e58669998b76|white_snr20,0,-2.896022751927376,0.1446826985013209,8,False
stress,specialist_silero,call_e58669998b76|white_snr20,0,-4.257763114240435,0.04716308563876507,9,False
stress,orig_only,call_e58669998b76|white_snr20,0,-3.1620659364594355,0.04061847044966145,9,False
stress,robust_v2,call_e58669998b76|white_snr20,0,-2.159402565823661,0.001534204796031409,9,False
stress,specialist,call_e58669998b76|white_snr10,0,-1.9272958040237427,0.2884956201840723,2,False
stress,specialist_silero,call_e58669998b76|white_snr10,0,-6.497840272055732,0.006513197730675224,9,False
stress,orig_only,call_e58669998b76|white_snr10,0,-4.68737694952223,0.009126750123125171,9,False
stress,robust_v2,call_e58669998b76|white_snr10,0,-1.0557620657814875,0.04041553126510594,9,False
stress,specialist,call_e58669998b76|pink_snr10,0,-5.838266186416149,0.011749128661369705,8,False
stress,specialist_silero,call_e58669998b76|pink_snr10,0,-5.5376801109976235,0.015354190606125728,9,False
stress,orig_only,call_e58669998b76|pink_snr10,0,-4.455453740225898,0.011481688100346969,9,False
stress,robust_v2,call_e58669998b76|pink_snr10,0,-1.7979834742016263,0.00452343274271342,9,False
stress,specialist,call_e58669998b76|mulaw_codec,0,-10.372111940383911,0.0001986579630787728,10,False
stress,specialist_silero,call_e58669998b76|mulaw_codec,0,-10.594740337795681,0.0001625051501800392,9,False
stress,orig_only,call_e58669998b76|mulaw_codec,0,-6.578844626744588,0.001387525802593975,9,False
stress,robust_v2,call_e58669998b76|mulaw_codec,0,-8.088130705886417,2.8980668325564855e-11,9,False
stress,specialist,call_e58669998b76|reverb_0.3s,0,-13.525481510162354,1.154223412858384e-05,10,False
stress,specialist_silero,call_e58669998b76|reverb_0.3s,0,-12.666890919208527,2.504901604636017e-05,8,False
stress,orig_only,call_e58669998b76|reverb_0.3s,0,-9.538181960582733,7.204252374623318e-05,8,False
stress,robust_v2,call_e58669998b76|reverb_0.3s,0,-8.507072865962982,8.246612566526435e-12,8,False
stress,specialist,call_e58669998b76|tilt_-3dB_oct,0,-8.746858583556282,0.0008606022360289195,18,False
stress,specialist_silero,call_e58669998b76|tilt_-3dB_oct,0,-9.415398173862034,0.00047092493028273773,9,False
stress,orig_only,call_e58669998b76|tilt_-3dB_oct,0,-6.315327432420519,0.0018051092317466506,9,False
stress,robust_v2,call_e58669998b76|tilt_-3dB_oct,0,-7.97083314259847,4.120343753093949e-11,9,False
stress,specialist,call_e9bd33cdb226|clean,0,-9.728668318854439,0.0003549950990787107,9,False
stress,specialist_silero,call_e9bd33cdb226|clean,0,-10.189254230923122,0.00023429216245097898,9,False
stress,orig_only,call_e9bd33cdb226|clean,0,-6.792390823364258,0.001121024279363835,9,False
stress,robust_v2,call_e9bd33cdb226|clean,0,-8.41129642062717,1.0991605598244014e-11,9,False
stress,specialist,call_e9bd33cdb226|gain_-12dB,0,-9.771945423550076,0.00034140250623638314,9,False
stress,specialist_silero,call_e9bd33cdb226|gain_-12dB,0,-10.389488961961534,0.0001955675340778102,9,False
stress,orig_only,call_e9bd33cdb226|gain_-12dB,0,-6.808426962958442,0.0011032104243160852,9,False
stress,robust_v2,call_e9bd33cdb226|gain_-12dB,0,-8.313883357577854,1.4722413245622858e-11,9,False
stress,specialist,call_e9bd33cdb226|lowpass_3400,0,-8.616715908050537,0.0009677487056688864,9,False
stress,specialist_silero,call_e9bd33cdb226|lowpass_3400,0,-8.880819426642525,0.0007626791543708342,9,False
stress,orig_only,call_e9bd33cdb226|lowpass_3400,0,-6.231795257992214,0.0019620621381972255,9,False
stress,robust_v2,call_e9bd33cdb226|lowpass_3400,0,-7.36793835957845,2.514404134814625e-10,9,False
stress,specialist,call_e9bd33cdb226|lowpass_3000,0,-6.230063173505995,0.008278875815540801,9,False
stress,specialist_silero,call_e9bd33cdb226|lowpass_3000,0,-6.961050457424587,0.004297503065007943,9,False
stress,orig_only,call_e9bd33cdb226|lowpass_3000,0,-5.234859042697483,0.005299342743560335,9,False
stress,robust_v2,call_e9bd33cdb226|lowpass_3000,0,-6.290023856692844,6.380166922959464e-09,9,False
stress,specialist,call_e9bd33cdb226|pstn_300-3400,0,-13.715210139751434,9.725915519289864e-06,8,False
stress,specialist_silero,call_e9bd33cdb226|pstn_300-3400,0,-12.413208603858948,3.1492951164969517e-05,8,False
stress,orig_only,call_e9bd33cdb226|pstn_300-3400,0,-7.459795236587524,0.0005754427318820213,8,False
stress,robust_v2,call_e9bd33cdb226|pstn_300-3400,0,-6.150948382914066,9.683473586692858e-09,8,False
stress,specialist,call_e9bd33cdb226|white_snr20,0,-3.5208579003810883,0.08779885723270636,8,False
stress,specialist_silero,call_e9bd33cdb226|white_snr20,0,-5.229620774586995,0.020175878008978725,9,False
stress,orig_only,call_e9bd33cdb226|white_snr20,0,-4.496234522925483,0.011027934602346632,9,False
stress,robust_v2,call_e9bd33cdb226|white_snr20,0,-4.87578821182251,4.4403383187454427e-07,9,False
stress,specialist,call_e9bd33cdb226|white_snr10,0,-6.595808664957683,0.005965364853610621,3,False
stress,specialist_silero,call_e9bd33cdb226|white_snr10,0,-5.679753753874037,0.013531542182947104,9,False
stress,orig_only,call_e9bd33cdb226|white_snr10,0,-4.954486025704278,0.007002325418471384,9,False
stress,robust_v2,call_e9bd33cdb226|white_snr10,0,-2.7735215425491333,0.0002433991045409667,9,False
stress,specialist,call_e9bd33cdb226|pink_snr10,0,-4.143565314156668,0.05201658313878788,7,False
stress,specialist_silero,call_e9bd33cdb226|pink_snr10,0,-5.62679123878479,0.01418460481021299,9,False
stress,orig_only,call_e9bd33cdb226|pink_snr10,0,-5.03979147805108,0.006433441212898761,9,False
stress,robust_v2,call_e9bd33cdb226|pink_snr10,0,-4.245231078730689,2.9441330034100096e-06,9,False
stress,specialist,call_e9bd33cdb226|mulaw_codec,0,-9.756642288631863,0.0003461484468957413,9,False
stress,specialist_silero,call_e9bd33cdb226|mulaw_codec,0,-10.33779239654541,0.00020490572516472988,9,False
stress,orig_only,call_e9bd33cdb226|mulaw_codec,0,-6.973632441626655,0.0009353701267825541,9,False
stress,robust_v2,call_e9bd33cdb226|mulaw_codec,0,-8.520540078481039,7.920076623607986e-12,9,False
stress,specialist,call_e9bd33cdb226|reverb_0.3s,0,-8.181918462117514,0.001432090545243829,9,False
stress,specialist_silero,call_e9bd33cdb226|reverb_0.3s,0,-7.603790828159878,0.0024106254856911683,7,False
stress,orig_only,call_e9bd33cdb226|reverb_0.3s,0,-5.846861498696463,0.0028806299226205516,7,False
stress,robust_v2,call_e9bd33cdb226|reverb_0.3s,0,-6.913006233317511,9.843705634098672e-10,7,False
stress,specialist,call_e9bd33cdb226|tilt_-3dB_oct,0,-8.790094958411323,0.0008276966138019785,9,False
stress,specialist_silero,call_e9bd33cdb226|tilt_-3dB_oct,0,-8.961106830173069,0.0007094112244847302,9,False
stress,orig_only,call_e9bd33cdb226|tilt_-3dB_oct,0,-5.510027594036526,0.00402969162120955,9,False
stress,robust_v2,call_e9bd33cdb226|tilt_-3dB_oct,0,-6.28941011428833,6.391925081248592e-09,9,False
stress,specialist,call_eed2c7389776|clean,1,11.446765490940638,0.9999858632981878,14,False
stress,specialist_silero,call_eed2c7389776|clean,1,11.21215561720041,0.9999825298315788,13,False
stress,orig_only,call_eed2c7389776|clean,1,8.261134294363169,0.999741700973503,13,False
stress,robust_v2,call_eed2c7389776|clean,1,11.583785387185904,0.9999999999999991,13,False
stress,specialist,call_eed2c7389776|gain_-12dB,1,12.149316719600133,0.9999925010459375,14,False
stress,specialist_silero,call_eed2c7389776|gain_-12dB,1,11.155292162528404,0.999981609940421,13,False
stress,orig_only,call_eed2c7389776|gain_-12dB,1,8.212804464193491,0.9997289143096831,13,False
stress,robust_v2,call_eed2c7389776|gain_-12dB,1,11.519943347344032,0.9999999999999991,13,False
stress,specialist,call_eed2c7389776|lowpass_3400,1,11.829444919313703,0.9999899915533726,14,False
stress,specialist_silero,call_eed2c7389776|lowpass_3400,1,11.704965591430664,0.999988801670692,13,False
stress,orig_only,call_eed2c7389776|lowpass_3400,1,8.418634488032414,0.9997793328674658,13,False
stress,robust_v2,call_eed2c7389776|lowpass_3400,1,11.865163482152498,0.9999999999999996,13,False
stress,specialist,call_eed2c7389776|lowpass_3000,1,12.026082822254725,0.9999916189339474,14,False
stress,specialist_silero,call_eed2c7389776|lowpass_3000,1,11.969322094550499,0.9999911784428027,13,False
stress,orig_only,call_eed2c7389776|lowpass_3000,1,8.252468769366924,0.9997394535364653,13,False
stress,robust_v2,call_eed2c7389776|lowpass_3000,1,11.84056700192965,0.9999999999999996,13,False
stress,specialist,call_eed2c7389776|pstn_300-3400,1,4.3630359300545285,0.9916242961780795,14,False
stress,specialist_silero,call_eed2c7389776|pstn_300-3400,1,3.421148825969015,0.9806211327543493,14,False
stress,orig_only,call_eed2c7389776|pstn_300-3400,1,3.6253644738878523,0.9740518564122879,14,False
stress,robust_v2,call_eed2c7389776|pstn_300-3400,1,8.616382130554744,0.999999999994059,14,False
stress,specialist,call_eed2c7389776|white_snr20,1,10.62437719768948,0.99997030664546,18,False
stress,specialist_silero,call_eed2c7389776|white_snr20,1,7.804863469941275,0.9996219428260665,14,False
stress,orig_only,call_eed2c7389776|white_snr20,1,6.2411141736166815,0.9980561018447559,14,False
stress,robust_v2,call_eed2c7389776|white_snr20,1,11.126624516078405,0.9999999999999969,14,False
stress,specialist,call_eed2c7389776|white_snr10,1,7.946729373931885,0.9996673589558822,5,False
stress,specialist_silero,call_eed2c7389776|white_snr10,1,4.722326057297843,0.9939296527472722,14,False
stress,orig_only,call_eed2c7389776|white_snr10,1,3.7361692786216736,0.9767100814716346,14,False
stress,robust_v2,call_eed2c7389776|white_snr10,1,10.24884101322719,0.9999999999999556,14,False
stress,specialist,call_eed2c7389776|pink_snr10,1,7.964740072979646,0.999672720165548,17,False
stress,specialist_silero,call_eed2c7389776|pink_snr10,1,6.260506136076791,0.9984782653342175,14,False
stress,orig_only,call_eed2c7389776|pink_snr10,1,4.676510725702558,0.990774455707362,14,False
stress,robust_v2,call_eed2c7389776|pink_snr10,1,10.39563056400844,0.9999999999999714,14,False
stress,specialist,call_eed2c7389776|mulaw_codec,1,11.455350773675102,0.9999859724016437,14,False
stress,specialist_silero,call_eed2c7389776|mulaw_codec,1,11.203800293115469,0.9999823976063438,13,False
stress,orig_only,call_eed2c7389776|mulaw_codec,1,8.259185094099779,0.9997411971363934,13,False
stress,robust_v2,call_eed2c7389776|mulaw_codec,1,11.602500090232262,0.9999999999999993,13,False
stress,specialist,call_eed2c7389776|reverb_0.3s,1,3.657447902361552,0.9842842473723349,15,False
stress,specialist_silero,call_eed2c7389776|reverb_0.3s,1,3.4589758834668567,0.9812593173099564,14,False
stress,orig_only,call_eed2c7389776|reverb_0.3s,1,1.9024758892399924,0.8701714908849729,14,False
stress,robust_v2,call_eed2c7389776|reverb_0.3s,1,3.4770986906119754,0.9999705060548906,14,False
stress,specialist,call_eed2c7389776|tilt_-3dB_oct,1,1.7466260024479456,0.9178004104582085,21,False
stress,specialist_silero,call_eed2c7389776|tilt_-3dB_oct,1,10.774231323829063,0.9999740624650817,13,False
stress,orig_only,call_eed2c7389776|tilt_-3dB_oct,1,8.006312333620512,0.9996667593411701,13,False
stress,robust_v2,call_eed2c7389776|tilt_-3dB_oct,1,10.783059523655819,0.9999999999999911,13,False
stress,specialist,call_f1b82a4a46f6|clean,0,-10.03999981880188,0.0002680650782223474,10,False
stress,specialist_silero,call_f1b82a4a46f6|clean,0,-10.605974197387695,0.00016086625983032575,9,False
stress,orig_only,call_f1b82a4a46f6|clean,0,-6.611302084392971,0.001343272792687789,9,False
stress,robust_v2,call_f1b82a4a46f6|clean,0,-8.56514080365499,6.92819075607559e-12,9,False
stress,specialist,call_f1b82a4a46f6|gain_-12dB,0,-9.955448746681213,0.00028931372527807244,8,False
stress,specialist_silero,call_f1b82a4a46f6|gain_-12dB,0,-10.915461487240261,0.00012167039201265245,9,False
stress,orig_only,call_f1b82a4a46f6|gain_-12dB,0,-6.7969877984788685,0.0011158885226971022,9,False
stress,robust_v2,call_f1b82a4a46f6|gain_-12dB,0,-8.525344477759468,7.80674171361382e-12,9,False
stress,specialist,call_f1b82a4a46f6|lowpass_3400,0,-9.672620031568739,0.00037340601957990314,9,False
stress,specialist_silero,call_f1b82a4a46f6|lowpass_3400,0,-10.114056730270386,0.0002507394717636249,10,False
stress,orig_only,call_f1b82a4a46f6|lowpass_3400,0,-6.198824143409729,0.0020276984442926024,10,False
stress,robust_v2,call_f1b82a4a46f6|lowpass_3400,0,-7.241681933403015,3.672252115711625e-10,10,False
stress,specialist,call_f1b82a4a46f6|lowpass_3000,0,-7.7053943210177955,0.0021998856685574064,9,False
stress,specialist_silero,call_f1b82a4a46f6|lowpass_3000,0,-9.306583351559109,0.0005194912984865766,9,False
stress,orig_only,call_f1b82a4a46f6|lowpass_3000,0,-5.762138260735406,0.0031345247590213914,9,False
stress,robust_v2,call_f1b82a4a46f6|lowpass_3000,0,-7.2170127630233765,3.954335771038376e-10,9,False
stress,specialist,call_f1b82a4a46f6|pstn_300-3400,0,-12.615672217475044,2.623398447413389e-05,9,False
stress,specialist_silero,call_f1b82a4a46f6|pstn_300-3400,0,-13.12695058186849,1.6538022830156514e-05,9,False
stress,orig_only,call_f1b82a4a46f6|pstn_300-3400,0,-8.210920969645182,0.0002715966210792137,9,False
stress,robust_v2,call_f1b82a4a46f6|pstn_300-3400,0,-7.01730121506585,7.199037121997191e-10,9,False
stress,specialist,call_f1b82a4a46f6|white_snr20,0,-4.196605642636617,0.049706239597800565,9,False
stress,specialist_silero,call_f1b82a4a46f6|white_snr20,0,-5.191552691989475,0.020866340361097236,9,False
stress,orig_only,call_f1b82a4a46f6|white_snr20,0,-4.236150158776177,0.014256964845917704,9,False
stress,robust_v2,call_f1b82a4a46f6|white_snr20,0,-2.02807844347424,0.0022733261752274116,9,False
stress,specialist,call_f1b82a4a46f6|white_snr10,0,-3.5859870314598083,0.08320413217734834,2,False
stress,specialist_silero,call_f1b82a4a46f6|white_snr10,0,-7.083299994468689,0.003850330770935041,8,False
stress,orig_only,call_f1b82a4a46f6|white_snr10,0,-5.3969312608242035,0.0045100299187954395,8,False
stress,robust_v2,call_f1b82a4a46f6|white_snr10,0,-1.0316410064697266,0.043317161869249395,8,False
stress,specialist,call_f1b82a4a46f6|pink_snr10,0,-4.363430559635162,0.043058118636286696,6,False
stress,specialist_silero,call_f1b82a4a46f6|pink_snr10,0,-7.464310036765204,0.0027331024840462404,9,False
stress,orig_only,call_f1b82a4a46f6|pink_snr10,0,-5.5288911660512285,0.003954687503092281,9,False
stress,robust_v2,call_f1b82a4a46f6|pink_snr10,0,-2.622735732131534,0.00038257347062966966,9,False
stress,specialist,call_f1b82a4a46f6|mulaw_codec,0,-10.116353750228882,0.0002502203706503739,10,False
stress,specialist_silero,call_f1b82a4a46f6|mulaw_codec,0,-10.836027039421928,0.0001307114564562819,9,False
stress,orig_only,call_f1b82a4a46f6|mulaw_codec,0,-6.804438008202447,0.0011076149855092743,9,False
stress,robust_v2,call_f1b82a4a46f6|mulaw_codec,0,-8.748095247480604,4.001764438492377e-12,9,False
stress,specialist,call_f1b82a4a46f6|reverb_0.3s,0,-12.885544856389364,2.056344023136691e-05,12,False
stress,specialist_silero,call_f1b82a4a46f6|reverb_0.3s,0,-12.101809024810791,4.171146905218117e-05,7,False
stress,orig_only,call_f1b82a4a46f6|reverb_0.3s,0,-8.522196974073138,0.0001989621492672846,7,False
stress,robust_v2,call_f1b82a4a46f6|reverb_0.3s,0,-9.059459413800921,1.5724625198018597e-12,7,False
stress,specialist,call_f1b82a4a46f6|tilt_-3dB_oct,0,-10.211871257195106,0.0002295596454485841,13,False
stress,specialist_silero,call_f1b82a4a46f6|tilt_-3dB_oct,0,-12.431579875946046,3.097514500009817e-05,10,False
stress,orig_only,call_f1b82a4a46f6|tilt_-3dB_oct,0,-7.7697502136230465,0.0004221404652733029,10,False
stress,robust_v2,call_f1b82a4a46f6|tilt_-3dB_oct,0,-9.735026526451112,2.0720254964728706e-13,10,False
stress,specialist,call_f6ce5de7ac09|clean,1,10.46695483525594,0.9999657740348552,15,False
stress,specialist_silero,call_f6ce5de7ac09|clean,1,9.074112325906754,0.9998797143362569,16,False
stress,orig_only,call_f6ce5de7ac09|clean,1,6.841786816716194,0.9989329467905521,16,False
stress,robust_v2,call_f6ce5de7ac09|clean,1,8.927690103650093,0.9999999999976652,16,False
stress,specialist,call_f6ce5de7ac09|gain_-12dB,1,11.38353659425463,0.9999850331990451,14,False
stress,specialist_silero,call_f6ce5de7ac09|gain_-12dB,1,10.548969456127711,0.9999682156857643,14,False
stress,orig_only,call_f6ce5de7ac09|gain_-12dB,1,7.24435179574149,0.9992863127649708,14,False
stress,robust_v2,call_f6ce5de7ac09|gain_-12dB,1,9.159251949616841,0.9999999999988343,14,False
stress,specialist,call_f6ce5de7ac09|lowpass_3400,1,10.680295785268148,0.9999717678615307,15,False
stress,specialist_silero,call_f6ce5de7ac09|lowpass_3400,1,10.20226074854533,0.9999565396705197,15,False
stress,orig_only,call_f6ce5de7ac09|lowpass_3400,1,6.831270186106364,0.9989216779354942,15,False
stress,robust_v2,call_f6ce5de7ac09|lowpass_3400,1,8.897867401440939,0.9999999999974467,15,False
stress,specialist,call_f6ce5de7ac09|lowpass_3000,1,11.411400159200033,0.999985404848688,15,False
stress,specialist_silero,call_f6ce5de7ac09|lowpass_3000,1,10.695812304814657,0.9999721604269881,15,False
stress,orig_only,call_f6ce5de7ac09|lowpass_3000,1,6.57529247601827,0.9986075436077051,15,False
stress,robust_v2,call_f6ce5de7ac09|lowpass_3000,1,8.84496139685313,0.9999999999970075,15,False
stress,specialist,call_f6ce5de7ac09|pstn_300-3400,1,3.1326958499848843,0.9750030941044263,16,False
stress,specialist_silero,call_f6ce5de7ac09|pstn_300-3400,1,4.263482560714086,0.9908441771994727,12,False
stress,orig_only,call_f6ce5de7ac09|pstn_300-3400,1,3.656233102083206,0.9748207435389394,12,False
stress,robust_v2,call_f6ce5de7ac09|pstn_300-3400,1,8.650423934062323,0.9999999999946358,12,False
stress,specialist,call_f6ce5de7ac09|white_snr20,1,10.501508932847242,0.9999668248112142,13,False
stress,specialist_silero,call_f6ce5de7ac09|white_snr20,1,6.498013325532278,0.9987714849854452,15,False
stress,orig_only,call_f6ce5de7ac09|white_snr20,1,4.7224328994750975,0.9911848822055883,15,False
stress,robust_v2,call_f6ce5de7ac09|white_snr20,1,8.224061059951783,0.9999999999807245,15,False
stress,specialist,call_f6ce5de7ac09|white_snr10,1,8.835031509399414,0.9998507535448978,1,False
stress,specialist_silero,call_f6ce5de7ac09|white_snr10,1,3.65307518641154,0.9842230883684476,15,False
stress,orig_only,call_f6ce5de7ac09|white_snr10,1,2.1397866169611612,0.8947105107173057,15,False
stress,robust_v2,call_f6ce5de7ac09|white_snr10,1,6.758034785588582,0.9999999984330024,15,False
stress,specialist,call_f6ce5de7ac09|pink_snr10,1,7.085303788835352,0.9992765245767747,11,False
stress,specialist_silero,call_f6ce5de7ac09|pink_snr10,1,6.118801812330882,0.9982710324636773,15,False
stress,orig_only,call_f6ce5de7ac09|pink_snr10,1,3.4625378449757895,0.9696028542537433,15,False
stress,robust_v2,call_f6ce5de7ac09|pink_snr10,1,8.394725449879964,0.9999999999884481,15,False
stress,specialist,call_f6ce5de7ac09|mulaw_codec,1,10.49059591293335,0.9999664964836499,15,False
stress,specialist_silero,call_f6ce5de7ac09|mulaw_codec,1,8.952218249440193,0.9998657291825126,16,False
stress,orig_only,call_f6ce5de7ac09|mulaw_codec,1,6.77942755818367,0.9988643655959586,16,False
stress,robust_v2,call_f6ce5de7ac09|mulaw_codec,1,8.89420571923256,0.9999999999974185,16,False
stress,specialist,call_f6ce5de7ac09|reverb_0.3s,1,3.2694499512513477,0.9778409784592246,15,False
stress,specialist_silero,call_f6ce5de7ac09|reverb_0.3s,1,3.533586229596819,0.9824582169441581,14,False
stress,orig_only,call_f6ce5de7ac09|reverb_0.3s,1,1.8228797039815359,0.8609113100241955,14,False
stress,robust_v2,call_f6ce5de7ac09|reverb_0.3s,1,2.4854735572423254,0.9994226132422293,14,False
stress,specialist,call_f6ce5de7ac09|tilt_-3dB_oct,1,10.276937552860804,0.9999593719264396,14,False
stress,specialist_silero,call_f6ce5de7ac09|tilt_-3dB_oct,1,8.614956600325447,0.9998179697562898,14,False
stress,orig_only,call_f6ce5de7ac09|tilt_-3dB_oct,1,5.900475450924465,0.9972693342954687,14,False
stress,robust_v2,call_f6ce5de7ac09|tilt_-3dB_oct,1,7.0533492884465625,0.9999999993538877,14,False
stress,specialist,call_f9fbabf70f7e|clean,1,13.157728415269117,0.9999969816004504,13,False
stress,specialist_silero,call_f9fbabf70f7e|clean,1,12.975860404968262,0.9999964432293355,10,False
stress,orig_only,call_f9fbabf70f7e|clean,1,10.594393920898437,0.9999749445446742,10,False
stress,robust_v2,call_f9fbabf70f7e|clean,1,15.00606460571289,1.0,10,False
stress,specialist,call_f9fbabf70f7e|gain_-12dB,1,13.16210101200984,0.9999969934877025,13,False
stress,specialist_silero,call_f9fbabf70f7e|gain_-12dB,1,12.96869945526123,0.9999964201697124,10,False
stress,orig_only,call_f9fbabf70f7e|gain_-12dB,1,10.586974334716796,0.9999747579569106,10,False
stress,robust_v2,call_f9fbabf70f7e|gain_-12dB,1,14.9965895652771,1.0,10,False
stress,specialist,call_f9fbabf70f7e|lowpass_3400,1,13.333521329439604,0.9999974243991664,13,False
stress,specialist_silero,call_f9fbabf70f7e|lowpass_3400,1,13.32115125656128,0.9999973954857599,10,False
stress,orig_only,call_f9fbabf70f7e|lowpass_3400,1,10.73942527770996,0.9999783270788704,10,False
stress,robust_v2,call_f9fbabf70f7e|lowpass_3400,1,15.239040184020997,1.0,10,False
stress,specialist,call_f9fbabf70f7e|lowpass_3000,1,13.420136891878569,0.999997618056369,13,False
stress,specialist_silero,call_f9fbabf70f7e|lowpass_3000,1,13.660308933258056,0.9999980822090555,10,False
stress,orig_only,call_f9fbabf70f7e|lowpass_3000,1,10.566381597518921,0.9999742327786748,10,False
stress,robust_v2,call_f9fbabf70f7e|lowpass_3000,1,14.910251331329345,1.0,10,False
stress,specialist,call_f9fbabf70f7e|pstn_300-3400,1,7.883909026781718,0.9996479628209479,12,False
stress,specialist_silero,call_f9fbabf70f7e|pstn_300-3400,1,7.111864113807679,0.9992936475442673,10,False
stress,orig_only,call_f9fbabf70f7e|pstn_300-3400,1,6.721670722961425,0.9987969250269693,10,False
stress,robust_v2,call_f9fbabf70f7e|pstn_300-3400,1,12.972161197662354,1.0,10,False
stress,specialist,call_f9fbabf70f7e|white_snr20,1,11.757619698842367,0.9999893213394346,12,False
stress,specialist_silero,call_f9fbabf70f7e|white_snr20,1,10.588618659973145,0.9999693328333509,10,False
stress,orig_only,call_f9fbabf70f7e|white_snr20,1,8.3273681640625,0.99975825085067,10,False
stress,robust_v2,call_f9fbabf70f7e|white_snr20,1,15.070266056060792,1.0,10,False
stress,specialist,call_f9fbabf70f7e|white_snr10,1,6.090375319123268,0.9982261842859027,4,False
stress,specialist_silero,call_f9fbabf70f7e|white_snr10,1,5.715822842988101,0.9975145969696401,11,False
stress,orig_only,call_f9fbabf70f7e|white_snr10,1,4.4094436385414815,0.9879841926781039,11,False
stress,robust_v2,call_f9fbabf70f7e|white_snr10,1,12.542485107075084,1.0,11,False
stress,specialist,call_f9fbabf70f7e|pink_snr10,1,6.645603212443265,0.9989245202619378,11,False
stress,specialist_silero,call_f9fbabf70f7e|pink_snr10,1,5.479274415969849,0.9969249636588987,10,False
stress,orig_only,call_f9fbabf70f7e|pink_snr10,1,4.297868925333023,0.9865849063519455,10,False
stress,robust_v2,call_f9fbabf70f7e|pink_snr10,1,10.576423358917236,0.9999999999999833,10,False
stress,specialist,call_f9fbabf70f7e|mulaw_codec,1,13.067770224351149,0.9999967263378929,13,False
stress,specialist_silero,call_f9fbabf70f7e|mulaw_codec,1,12.784453868865967,0.9999957725997572,10,False
stress,orig_only,call_f9fbabf70f7e|mulaw_codec,1,10.466062450408936,0.999971513803946,10,False
stress,robust_v2,call_f9fbabf70f7e|mulaw_codec,1,14.892822647094727,1.0,10,False
stress,specialist,call_f9fbabf70f7e|reverb_0.3s,1,2.096782616029183,0.9387064694431916,12,False
stress,specialist_silero,call_f9fbabf70f7e|reverb_0.3s,1,1.7389884889125824,0.9172789230545906,10,False
stress,orig_only,call_f9fbabf70f7e|reverb_0.3s,1,0.38365623652935027,0.5947546391822739,10,False
stress,robust_v2,call_f9fbabf70f7e|reverb_0.3s,1,1.2208961486816405,0.9749787069175552,10,False
stress,specialist,call_f9fbabf70f7e|tilt_-3dB_oct,1,12.725011752201961,0.9999955396353677,13,False
stress,specialist_silero,call_f9fbabf70f7e|tilt_-3dB_oct,1,13.161723136901855,0.9999969924622697,10,False
stress,orig_only,call_f9fbabf70f7e|tilt_-3dB_oct,1,10.575200080871582,0.9999744590017454,10,False
stress,robust_v2,call_f9fbabf70f7e|tilt_-3dB_oct,1,14.961454963684082,1.0,10,False
stress,specialist,call_fa26d1186721|clean,0,-9.656464338302612,0.0003788879730900828,10,False
stress,specialist_silero,call_fa26d1186721|clean,0,-9.502982009540904,0.00043515158470248716,11,False
stress,orig_only,call_fa26d1186721|clean,0,-5.661447134884921,0.003465429905099084,11,False
stress,robust_v2,call_fa26d1186721|clean,0,-7.40370098027316,2.258606406726029e-10,11,False
stress,specialist,call_fa26d1186721|gain_-12dB,0,-9.592308712005615,0.00040146294875766,10,False
stress,specialist_silero,call_fa26d1186721|gain_-12dB,0,-9.051567395528158,0.0006538348702591242,9,False
stress,orig_only,call_fa26d1186721|gain_-12dB,0,-5.555251412921482,0.003852199284563297,9,False
stress,robust_v2,call_fa26d1186721|gain_-12dB,0,-7.621732393900554,1.1742783023451974e-10,9,False
stress,specialist,call_fa26d1186721|lowpass_3400,0,-8.77400279045105,0.0008397942744970354,10,False
stress,specialist_silero,call_fa26d1186721|lowpass_3400,0,-7.888510068257649,0.001865422743594362,9,False
stress,orig_only,call_fa26d1186721|lowpass_3400,0,-5.199489672978719,0.0054890840482599125,9,False
stress,robust_v2,call_fa26d1186721|lowpass_3400,0,-6.886202143298255,1.0667956182977578e-09,9,False
stress,specialist,call_fa26d1186721|lowpass_3000,0,-7.8155203580856325,0.0019921815034917457,10,False
stress,specialist_silero,call_fa26d1186721|lowpass_3000,0,-7.022014061609904,0.004068391170999077,9,False
stress,orig_only,call_fa26d1186721|lowpass_3000,0,-4.824258989757961,0.007968496851734118,9,False
stress,robust_v2,call_fa26d1186721|lowpass_3000,0,-6.528590083122253,3.118947435421422e-09,9,False
stress,specialist,call_fa26d1186721|pstn_300-3400,0,-10.043170690536499,0.00026729929683320984,10,False
stress,specialist_silero,call_fa26d1186721|pstn_300-3400,0,-10.041336953639984,0.00026774188639484706,8,False
stress,orig_only,call_fa26d1186721|pstn_300-3400,0,-6.2914063930511475,0.0018487291291172105,8,False
stress,robust_v2,call_fa26d1186721|pstn_300-3400,0,-5.875506341457367,2.2125854031625006e-08,8,False
stress,specialist,call_fa26d1186721|white_snr20,0,-2.995780870318413,0.1338943104075317,8,False
stress,specialist_silero,call_fa26d1186721|white_snr20,0,-5.718560836531899,0.013071937552942146,11,False
stress,orig_only,call_fa26d1186721|white_snr20,0,-3.617878546091643,0.026138022134482165,11,False
stress,robust_v2,call_fa26d1186721|white_snr20,0,-3.858200279149142,9.401792087210113e-06,11,False
stress,specialist,call_fa26d1186721|white_snr10,0,-0.979852020740509,0.488082038276888,1,False
stress,specialist_silero,call_fa26d1186721|white_snr10,0,-4.29277425342136,0.045763353640778756,9,False
stress,orig_only,call_fa26d1186721|white_snr10,0,-3.508196128739251,0.029079923603673126,9,False
stress,robust_v2,call_fa26d1186721|white_snr10,0,-0.02873003813955519,0.47846580073487804,9,False
stress,specialist,call_fa26d1186721|pink_snr10,0,-2.6586594104766847,0.1732565665246615,5,False
stress,specialist_silero,call_fa26d1186721|pink_snr10,0,-4.798122092253632,0.029498334862963063,9,False
stress,orig_only,call_fa26d1186721|pink_snr10,0,-3.9914422598150043,0.018137987963022382,9,False
stress,robust_v2,call_fa26d1186721|pink_snr10,0,-2.3061328397856817,0.0009884352276395402,9,False
stress,specialist,call_fa26d1186721|mulaw_codec,0,-9.659763360023499,0.0003777620498136489,10,False
stress,specialist_silero,call_fa26d1186721|mulaw_codec,0,-9.369093483144587,0.0004910108755767936,11,False
stress,orig_only,call_fa26d1186721|mulaw_codec,0,-5.660538044842807,0.0034685707930329395,11,False
stress,robust_v2,call_fa26d1186721|mulaw_codec,0,-7.261245337399569,3.462929535506923e-10,11,False
stress,specialist,call_fa26d1186721|reverb_0.3s,0,-8.148501896858216,0.0014758708715218467,10,False
stress,specialist_silero,call_fa26d1186721|reverb_0.3s,0,-7.357319699393378,0.0030093190974890007,9,False
stress,orig_only,call_fa26d1186721|reverb_0.3s,0,-7.173575666215685,0.0007659896122493032,9,False
stress,robust_v2,call_fa26d1186721|reverb_0.3s,0,-7.124944713380602,5.212276920993601e-10,9,False
stress,specialist,call_fa26d1186721|tilt_-3dB_oct,0,-9.074203082493373,0.0006406225700517107,14,False
stress,specialist_silero,call_fa26d1186721|tilt_-3dB_oct,0,-7.437406277656555,0.0028000843421223318,10,False
stress,orig_only,call_fa26d1186721|tilt_-3dB_oct,0,-4.9735238432884215,0.006871184692663168,10,False
stress,robust_v2,call_fa26d1186721|tilt_-3dB_oct,0,-6.828311967849731,1.2691278498092245e-09,10,False
stress,specialist,call_fa9e18dd83dd|clean,1,11.381389822278704,0.999985004175372,14,False
stress,specialist_silero,call_fa9e18dd83dd|clean,1,9.95459430558341,0.999945655452231,14,False
stress,orig_only,call_fa9e18dd83dd|clean,1,8.971271003995623,0.9998730094650955,14,False
stress,robust_v2,call_fa9e18dd83dd|clean,1,12.13440830366952,0.9999999999999998,14,False
stress,specialist,call_fa9e18dd83dd|gain_-12dB,1,11.82997041940689,0.9999899962985821,16,False
stress,specialist_silero,call_fa9e18dd83dd|gain_-12dB,1,10.541095648493085,0.9999679890382978,14,False
stress,orig_only,call_fa9e18dd83dd|gain_-12dB,1,8.977522850036621,0.9998738008139028,14,False
stress,robust_v2,call_fa9e18dd83dd|gain_-12dB,1,11.787894453321185,0.9999999999999996,14,False
stress,specialist,call_fa9e18dd83dd|lowpass_3400,1,11.792171614510673,0.9999896491736555,14,False
stress,specialist_silero,call_fa9e18dd83dd|lowpass_3400,1,11.797017867748554,0.9999896943437009,13,False
stress,orig_only,call_fa9e18dd83dd|lowpass_3400,1,9.518295288085938,0.9999265105559356,13,False
stress,robust_v2,call_fa9e18dd83dd|lowpass_3400,1,12.868620248941275,1.0,13,False
stress,specialist,call_fa9e18dd83dd|lowpass_3000,1,11.967628683362689,0.9999911649513425,14,False
stress,specialist_silero,call_fa9e18dd83dd|lowpass_3000,1,11.649037974221367,0.9999882219703086,14,False
stress,orig_only,call_fa9e18dd83dd|lowpass_3000,1,9.033006531851631,0.9998806112912054,14,False
stress,robust_v2,call_fa9e18dd83dd|lowpass_3000,1,12.145207915987287,0.9999999999999998,14,False
stress,specialist,call_fa9e18dd83dd|pstn_300-3400,1,6.7718941156680765,0.9990402558705637,13,False
stress,specialist_silero,call_fa9e18dd83dd|pstn_300-3400,1,7.009450178879958,0.9992253049869088,13,False
stress,orig_only,call_fa9e18dd83dd|pstn_300-3400,1,6.384491205215454,0.9983153160673316,13,False
stress,robust_v2,call_fa9e18dd83dd|pstn_300-3400,1,11.062431738926815,0.9999999999999962,13,False
stress,specialist,call_fa9e18dd83dd|white_snr20,1,11.283142471313477,0.9999836138944828,15,False
stress,specialist_silero,call_fa9e18dd83dd|white_snr20,1,8.302988490888051,0.9997587944851293,14,False
stress,orig_only,call_fa9e18dd83dd|white_snr20,1,6.640230366161892,0.9986949791212875,14,False
stress,robust_v2,call_fa9e18dd83dd|white_snr20,1,11.564856461116246,0.9999999999999991,14,False
stress,specialist,call_fa9e18dd83dd|white_snr10,1,9.018030166625977,0.9998734706174992,5,False
stress,specialist_silero,call_fa9e18dd83dd|white_snr10,1,4.381206750869751,0.9917594005605322,14,False
stress,orig_only,call_fa9e18dd83dd|white_snr10,1,3.3609550382409776,0.9664617465866323,14,False
stress,robust_v2,call_fa9e18dd83dd|white_snr10,1,10.099454641342163,0.9999999999999305,14,False
stress,specialist,call_fa9e18dd83dd|pink_snr10,1,8.551533720710061,0.9998072492096964,11,False
stress,specialist_silero,call_fa9e18dd83dd|pink_snr10,1,6.6556543452399115,0.9989342210983849,14,False
stress,orig_only,call_fa9e18dd83dd|pink_snr10,1,5.012301530156817,0.9933884360358048,14,False
stress,robust_v2,call_fa9e18dd83dd|pink_snr10,1,9.944552217211042,0.9999999999998894,14,False
stress,specialist,call_fa9e18dd83dd|mulaw_codec,1,11.321405683244977,0.9999841700507849,14,False
stress,specialist_silero,call_fa9e18dd83dd|mulaw_codec,1,9.93809802191598,0.9999448404138493,14,False
stress,orig_only,call_fa9e18dd83dd|mulaw_codec,1,8.906461885997228,0.9998645079224007,14,False
stress,robust_v2,call_fa9e18dd83dd|mulaw_codec,1,12.063072545187813,0.9999999999999998,14,False
stress,specialist,call_fa9e18dd83dd|reverb_0.3s,1,-1.4033447865928923,0.394159287306819,14,False
stress,specialist_silero,call_fa9e18dd83dd|reverb_0.3s,1,-1.2756236473719278,0.4219923229196448,15,False
stress,orig_only,call_fa9e18dd83dd|reverb_0.3s,1,-1.5653196255366006,0.17288464009074234,15,False
stress,robust_v2,call_fa9e18dd83dd|reverb_0.3s,1,-0.5623703241348267,0.1561561533030203,15,False
stress,specialist,call_fa9e18dd83dd|tilt_-3dB_oct,1,10.259731515248616,0.9999587361732638,15,False
stress,specialist_silero,call_fa9e18dd83dd|tilt_-3dB_oct,1,9.784962688173566,0.999936666185465,14,False
stress,orig_only,call_fa9e18dd83dd|tilt_-3dB_oct,1,8.103999410356794,0.999697763789473,14,False
stress,robust_v2,call_fa9e18dd83dd|tilt_-3dB_oct,1,10.17560681274959,0.9999999999999447,14,False
stress,specialist,call_fb1405943fed|clean,0,-10.019556050117199,0.00027305528147100093,13,False
stress,specialist_silero,call_fb1405943fed|clean,0,-8.60518052842882,0.0009778657886544203,9,False
stress,orig_only,call_fb1405943fed|clean,0,-5.451104111141628,0.00427322489376009,9,False
stress,robust_v2,call_fb1405943fed|clean,0,-6.320546382003361,5.821900094120392e-09,9,False
stress,specialist,call_fb1405943fed|gain_-12dB,0,-8.238452236760747,0.00136095630271459,11,False
stress,specialist_silero,call_fb1405943fed|gain_-12dB,0,-8.783088578118218,0.0008329422714336409,9,False
stress,orig_only,call_fb1405943fed|gain_-12dB,0,-5.5310836633046465,0.003946060537235159,9,False
stress,robust_v2,call_fb1405943fed|gain_-12dB,0,-6.505378743012746,3.343872627265e-09,9,False
stress,specialist,call_fb1405943fed|lowpass_3400,0,-8.766537100076675,0.0008454666190580111,13,False
stress,specialist_silero,call_fb1405943fed|lowpass_3400,0,-6.643496163189411,0.005715523751076368,8,False
stress,orig_only,call_fb1405943fed|lowpass_3400,0,-4.782105330377817,0.008308727853067506,8,False
stress,robust_v2,call_fb1405943fed|lowpass_3400,0,-5.215848304331303,1.6008753571756868e-07,8,False
stress,specialist,call_fb1405943fed|lowpass_3000,0,-7.094895592102637,0.0038104019892017727,13,False
stress,specialist_silero,call_fb1405943fed|lowpass_3000,0,-5.557942420244217,0.015080174981857536,8,False
stress,orig_only,call_fb1405943fed|lowpass_3000,0,-4.486550435423851,0.01113405402486438,8,False
stress,robust_v2,call_fb1405943fed|lowpass_3000,0,-4.47324188798666,1.4855475256711793e-06,8,False
stress,specialist,call_fb1405943fed|pstn_300-3400,0,-10.456454952557882,0.0001841008605854234,12,False
stress,specialist_silero,call_fb1405943fed|pstn_300-3400,0,-9.997894968305316,0.0002784439903778551,7,False
stress,orig_only,call_fb1405943fed|pstn_300-3400,0,-6.945646217891148,0.0009618918144440765,7,False
stress,robust_v2,call_fb1405943fed|pstn_300-3400,0,-5.134768928800311,2.0417119771090656e-07,7,False
stress,specialist,call_fb1405943fed|white_snr20,0,-6.413837733368079,0.00702254595365154,9,False
stress,specialist_silero,call_fb1405943fed|white_snr20,0,-7.760792756080628,0.0020928323655573892,10,False
stress,orig_only,call_fb1405943fed|white_snr20,0,-5.4311988115310665,0.004358762461173024,10,False
stress,robust_v2,call_fb1405943fed|white_snr20,0,-5.635393810272217,4.547143654828137e-08,10,False
stress,specialist,call_fb1405943fed|white_snr10,0,-4.506675583975656,0.03803528993078727,7,False
stress,specialist_silero,call_fb1405943fed|white_snr10,0,-5.600800776481629,0.014516351850532397,10,False
stress,orig_only,call_fb1405943fed|white_snr10,0,-4.730828762054443,0.008742061396166323,10,False
stress,robust_v2,call_fb1405943fed|white_snr10,0,-3.1171991258859633,8.681907516275747e-05,10,False
stress,specialist,call_fb1405943fed|pink_snr10,0,-7.515770299094064,0.002609402100671513,7,False
stress,specialist_silero,call_fb1405943fed|pink_snr10,0,-6.972766542434693,0.0042524963572259985,10,False
stress,orig_only,call_fb1405943fed|pink_snr10,0,-6.030791568756103,0.002397827223145232,10,False
stress,robust_v2,call_fb1405943fed|pink_snr10,0,-4.197337180376053,3.399048766032575e-06,10,False
stress,specialist,call_fb1405943fed|mulaw_codec,0,-9.886614249302792,0.0003078500503748239,13,False
stress,specialist_silero,call_fb1405943fed|mulaw_codec,0,-8.492125312487284,0.0010827875909314962,9,False
stress,orig_only,call_fb1405943fed|mulaw_codec,0,-5.563670655091603,0.003820026205791762,9,False
stress,robust_v2,call_fb1405943fed|mulaw_codec,0,-6.280479894744025,6.565483453857387e-09,9,False
stress,specialist,call_fb1405943fed|reverb_0.3s,0,-10.09006220953805,0.00025622675375741415,14,False
stress,specialist_silero,call_fb1405943fed|reverb_0.3s,0,-6.472969341278076,0.006660053280634754,5,False
stress,orig_only,call_fb1405943fed|reverb_0.3s,0,-7.457979583740235,0.0005764878823277058,5,False
stress,robust_v2,call_fb1405943fed|reverb_0.3s,0,-6.4592857837677,3.839754690218926e-09,5,False
stress,specialist,call_fb1405943fed|tilt_-3dB_oct,0,-8.933190168756427,0.0007274975714546665,33,False
stress,specialist_silero,call_fb1405943fed|tilt_-3dB_oct,0,-6.238190991537912,0.008218870100549676,7,False
stress,orig_only,call_fb1405943fed|tilt_-3dB_oct,0,-4.128597668239048,0.015850174019289686,7,False
stress,robust_v2,call_fb1405943fed|tilt_-3dB_oct,0,-5.959287490163531,1.7208498304121546e-08,7,False
stress,specialist,call_fc8bda4b3374|clean,1,11.260537930897303,0.9999832761994992,14,False
stress,specialist_silero,call_fc8bda4b3374|clean,1,11.510959897722516,0.9999866589876729,14,False
stress,orig_only,call_fc8bda4b3374|clean,1,7.8676729542868475,0.999617222166163,14,False
stress,robust_v2,call_fc8bda4b3374|clean,1,10.736132792064122,0.9999999999999898,14,False
stress,specialist,call_fc8bda4b3374|gain_-12dB,1,11.958228613649096,0.9999910896846628,14,False
stress,specialist_silero,call_fc8bda4b3374|gain_-12dB,1,11.661670464735765,0.9999883554781039,13,False
stress,orig_only,call_fc8bda4b3374|gain_-12dB,1,8.167383835865902,0.999716321089154,13,False
stress,robust_v2,call_fc8bda4b3374|gain_-12dB,1,11.045643402979923,0.999999999999996,13,False
stress,specialist,call_fc8bda4b3374|lowpass_3400,1,11.639096583638873,0.9999881158282609,14,False
stress,specialist_silero,call_fc8bda4b3374|lowpass_3400,1,11.56703588792256,0.9999873173134907,14,False
stress,orig_only,call_fc8bda4b3374|lowpass_3400,1,7.833832063845226,0.9996040521669406,14,False
stress,robust_v2,call_fc8bda4b3374|lowpass_3400,1,10.798502308981758,0.9999999999999916,14,False
stress,specialist,call_fc8bda4b3374|lowpass_3000,1,11.942330258233207,0.999990960923819,14,False
stress,specialist_silero,call_fc8bda4b3374|lowpass_3000,1,12.005369561059135,0.9999914607972555,14,False
stress,orig_only,call_fc8bda4b3374|lowpass_3000,1,7.409453111035483,0.9993948646642768,14,False
stress,robust_v2,call_fc8bda4b3374|lowpass_3000,1,10.64018508366176,0.9999999999999862,14,False
stress,specialist,call_fc8bda4b3374|pstn_300-3400,1,3.4051931415285384,0.9803455977663107,14,False
stress,specialist_silero,call_fc8bda4b3374|pstn_300-3400,1,5.372074592113495,0.9966136694075521,10,False
stress,orig_only,call_fc8bda4b3374|pstn_300-3400,1,4.723882627487183,0.9911975400601036,10,False
stress,robust_v2,call_fc8bda4b3374|pstn_300-3400,1,9.920528936386109,0.9999999999998812,10,False
stress,specialist,call_fc8bda4b3374|white_snr20,1,9.653734390552227,0.9999287041289275,13,False
stress,specialist_silero,call_fc8bda4b3374|white_snr20,1,7.077698459992042,0.9992715456039885,13,False
stress,orig_only,call_fc8bda4b3374|white_snr20,1,5.32418494958144,0.9951513038189634,13,False
stress,robust_v2,call_fc8bda4b3374|white_snr20,1,9.260468831429115,0.9999999999991396,13,False
stress,specialist,call_fc8bda4b3374|white_snr10,1,6.03408732265234,0.998133924280842,4,False
stress,specialist_silero,call_fc8bda4b3374|white_snr10,1,3.7102297165177087,0.985004323727038,11,False
stress,orig_only,call_fc8bda4b3374|white_snr10,1,2.4216275079683824,0.9184617113169335,11,False
stress,robust_v2,call_fc8bda4b3374|white_snr10,1,7.69920551776886,0.9999999999069251,11,False
stress,specialist,call_fc8bda4b3374|pink_snr10,1,6.833037038644155,0.9990917317171453,12,False
stress,specialist_silero,call_fc8bda4b3374|pink_snr10,1,5.20977724591891,0.9960816204813772,12,False
stress,orig_only,call_fc8bda4b3374|pink_snr10,1,3.5312123149633408,0.9715629257961186,12,False
stress,robust_v2,call_fc8bda4b3374|pink_snr10,1,8.185184399286905,0.99999999997834,12,False
stress,specialist,call_fc8bda4b3374|mulaw_codec,1,11.109729588031769,0.999980838032428,14,False
stress,specialist_silero,call_fc8bda4b3374|mulaw_codec,1,11.425914440836225,0.9999855947727263,14,False
stress,orig_only,call_fc8bda4b3374|mulaw_codec,1,7.757669253008706,0.9995727309345734,14,False
stress,robust_v2,call_fc8bda4b3374|mulaw_codec,1,10.71752427305494,0.9999999999999891,14,False
stress,specialist,call_fc8bda4b3374|reverb_0.3s,1,1.789376248206411,0.920664471524025,14,False
stress,specialist_silero,call_fc8bda4b3374|reverb_0.3s,1,2.8883895754814146,0.9690281326265595,10,False
stress,orig_only,call_fc8bda4b3374|reverb_0.3s,1,1.1145509690046311,0.7529765788640577,10,False
stress,robust_v2,call_fc8bda4b3374|reverb_0.3s,1,0.7944490775465965,0.9155486003991106,10,False
stress,specialist,call_fc8bda4b3374|tilt_-3dB_oct,1,1.4573848969057988,0.8958372297996435,19,False
stress,specialist_silero,call_fc8bda4b3374|tilt_-3dB_oct,1,9.488599547973045,0.9999172476077133,13,False
stress,orig_only,call_fc8bda4b3374|tilt_-3dB_oct,1,6.7891582938341,0.9988753501953405,13,False
stress,robust_v2,call_fc8bda4b3374|tilt_-3dB_oct,1,8.653791051644545,0.9999999999946898,13,False
